type,rep,outcome,yvar,coef
true,0,Workload,y11,5.621769478856383
true,0,Overload,y12,17.86270298737458
true,0,Heatstroke,y23,1.716099821009708
true,0,Severe heatstroke,y24,.7301907486017771
true,0,Mild cold hypothermia,y33,4.225801642881657
true,0,Moderate cold hypothermia,y34,.9867202155030013
placebo,1,Workload,y11,-.3187517756214644
placebo,1,Overload,y12,1.819094326566583
placebo,1,Heatstroke,y23,-.2796715623893575
placebo,1,Severe heatstroke,y24,.0490771987045648
placebo,1,Mild cold hypothermia,y33,-1.602366339621307
placebo,1,Moderate cold hypothermia,y34,.6618049213975942
placebo,2,Workload,y11,-1.455955019408345
placebo,2,Overload,y12,-2.758550368047147
placebo,2,Heatstroke,y23,.1961135714295311
placebo,2,Severe heatstroke,y24,-.000757135568801
placebo,2,Mild cold hypothermia,y33,-.9115223732624601
placebo,2,Moderate cold hypothermia,y34,-.4415775523793283
placebo,3,Workload,y11,.2549999528056965
placebo,3,Overload,y12,-.7626600269583128
placebo,3,Heatstroke,y23,.0247499818921201
placebo,3,Severe heatstroke,y24,.1925686075007708
placebo,3,Mild cold hypothermia,y33,-.0778178132417418
placebo,3,Moderate cold hypothermia,y34,.0620975559457542
placebo,4,Workload,y11,-.3363289996815544
placebo,4,Overload,y12,1.25748578042625
placebo,4,Heatstroke,y23,.1785415846499661
placebo,4,Severe heatstroke,y24,.1782712843172685
placebo,4,Mild cold hypothermia,y33,-.5850817149339019
placebo,4,Moderate cold hypothermia,y34,-.4275170882778663
placebo,5,Workload,y11,-.0411008012046041
placebo,5,Overload,y12,-1.175984102443426
placebo,5,Heatstroke,y23,-.00262553966474
placebo,5,Severe heatstroke,y24,-.0033947284866054
placebo,5,Mild cold hypothermia,y33,-2.448030315279545
placebo,5,Moderate cold hypothermia,y34,-.0695596881493542
placebo,6,Workload,y11,-.8418608678051828
placebo,6,Overload,y12,-1.300757325845119
placebo,6,Heatstroke,y23,.2967637511986282
placebo,6,Severe heatstroke,y24,.5101599245424099
placebo,6,Mild cold hypothermia,y33,-.5165076088977937
placebo,6,Moderate cold hypothermia,y34,-.2969396914943026
placebo,7,Workload,y11,-2.438864588918314
placebo,7,Overload,y12,-2.044037698773669
placebo,7,Heatstroke,y23,-.3052236422927256
placebo,7,Severe heatstroke,y24,.0115694123568922
placebo,7,Mild cold hypothermia,y33,-.5626695996166498
placebo,7,Moderate cold hypothermia,y34,.345070874342461
placebo,8,Workload,y11,-.415937119288733
placebo,8,Overload,y12,.2750984688498487
placebo,8,Heatstroke,y23,.3169744945584522
placebo,8,Severe heatstroke,y24,.0556931315649443
placebo,8,Mild cold hypothermia,y33,.9437201138783227
placebo,8,Moderate cold hypothermia,y34,.1897869114031754
placebo,9,Workload,y11,.4539028876310444
placebo,9,Overload,y12,-.4397384020037798
placebo,9,Heatstroke,y23,.4065388265021966
placebo,9,Severe heatstroke,y24,.2043453700762473
placebo,9,Mild cold hypothermia,y33,-.5598713999805472
placebo,9,Moderate cold hypothermia,y34,.5162368720645432
placebo,10,Workload,y11,.9882134012530078
placebo,10,Overload,y12,4.817426314361569
placebo,10,Heatstroke,y23,-.271788779257519
placebo,10,Severe heatstroke,y24,.0224533178143427
placebo,10,Mild cold hypothermia,y33,-1.189325282972072
placebo,10,Moderate cold hypothermia,y34,-.0469752724728261
placebo,11,Workload,y11,.1319056994562615
placebo,11,Overload,y12,.4149308586456689
placebo,11,Heatstroke,y23,.1630045088876138
placebo,11,Severe heatstroke,y24,.3397545835336746
placebo,11,Mild cold hypothermia,y33,-.2989464861728779
placebo,11,Moderate cold hypothermia,y34,-.1157030951318832
placebo,12,Workload,y11,-1.367877046013293
placebo,12,Overload,y12,-1.243428156458309
placebo,12,Heatstroke,y23,-.2725465099292705
placebo,12,Severe heatstroke,y24,-.146268116696303
placebo,12,Mild cold hypothermia,y33,-.9748290040691112
placebo,12,Moderate cold hypothermia,y34,-.0911565991854557
placebo,13,Workload,y11,.4302640088680986
placebo,13,Overload,y12,-1.253344279078591
placebo,13,Heatstroke,y23,-.4333930883166315
placebo,13,Severe heatstroke,y24,-.1481726645689518
placebo,13,Mild cold hypothermia,y33,.294853484825771
placebo,13,Moderate cold hypothermia,y34,.1688360239332457
placebo,14,Workload,y11,-.9676512485011117
placebo,14,Overload,y12,-.5595690736192438
placebo,14,Heatstroke,y23,.2274974396104906
placebo,14,Severe heatstroke,y24,.179747470630524
placebo,14,Mild cold hypothermia,y33,-.8589647148541442
placebo,14,Moderate cold hypothermia,y34,-.3170472903307963
placebo,15,Workload,y11,.3327171473312567
placebo,15,Overload,y12,1.483395276798794
placebo,15,Heatstroke,y23,.2946693896272035
placebo,15,Severe heatstroke,y24,.0411385953836198
placebo,15,Mild cold hypothermia,y33,.7574809063836453
placebo,15,Moderate cold hypothermia,y34,-.038142847848511
placebo,16,Workload,y11,-.1052195359780711
placebo,16,Overload,y12,-1.12505500623825
placebo,16,Heatstroke,y23,1.299454244231471
placebo,16,Severe heatstroke,y24,.1880163539100869
placebo,16,Mild cold hypothermia,y33,.0515148724214372
placebo,16,Moderate cold hypothermia,y34,-.0580053400855652
placebo,17,Workload,y11,.4133564764831139
placebo,17,Overload,y12,1.971565885814903
placebo,17,Heatstroke,y23,.0539880472365186
placebo,17,Severe heatstroke,y24,.1845130087795641
placebo,17,Mild cold hypothermia,y33,3.464726779109252
placebo,17,Moderate cold hypothermia,y34,.5866045130323237
placebo,18,Workload,y11,-.8772376633235389
placebo,18,Overload,y12,-2.73158852453189
placebo,18,Heatstroke,y23,-.2461930403993464
placebo,18,Severe heatstroke,y24,-.3288497895693702
placebo,18,Mild cold hypothermia,y33,-1.420327359901394
placebo,18,Moderate cold hypothermia,y34,-.4769349356002214
placebo,19,Workload,y11,-.1992763487896837
placebo,19,Overload,y12,.0903513877581847
placebo,19,Heatstroke,y23,-.0680987791879702
placebo,19,Severe heatstroke,y24,.1647639216387699
placebo,19,Mild cold hypothermia,y33,-.6107460082065642
placebo,19,Moderate cold hypothermia,y34,-.0909577864250294
placebo,20,Workload,y11,.0389919718637191
placebo,20,Overload,y12,.570971443406356
placebo,20,Heatstroke,y23,-.1799530396224956
placebo,20,Severe heatstroke,y24,.0064970776059772
placebo,20,Mild cold hypothermia,y33,-1.357284840666901
placebo,20,Moderate cold hypothermia,y34,.08406739428961
placebo,21,Workload,y11,.4899536656792975
placebo,21,Overload,y12,.6128177528014825
placebo,21,Heatstroke,y23,.633892749958577
placebo,21,Severe heatstroke,y24,.388661397270173
placebo,21,Mild cold hypothermia,y33,.8776622416283135
placebo,21,Moderate cold hypothermia,y34,-.6490889978395695
placebo,22,Workload,y11,-1.010588174288331
placebo,22,Overload,y12,-2.301505530279637
placebo,22,Heatstroke,y23,-.1852782334263353
placebo,22,Severe heatstroke,y24,-.3744284040597584
placebo,22,Mild cold hypothermia,y33,1.106303248333062
placebo,22,Moderate cold hypothermia,y34,.0930086165296644
placebo,23,Workload,y11,-.2294558076886476
placebo,23,Overload,y12,1.129234004338515
placebo,23,Heatstroke,y23,-.3790037898298401
placebo,23,Severe heatstroke,y24,-.1884613220599676
placebo,23,Mild cold hypothermia,y33,-1.604045546206193
placebo,23,Moderate cold hypothermia,y34,.0197346474303656
placebo,24,Workload,y11,-.914752817378656
placebo,24,Overload,y12,.0294559799957918
placebo,24,Heatstroke,y23,.3459745101656372
placebo,24,Severe heatstroke,y24,.3631663209051439
placebo,24,Mild cold hypothermia,y33,.2246714759337929
placebo,24,Moderate cold hypothermia,y34,-.2383780746941411
placebo,25,Workload,y11,-1.748011517656935
placebo,25,Overload,y12,-1.544993032691588
placebo,25,Heatstroke,y23,-.7883922885784157
placebo,25,Severe heatstroke,y24,-.3409684895382047
placebo,25,Mild cold hypothermia,y33,.0403911338227862
placebo,25,Moderate cold hypothermia,y34,.149402072447898
placebo,26,Workload,y11,.9477003005499253
placebo,26,Overload,y12,2.256954584356709
placebo,26,Heatstroke,y23,-.3277763316184595
placebo,26,Severe heatstroke,y24,-.1765701624272862
placebo,26,Mild cold hypothermia,y33,.6412939476961674
placebo,26,Moderate cold hypothermia,y34,-.060116218279702
placebo,27,Workload,y11,-.4848826332689815
placebo,27,Overload,y12,-1.54607342441171
placebo,27,Heatstroke,y23,-.0784249811835331
placebo,27,Severe heatstroke,y24,.0348198002005583
placebo,27,Mild cold hypothermia,y33,-.2698731269052392
placebo,27,Moderate cold hypothermia,y34,-.0382669119506211
placebo,28,Workload,y11,.2908237592917739
placebo,28,Overload,y12,1.029442557283544
placebo,28,Heatstroke,y23,.6989735577581795
placebo,28,Severe heatstroke,y24,.0336801504851129
placebo,28,Mild cold hypothermia,y33,-.5946665432346991
placebo,28,Moderate cold hypothermia,y34,.1035863836766354
placebo,29,Workload,y11,.0778649737092434
placebo,29,Overload,y12,-.8846479199051751
placebo,29,Heatstroke,y23,.0423650031018999
placebo,29,Severe heatstroke,y24,.5748028909676134
placebo,29,Mild cold hypothermia,y33,1.299637770247455
placebo,29,Moderate cold hypothermia,y34,.5347107443562584
placebo,30,Workload,y11,-.6782850417795995
placebo,30,Overload,y12,-2.470519356863599
placebo,30,Heatstroke,y23,.695874787634947
placebo,30,Severe heatstroke,y24,.3417093572925688
placebo,30,Mild cold hypothermia,y33,-.1395494343176248
placebo,30,Moderate cold hypothermia,y34,.2664909455036678
placebo,31,Workload,y11,-.0175649841386818
placebo,31,Overload,y12,.9975034037105589
placebo,31,Heatstroke,y23,-.1169557674982399
placebo,31,Severe heatstroke,y24,.147505985392035
placebo,31,Mild cold hypothermia,y33,-.6578479700345164
placebo,31,Moderate cold hypothermia,y34,-.2667540028257419
placebo,32,Workload,y11,-1.061289806626117
placebo,32,Overload,y12,-.1174035934993581
placebo,32,Heatstroke,y23,.1957636709475103
placebo,32,Severe heatstroke,y24,.0040356890040708
placebo,32,Mild cold hypothermia,y33,1.613677430471581
placebo,32,Moderate cold hypothermia,y34,.2511766565451942
placebo,33,Workload,y11,.1647790594607559
placebo,33,Overload,y12,1.098660294650101
placebo,33,Heatstroke,y23,-.1161188704382505
placebo,33,Severe heatstroke,y24,.4078414971864126
placebo,33,Mild cold hypothermia,y33,-.261228574287886
placebo,33,Moderate cold hypothermia,y34,-.5762082475430501
placebo,34,Workload,y11,-.5019675833426999
placebo,34,Overload,y12,.2937354400362263
placebo,34,Heatstroke,y23,-.0793527691648953
placebo,34,Severe heatstroke,y24,-.1578799865536071
placebo,34,Mild cold hypothermia,y33,.2543682734642538
placebo,34,Moderate cold hypothermia,y34,-.4699521300210884
placebo,35,Workload,y11,-.7498557035556005
placebo,35,Overload,y12,-.0163016245763889
placebo,35,Heatstroke,y23,-.068184293964019
placebo,35,Severe heatstroke,y24,.2195048054826296
placebo,35,Mild cold hypothermia,y33,-.1078556182018547
placebo,35,Moderate cold hypothermia,y34,.2632773299672495
placebo,36,Workload,y11,1.754984943749023
placebo,36,Overload,y12,.2792272318940446
placebo,36,Heatstroke,y23,.090419368292
placebo,36,Severe heatstroke,y24,-.1690389006812866
placebo,36,Mild cold hypothermia,y33,1.617294163248413
placebo,36,Moderate cold hypothermia,y34,.1538235646317345
placebo,37,Workload,y11,.6457577519224701
placebo,37,Overload,y12,1.419138703122236
placebo,37,Heatstroke,y23,-.075094202269815
placebo,37,Severe heatstroke,y24,.0230584816292898
placebo,37,Mild cold hypothermia,y33,.1358460975045123
placebo,37,Moderate cold hypothermia,y34,.6220055029802095
placebo,38,Workload,y11,1.610884718862471
placebo,38,Overload,y12,1.416308962528271
placebo,38,Heatstroke,y23,.2308078478617684
placebo,38,Severe heatstroke,y24,.18474051136939
placebo,38,Mild cold hypothermia,y33,1.64594225552161
placebo,38,Moderate cold hypothermia,y34,-.0989164724878856
placebo,39,Workload,y11,.0308820914243787
placebo,39,Overload,y12,1.090005741655207
placebo,39,Heatstroke,y23,-.4058844095660802
placebo,39,Severe heatstroke,y24,-.1482548174948242
placebo,39,Mild cold hypothermia,y33,1.370108523683128
placebo,39,Moderate cold hypothermia,y34,.1495599766281543
placebo,40,Workload,y11,-.4680184331817504
placebo,40,Overload,y12,.060843290735759
placebo,40,Heatstroke,y23,-.0897204393435691
placebo,40,Severe heatstroke,y24,.0289265048268424
placebo,40,Mild cold hypothermia,y33,-.1143514885811814
placebo,40,Moderate cold hypothermia,y34,-.083908110844312
placebo,41,Workload,y11,1.943429062395849
placebo,41,Overload,y12,1.549361457931353
placebo,41,Heatstroke,y23,.4106241374460493
placebo,41,Severe heatstroke,y24,.3722679854833568
placebo,41,Mild cold hypothermia,y33,-2.388193975844594
placebo,41,Moderate cold hypothermia,y34,-.2642047844460416
placebo,42,Workload,y11,.7508993508925171
placebo,42,Overload,y12,.489695022897377
placebo,42,Heatstroke,y23,.5466683870082205
placebo,42,Severe heatstroke,y24,.2836640155776131
placebo,42,Mild cold hypothermia,y33,1.247774441942841
placebo,42,Moderate cold hypothermia,y34,-.1413783545763001
placebo,43,Workload,y11,.2704997726344308
placebo,43,Overload,y12,-.0929341025976193
placebo,43,Heatstroke,y23,-.3764322029686849
placebo,43,Severe heatstroke,y24,.2006007765520135
placebo,43,Mild cold hypothermia,y33,.1109927620668493
placebo,43,Moderate cold hypothermia,y34,.3289126818778601
placebo,44,Workload,y11,1.144870618368024
placebo,44,Overload,y12,2.544093514709362
placebo,44,Heatstroke,y23,-.5013134888177065
placebo,44,Severe heatstroke,y24,-.3574867307703338
placebo,44,Mild cold hypothermia,y33,-.8270463197738648
placebo,44,Moderate cold hypothermia,y34,.3260213160447553
placebo,45,Workload,y11,.2912744321271172
placebo,45,Overload,y12,1.442296079099306
placebo,45,Heatstroke,y23,-.029483483139414
placebo,45,Severe heatstroke,y24,-.193609497732344
placebo,45,Mild cold hypothermia,y33,-.3346179031181837
placebo,45,Moderate cold hypothermia,y34,.0641881831093035
placebo,46,Workload,y11,-.0718733518438915
placebo,46,Overload,y12,.9565128139514458
placebo,46,Heatstroke,y23,-.0014618817386106
placebo,46,Severe heatstroke,y24,-.3688535418086429
placebo,46,Mild cold hypothermia,y33,-.1472525570639133
placebo,46,Moderate cold hypothermia,y34,.2507387652593567
placebo,47,Workload,y11,-.1716445099565135
placebo,47,Overload,y12,-1.336082379723998
placebo,47,Heatstroke,y23,.1038365030874719
placebo,47,Severe heatstroke,y24,.212338357920161
placebo,47,Mild cold hypothermia,y33,-1.477229955457902
placebo,47,Moderate cold hypothermia,y34,-.5879597661025673
placebo,48,Workload,y11,-.118548857705815
placebo,48,Overload,y12,-1.769856453514755
placebo,48,Heatstroke,y23,-.1466519508005081
placebo,48,Severe heatstroke,y24,-.1836670540834911
placebo,48,Mild cold hypothermia,y33,.2185738567680121
placebo,48,Moderate cold hypothermia,y34,.1045461288458675
placebo,49,Workload,y11,-.359283338159105
placebo,49,Overload,y12,1.194310345700684
placebo,49,Heatstroke,y23,.3554477208992775
placebo,49,Severe heatstroke,y24,-.1538548618167596
placebo,49,Mild cold hypothermia,y33,-.5270669028453623
placebo,49,Moderate cold hypothermia,y34,-.6197216566209146
placebo,50,Workload,y11,.9161198612858082
placebo,50,Overload,y12,1.672361813717558
placebo,50,Heatstroke,y23,.2252922786454147
placebo,50,Severe heatstroke,y24,.4602775604911112
placebo,50,Mild cold hypothermia,y33,.1914310817019011
placebo,50,Moderate cold hypothermia,y34,.9523862288975009
placebo,51,Workload,y11,-.432912899645346
placebo,51,Overload,y12,-1.041009755701358
placebo,51,Heatstroke,y23,-.0802405039457815
placebo,51,Severe heatstroke,y24,.2365498778689914
placebo,51,Mild cold hypothermia,y33,-.3443183946552599
placebo,51,Moderate cold hypothermia,y34,.1636057461067856
placebo,52,Workload,y11,.7480109816822683
placebo,52,Overload,y12,-2.107532416748428
placebo,52,Heatstroke,y23,.4496188372557726
placebo,52,Severe heatstroke,y24,.3797694811382871
placebo,52,Mild cold hypothermia,y33,-2.056635856445248
placebo,52,Moderate cold hypothermia,y34,-.3064403499113192
placebo,53,Workload,y11,-.5048695190008515
placebo,53,Overload,y12,-1.429779492208231
placebo,53,Heatstroke,y23,-.0509013050339042
placebo,53,Severe heatstroke,y24,-.137663835098138
placebo,53,Mild cold hypothermia,y33,-.9601732274828285
placebo,53,Moderate cold hypothermia,y34,.2736590265605154
placebo,54,Workload,y11,-1.098677394152936
placebo,54,Overload,y12,-.5500495811025586
placebo,54,Heatstroke,y23,-.6040785431148512
placebo,54,Severe heatstroke,y24,-.332077503085854
placebo,54,Mild cold hypothermia,y33,-1.364696941990086
placebo,54,Moderate cold hypothermia,y34,-.2547031662842485
placebo,55,Workload,y11,-.0771965915632711
placebo,55,Overload,y12,-.1850370677253401
placebo,55,Heatstroke,y23,.5925177504714717
placebo,55,Severe heatstroke,y24,.0101302757600277
placebo,55,Mild cold hypothermia,y33,1.256427993897481
placebo,55,Moderate cold hypothermia,y34,.9367029435552561
placebo,56,Workload,y11,.0109487662219293
placebo,56,Overload,y12,2.056119721318845
placebo,56,Heatstroke,y23,-.2070946874500224
placebo,56,Severe heatstroke,y24,-.3706661410401249
placebo,56,Mild cold hypothermia,y33,-1.317173638323655
placebo,56,Moderate cold hypothermia,y34,-.055932184584544
placebo,57,Workload,y11,-.5503931157845819
placebo,57,Overload,y12,-.0115876331597098
placebo,57,Heatstroke,y23,-.3049147035451742
placebo,57,Severe heatstroke,y24,-.1748858454566861
placebo,57,Mild cold hypothermia,y33,-1.123091944257187
placebo,57,Moderate cold hypothermia,y34,.1278176631411124
placebo,58,Workload,y11,-1.333343441782924
placebo,58,Overload,y12,-3.196516793616618
placebo,58,Heatstroke,y23,.4190315947633019
placebo,58,Severe heatstroke,y24,.0195243656404049
placebo,58,Mild cold hypothermia,y33,-1.572289945801522
placebo,58,Moderate cold hypothermia,y34,.0963172329132036
placebo,59,Workload,y11,-.7860644841969517
placebo,59,Overload,y12,.6478678855323418
placebo,59,Heatstroke,y23,-.4672132898166835
placebo,59,Severe heatstroke,y24,-.3472646058017433
placebo,59,Mild cold hypothermia,y33,-1.500137669786952
placebo,59,Moderate cold hypothermia,y34,-.2570789550431563
placebo,60,Workload,y11,.2029093198886416
placebo,60,Overload,y12,-1.334791376051973
placebo,60,Heatstroke,y23,.3135999020715821
placebo,60,Severe heatstroke,y24,-.2035722102394241
placebo,60,Mild cold hypothermia,y33,-2.572943032345049
placebo,60,Moderate cold hypothermia,y34,-.0484159401159161
placebo,61,Workload,y11,1.364852557705046
placebo,61,Overload,y12,3.218206149078036
placebo,61,Heatstroke,y23,.570711147706933
placebo,61,Severe heatstroke,y24,.0547445023350222
placebo,61,Mild cold hypothermia,y33,.8299359754198741
placebo,61,Moderate cold hypothermia,y34,-.256431106313933
placebo,62,Workload,y11,.9086451114699846
placebo,62,Overload,y12,1.669489690568994
placebo,62,Heatstroke,y23,.013662789665599
placebo,62,Severe heatstroke,y24,-.3449993393401226
placebo,62,Mild cold hypothermia,y33,-.8007099258999348
placebo,62,Moderate cold hypothermia,y34,.6339794421614251
placebo,63,Workload,y11,.741309457695858
placebo,63,Overload,y12,1.094398781109544
placebo,63,Heatstroke,y23,.6416124120811126
placebo,63,Severe heatstroke,y24,.0177740241875669
placebo,63,Mild cold hypothermia,y33,-.2150023482326238
placebo,63,Moderate cold hypothermia,y34,-.2293945106266937
placebo,64,Workload,y11,-.0467106538089813
placebo,64,Overload,y12,.172952394524522
placebo,64,Heatstroke,y23,.1924166266034728
placebo,64,Severe heatstroke,y24,-.1831334091617132
placebo,64,Mild cold hypothermia,y33,.2963080352175649
placebo,64,Moderate cold hypothermia,y34,-.0673297857760521
placebo,65,Workload,y11,.2229645185241696
placebo,65,Overload,y12,.5394657415902069
placebo,65,Heatstroke,y23,.8014024718939029
placebo,65,Severe heatstroke,y24,.0007543159855222
placebo,65,Mild cold hypothermia,y33,.5658680965153858
placebo,65,Moderate cold hypothermia,y34,.5575811090064109
placebo,66,Workload,y11,.8717581612791867
placebo,66,Overload,y12,-.134946460234076
placebo,66,Heatstroke,y23,.2694330807224055
placebo,66,Severe heatstroke,y24,.0274615641397591
placebo,66,Mild cold hypothermia,y33,1.958003048407475
placebo,66,Moderate cold hypothermia,y34,.4814190414555544
placebo,67,Workload,y11,-.6495697279193041
placebo,67,Overload,y12,-.2067805607757901
placebo,67,Heatstroke,y23,-.7987974004032496
placebo,67,Severe heatstroke,y24,-.0178346615030985
placebo,67,Mild cold hypothermia,y33,-.7478045369493639
placebo,67,Moderate cold hypothermia,y34,.5255162505106844
placebo,68,Workload,y11,.0344108027711592
placebo,68,Overload,y12,.5782306306017321
placebo,68,Heatstroke,y23,.1989384970084673
placebo,68,Severe heatstroke,y24,.4662873797348872
placebo,68,Mild cold hypothermia,y33,.6722741212444302
placebo,68,Moderate cold hypothermia,y34,.1406496336817416
placebo,69,Workload,y11,-.0999066866455997
placebo,69,Overload,y12,2.291209305822559
placebo,69,Heatstroke,y23,.7342345005779227
placebo,69,Severe heatstroke,y24,.4279275119501195
placebo,69,Mild cold hypothermia,y33,-.4902523834417558
placebo,69,Moderate cold hypothermia,y34,-.4186101530511749
placebo,70,Workload,y11,-.7131890303424184
placebo,70,Overload,y12,-.0786130673566297
placebo,70,Heatstroke,y23,.4550078717280736
placebo,70,Severe heatstroke,y24,.2099603365275913
placebo,70,Mild cold hypothermia,y33,.4983025026452053
placebo,70,Moderate cold hypothermia,y34,-.2621302689821002
placebo,71,Workload,y11,.4488447117251238
placebo,71,Overload,y12,.783354514809857
placebo,71,Heatstroke,y23,.3880592392623239
placebo,71,Severe heatstroke,y24,.3707912585146914
placebo,71,Mild cold hypothermia,y33,-1.215928849577643
placebo,71,Moderate cold hypothermia,y34,-.4706301048431449
placebo,72,Workload,y11,-2.023500632047274
placebo,72,Overload,y12,-1.656156956546906
placebo,72,Heatstroke,y23,-.474627159763125
placebo,72,Severe heatstroke,y24,.0262418290488487
placebo,72,Mild cold hypothermia,y33,.7767860826284622
placebo,72,Moderate cold hypothermia,y34,-.0835928579529821
placebo,73,Workload,y11,1.401371022244133
placebo,73,Overload,y12,1.735397554850402
placebo,73,Heatstroke,y23,.5748747199798998
placebo,73,Severe heatstroke,y24,.2435441221230129
placebo,73,Mild cold hypothermia,y33,.8478154109452303
placebo,73,Moderate cold hypothermia,y34,.1386477169915666
placebo,74,Workload,y11,-.3993386740998667
placebo,74,Overload,y12,.0812748252079465
placebo,74,Heatstroke,y23,.438981074007667
placebo,74,Severe heatstroke,y24,.0095007383755472
placebo,74,Mild cold hypothermia,y33,-.8920118548636569
placebo,74,Moderate cold hypothermia,y34,-.0812797051495101
placebo,75,Workload,y11,.5714642484345451
placebo,75,Overload,y12,1.224951029864994
placebo,75,Heatstroke,y23,-.1196233679104604
placebo,75,Severe heatstroke,y24,-.1624591829617383
placebo,75,Mild cold hypothermia,y33,-.2161647513552252
placebo,75,Moderate cold hypothermia,y34,.0199826284197511
placebo,76,Workload,y11,-.4047013856655693
placebo,76,Overload,y12,.9622093095504524
placebo,76,Heatstroke,y23,-.0685126008515951
placebo,76,Severe heatstroke,y24,-.1591105764111575
placebo,76,Mild cold hypothermia,y33,1.392223378844062
placebo,76,Moderate cold hypothermia,y34,-.1396373589210407
placebo,77,Workload,y11,.655717704024717
placebo,77,Overload,y12,1.065550972183552
placebo,77,Heatstroke,y23,.270050905518642
placebo,77,Severe heatstroke,y24,.4057466414313281
placebo,77,Mild cold hypothermia,y33,-1.288841476902099
placebo,77,Moderate cold hypothermia,y34,-.0157155970458676
placebo,78,Workload,y11,-1.412323915290528
placebo,78,Overload,y12,-.6444314198400901
placebo,78,Heatstroke,y23,-.2691356883892548
placebo,78,Severe heatstroke,y24,.0278304474393823
placebo,78,Mild cold hypothermia,y33,-.2414145785844051
placebo,78,Moderate cold hypothermia,y34,-.1104681640390913
placebo,79,Workload,y11,.0267462039751958
placebo,79,Overload,y12,-.0180592238611048
placebo,79,Heatstroke,y23,-.2867924687283837
placebo,79,Severe heatstroke,y24,.0301496629882033
placebo,79,Mild cold hypothermia,y33,-.0989684454250212
placebo,79,Moderate cold hypothermia,y34,.0185034261281144
placebo,80,Workload,y11,-.9787592456184447
placebo,80,Overload,y12,-.4015801072792783
placebo,80,Heatstroke,y23,.8164240711377198
placebo,80,Severe heatstroke,y24,.4062582050378531
placebo,80,Mild cold hypothermia,y33,-.4290647933120053
placebo,80,Moderate cold hypothermia,y34,.3595825878583404
placebo,81,Workload,y11,-.644416028101317
placebo,81,Overload,y12,-1.190886210170047
placebo,81,Heatstroke,y23,.2599052684198456
placebo,81,Severe heatstroke,y24,.0241039986927253
placebo,81,Mild cold hypothermia,y33,1.180928924565593
placebo,81,Moderate cold hypothermia,y34,-.2758939771659555
placebo,82,Workload,y11,.2811377317199323
placebo,82,Overload,y12,1.462466831894645
placebo,82,Heatstroke,y23,-.6460335864753298
placebo,82,Severe heatstroke,y24,-.3486180304337936
placebo,82,Mild cold hypothermia,y33,-.6910140465950064
placebo,82,Moderate cold hypothermia,y34,-.1384541681697507
placebo,83,Workload,y11,.7217798150673806
placebo,83,Overload,y12,2.373705483895515
placebo,83,Heatstroke,y23,.4341955403630834
placebo,83,Severe heatstroke,y24,.0734031693445833
placebo,83,Mild cold hypothermia,y33,1.190818253100579
placebo,83,Moderate cold hypothermia,y34,.4099365934626972
placebo,84,Workload,y11,-.8139203786677952
placebo,84,Overload,y12,-.8073226238580973
placebo,84,Heatstroke,y23,.3605096394903839
placebo,84,Severe heatstroke,y24,.1144724119698136
placebo,84,Mild cold hypothermia,y33,.7723365122246708
placebo,84,Moderate cold hypothermia,y34,.4274439153681794
placebo,85,Workload,y11,2.681387385092719
placebo,85,Overload,y12,1.437277291715537
placebo,85,Heatstroke,y23,-.1079888827155635
placebo,85,Severe heatstroke,y24,-.332337663263454
placebo,85,Mild cold hypothermia,y33,-.9318632257663237
placebo,85,Moderate cold hypothermia,y34,-.062198472586296
placebo,86,Workload,y11,.5094315362960419
placebo,86,Overload,y12,3.919158122179062
placebo,86,Heatstroke,y23,-.4946416104596737
placebo,86,Severe heatstroke,y24,-.1791040342460216
placebo,86,Mild cold hypothermia,y33,2.419648993796664
placebo,86,Moderate cold hypothermia,y34,.2739853981997503
placebo,87,Workload,y11,-1.227681740604361
placebo,87,Overload,y12,-1.493267537006095
placebo,87,Heatstroke,y23,.0767086211564214
placebo,87,Severe heatstroke,y24,.0121403465169357
placebo,87,Mild cold hypothermia,y33,-1.493475558923438
placebo,87,Moderate cold hypothermia,y34,-.119774929683916
placebo,88,Workload,y11,-.4556030311367454
placebo,88,Overload,y12,.2932847132817278
placebo,88,Heatstroke,y23,-.5809079054244332
placebo,88,Severe heatstroke,y24,-.2062516194142535
placebo,88,Mild cold hypothermia,y33,-.6524256093091823
placebo,88,Moderate cold hypothermia,y34,-.0191442337531104
placebo,89,Workload,y11,.9597447827692621
placebo,89,Overload,y12,2.586018427703328
placebo,89,Heatstroke,y23,.0629702105465034
placebo,89,Severe heatstroke,y24,.1908304495591993
placebo,89,Mild cold hypothermia,y33,.4184813436528071
placebo,89,Moderate cold hypothermia,y34,.1431963485687956
placebo,90,Workload,y11,.6136150735941844
placebo,90,Overload,y12,.779621578895988
placebo,90,Heatstroke,y23,-.5719585115989921
placebo,90,Severe heatstroke,y24,-.3295840850110351
placebo,90,Mild cold hypothermia,y33,-1.482697215493938
placebo,90,Moderate cold hypothermia,y34,-.2411018992760227
placebo,91,Workload,y11,1.383867632143642
placebo,91,Overload,y12,2.001736493458476
placebo,91,Heatstroke,y23,-.1621456586168452
placebo,91,Severe heatstroke,y24,.1713519852478775
placebo,91,Mild cold hypothermia,y33,1.074738968405062
placebo,91,Moderate cold hypothermia,y34,.6038745581832756
placebo,92,Workload,y11,1.241937034720785
placebo,92,Overload,y12,-.2055211299628701
placebo,92,Heatstroke,y23,.7347819934845978
placebo,92,Severe heatstroke,y24,.7445521564846347
placebo,92,Mild cold hypothermia,y33,-.5358789192821919
placebo,92,Moderate cold hypothermia,y34,-.46454412615017
placebo,93,Workload,y11,.4312710429066027
placebo,93,Overload,y12,1.877825578951836
placebo,93,Heatstroke,y23,-.2637960010901478
placebo,93,Severe heatstroke,y24,-.3417781280162308
placebo,93,Mild cold hypothermia,y33,.0142440716066602
placebo,93,Moderate cold hypothermia,y34,.2334053756173144
placebo,94,Workload,y11,.8821942289240013
placebo,94,Overload,y12,2.84289049146369
placebo,94,Heatstroke,y23,-.3213627289398685
placebo,94,Severe heatstroke,y24,-.1757323934371198
placebo,94,Mild cold hypothermia,y33,.5031226817988794
placebo,94,Moderate cold hypothermia,y34,.5028915009754383
placebo,95,Workload,y11,-1.020518421527577
placebo,95,Overload,y12,-2.156041728738239
placebo,95,Heatstroke,y23,-.1838955719565152
placebo,95,Severe heatstroke,y24,-.1303653288373058
placebo,95,Mild cold hypothermia,y33,-.1759698432398433
placebo,95,Moderate cold hypothermia,y34,-.4090739323142771
placebo,96,Workload,y11,1.631101665366035
placebo,96,Overload,y12,4.037721032484185
placebo,96,Heatstroke,y23,-.3451896273534369
placebo,96,Severe heatstroke,y24,.0179487631764473
placebo,96,Mild cold hypothermia,y33,.4374031187204565
placebo,96,Moderate cold hypothermia,y34,-.0495839551560143
placebo,97,Workload,y11,.7494359482435511
placebo,97,Overload,y12,.5277283559056505
placebo,97,Heatstroke,y23,.3014537858866736
placebo,97,Severe heatstroke,y24,.0246656195434948
placebo,97,Mild cold hypothermia,y33,.4497931900554449
placebo,97,Moderate cold hypothermia,y34,.264919580883982
placebo,98,Workload,y11,.7439377617203726
placebo,98,Overload,y12,.3100998986154246
placebo,98,Heatstroke,y23,.0036608636032401
placebo,98,Severe heatstroke,y24,.0490530273156094
placebo,98,Mild cold hypothermia,y33,1.341382643714961
placebo,98,Moderate cold hypothermia,y34,.0477834116179361
placebo,99,Workload,y11,-.3677566027245643
placebo,99,Overload,y12,-.608114470086223
placebo,99,Heatstroke,y23,-.4941221274561066
placebo,99,Severe heatstroke,y24,-.1690840589848037
placebo,99,Mild cold hypothermia,y33,.7552125127278344
placebo,99,Moderate cold hypothermia,y34,.425804392936624
placebo,100,Workload,y11,-.1714990072551277
placebo,100,Overload,y12,-.1716448318504168
placebo,100,Heatstroke,y23,.1064649931851442
placebo,100,Severe heatstroke,y24,.0327659473138673
placebo,100,Mild cold hypothermia,y33,1.063916131987674
placebo,100,Moderate cold hypothermia,y34,-.4143346264081414
placebo,101,Workload,y11,-.1316577008350649
placebo,101,Overload,y12,.5377040719093236
placebo,101,Heatstroke,y23,-.2199415066234995
placebo,101,Severe heatstroke,y24,-.0053032943791107
placebo,101,Mild cold hypothermia,y33,-.8870242094727212
placebo,101,Moderate cold hypothermia,y34,-.0622555538642075
placebo,102,Workload,y11,-.4503192234248959
placebo,102,Overload,y12,-.8291584408433934
placebo,102,Heatstroke,y23,-.5244754959896404
placebo,102,Severe heatstroke,y24,-.3723265329948508
placebo,102,Mild cold hypothermia,y33,1.598264087223835
placebo,102,Moderate cold hypothermia,y34,-.0653689372900998
placebo,103,Workload,y11,-1.007552458583248
placebo,103,Overload,y12,-1.315675150221784
placebo,103,Heatstroke,y23,-.2115711099737545
placebo,103,Severe heatstroke,y24,-.2025728285535907
placebo,103,Mild cold hypothermia,y33,1.540944273454431
placebo,103,Moderate cold hypothermia,y34,-.0516968772210184
placebo,104,Workload,y11,-.5887487188960605
placebo,104,Overload,y12,1.27650931225802
placebo,104,Heatstroke,y23,-.3615865162286659
placebo,104,Severe heatstroke,y24,-.3698222459729705
placebo,104,Mild cold hypothermia,y33,-.2599883703498158
placebo,104,Moderate cold hypothermia,y34,-.242383537919643
placebo,105,Workload,y11,-.3757986461485514
placebo,105,Overload,y12,1.245213888776451
placebo,105,Heatstroke,y23,.0995366435951249
placebo,105,Severe heatstroke,y24,.2737399456181697
placebo,105,Mild cold hypothermia,y33,1.321389825838822
placebo,105,Moderate cold hypothermia,y34,-.1302362150664005
placebo,106,Workload,y11,-1.450325005663408
placebo,106,Overload,y12,-.9926866393326895
placebo,106,Heatstroke,y23,-.2700083515132309
placebo,106,Severe heatstroke,y24,-.329025401476953
placebo,106,Mild cold hypothermia,y33,-.5498807307095426
placebo,106,Moderate cold hypothermia,y34,-.4998807822783871
placebo,107,Workload,y11,-.3592574996015863
placebo,107,Overload,y12,-.3091806713865413
placebo,107,Heatstroke,y23,-.1300185976186708
placebo,107,Severe heatstroke,y24,-.1887390012046407
placebo,107,Mild cold hypothermia,y33,-.3547230805526164
placebo,107,Moderate cold hypothermia,y34,-.6002915375706671
placebo,108,Workload,y11,.4870613123263802
placebo,108,Overload,y12,.8996959142880365
placebo,108,Heatstroke,y23,-.0091133745702814
placebo,108,Severe heatstroke,y24,-.0059930417867409
placebo,108,Mild cold hypothermia,y33,1.655561505023618
placebo,108,Moderate cold hypothermia,y34,.5438186957020001
placebo,109,Workload,y11,-1.727967840092529
placebo,109,Overload,y12,-1.14786282025881
placebo,109,Heatstroke,y23,-.6763575297182756
placebo,109,Severe heatstroke,y24,-.3012735481562956
placebo,109,Mild cold hypothermia,y33,-1.656572678033894
placebo,109,Moderate cold hypothermia,y34,-.2511200356540825
placebo,110,Workload,y11,.1089995185790491
placebo,110,Overload,y12,2.388013847050957
placebo,110,Heatstroke,y23,-.5289187861819795
placebo,110,Severe heatstroke,y24,-.1200244321450862
placebo,110,Mild cold hypothermia,y33,-.637456393351466
placebo,110,Moderate cold hypothermia,y34,-.4025450298668748
placebo,111,Workload,y11,-1.820044132429756
placebo,111,Overload,y12,-.1415236338406813
placebo,111,Heatstroke,y23,.4477327341173012
placebo,111,Severe heatstroke,y24,.377216036745542
placebo,111,Mild cold hypothermia,y33,-.9969999550717773
placebo,111,Moderate cold hypothermia,y34,.0415954592235234
placebo,112,Workload,y11,-.1086062566843725
placebo,112,Overload,y12,1.59651676925467
placebo,112,Heatstroke,y23,-.319197151622382
placebo,112,Severe heatstroke,y24,.0077810664479185
placebo,112,Mild cold hypothermia,y33,-1.046735339505751
placebo,112,Moderate cold hypothermia,y34,.336076911097805
placebo,113,Workload,y11,-.4785536609186376
placebo,113,Overload,y12,-2.616571852495147
placebo,113,Heatstroke,y23,-.4563410323313533
placebo,113,Severe heatstroke,y24,.0589129844625732
placebo,113,Mild cold hypothermia,y33,1.624531888824345
placebo,113,Moderate cold hypothermia,y34,-.062108415246862
placebo,114,Workload,y11,1.024887928640085
placebo,114,Overload,y12,.6302850635056938
placebo,114,Heatstroke,y23,.4691472587913316
placebo,114,Severe heatstroke,y24,.3431466857433396
placebo,114,Mild cold hypothermia,y33,-1.035102299094048
placebo,114,Moderate cold hypothermia,y34,-.2613010502823634
placebo,115,Workload,y11,-.37161048224048
placebo,115,Overload,y12,1.248168331429863
placebo,115,Heatstroke,y23,.0190302272230277
placebo,115,Severe heatstroke,y24,.002877067280596
placebo,115,Mild cold hypothermia,y33,-2.129421754093913
placebo,115,Moderate cold hypothermia,y34,-.2126159864974748
placebo,116,Workload,y11,-.467887459517608
placebo,116,Overload,y12,.5208914764475373
placebo,116,Heatstroke,y23,-.226978996354276
placebo,116,Severe heatstroke,y24,.1557965135581857
placebo,116,Mild cold hypothermia,y33,.5857900030915738
placebo,116,Moderate cold hypothermia,y34,-.0957758279349877
placebo,117,Workload,y11,1.03298066172293
placebo,117,Overload,y12,1.360335465867806
placebo,117,Heatstroke,y23,-.4855882020800461
placebo,117,Severe heatstroke,y24,-.3619014294098059
placebo,117,Mild cold hypothermia,y33,.5911278161291047
placebo,117,Moderate cold hypothermia,y34,.4486879115482016
placebo,118,Workload,y11,-.4133379541423731
placebo,118,Overload,y12,-1.694411545188862
placebo,118,Heatstroke,y23,.3838355899417893
placebo,118,Severe heatstroke,y24,.2448891879384628
placebo,118,Mild cold hypothermia,y33,-.2924114412540985
placebo,118,Moderate cold hypothermia,y34,.0942087528971285
placebo,119,Workload,y11,-.7365969341996813
placebo,119,Overload,y12,-1.777994981840848
placebo,119,Heatstroke,y23,.2393376080842875
placebo,119,Severe heatstroke,y24,.2019201514842222
placebo,119,Mild cold hypothermia,y33,.5062614111633571
placebo,119,Moderate cold hypothermia,y34,-.8354463645443277
placebo,120,Workload,y11,.0466932245160198
placebo,120,Overload,y12,.9432901796742215
placebo,120,Heatstroke,y23,-.3125628888638501
placebo,120,Severe heatstroke,y24,-.1663608390569933
placebo,120,Mild cold hypothermia,y33,2.323921733872759
placebo,120,Moderate cold hypothermia,y34,1.087535944456245
placebo,121,Workload,y11,-.4752575893238067
placebo,121,Overload,y12,-1.556812118465309
placebo,121,Heatstroke,y23,.6154045298718811
placebo,121,Severe heatstroke,y24,.3901552239877476
placebo,121,Mild cold hypothermia,y33,-2.266568831942116
placebo,121,Moderate cold hypothermia,y34,-.0972586702539117
placebo,122,Workload,y11,-1.17850751033915
placebo,122,Overload,y12,-2.161495786884761
placebo,122,Heatstroke,y23,-.4787818066283667
placebo,122,Severe heatstroke,y24,-.1717867546610826
placebo,122,Mild cold hypothermia,y33,-.1990120414989957
placebo,122,Moderate cold hypothermia,y34,-.4401103689621741
placebo,123,Workload,y11,-.5079211345935881
placebo,123,Overload,y12,-.5433513015225661
placebo,123,Heatstroke,y23,-.2708750340312282
placebo,123,Severe heatstroke,y24,-.164220358122046
placebo,123,Mild cold hypothermia,y33,1.708234951561776
placebo,123,Moderate cold hypothermia,y34,-.6325325800679856
placebo,124,Workload,y11,-.1614608345310283
placebo,124,Overload,y12,1.46783221243485
placebo,124,Heatstroke,y23,-1.074232051799507
placebo,124,Severe heatstroke,y24,-.3516899430863657
placebo,124,Mild cold hypothermia,y33,.757321567792524
placebo,124,Moderate cold hypothermia,y34,.6315351076649685
placebo,125,Workload,y11,.0882960939352419
placebo,125,Overload,y12,.1353978220757663
placebo,125,Heatstroke,y23,-.3750873771868029
placebo,125,Severe heatstroke,y24,-.1889455299941601
placebo,125,Mild cold hypothermia,y33,-1.544436909273255
placebo,125,Moderate cold hypothermia,y34,.2322718356075819
placebo,126,Workload,y11,.4584175234047485
placebo,126,Overload,y12,-.9246149884670558
placebo,126,Heatstroke,y23,-.1028345442753762
placebo,126,Severe heatstroke,y24,.2167225505686853
placebo,126,Mild cold hypothermia,y33,-.2704940701749822
placebo,126,Moderate cold hypothermia,y34,-.4393066751913055
placebo,127,Workload,y11,-1.941614692243128
placebo,127,Overload,y12,-6.70480678101056
placebo,127,Heatstroke,y23,-.1609787041981285
placebo,127,Severe heatstroke,y24,-.3635186123533627
placebo,127,Mild cold hypothermia,y33,.3967009735957175
placebo,127,Moderate cold hypothermia,y34,-.6686617403463079
placebo,128,Workload,y11,-.2383374584250782
placebo,128,Overload,y12,-.983722748086128
placebo,128,Heatstroke,y23,.2588170635116125
placebo,128,Severe heatstroke,y24,.2072959050062946
placebo,128,Mild cold hypothermia,y33,-1.304898486278062
placebo,128,Moderate cold hypothermia,y34,-.4552934563991161
placebo,129,Workload,y11,-.1700589683939648
placebo,129,Overload,y12,.2303645637258368
placebo,129,Heatstroke,y23,.5974969866854617
placebo,129,Severe heatstroke,y24,-.1752271331511059
placebo,129,Mild cold hypothermia,y33,-1.348356567055626
placebo,129,Moderate cold hypothermia,y34,.0684072386040466
placebo,130,Workload,y11,.3032553974111908
placebo,130,Overload,y12,1.2488368142745
placebo,130,Heatstroke,y23,.2235362385096058
placebo,130,Severe heatstroke,y24,.0036010587250493
placebo,130,Mild cold hypothermia,y33,.1070308868652232
placebo,130,Moderate cold hypothermia,y34,-.293158020431235
placebo,131,Workload,y11,.4656952222093652
placebo,131,Overload,y12,2.367593649688176
placebo,131,Heatstroke,y23,.4922187149226447
placebo,131,Severe heatstroke,y24,.2149281805604281
placebo,131,Mild cold hypothermia,y33,-1.261341618898293
placebo,131,Moderate cold hypothermia,y34,-.6120158700241456
placebo,132,Workload,y11,-.6708935011101412
placebo,132,Overload,y12,-2.794934121261557
placebo,132,Heatstroke,y23,-.6389687868773239
placebo,132,Severe heatstroke,y24,.0292041508767141
placebo,132,Mild cold hypothermia,y33,-.8714619989927774
placebo,132,Moderate cold hypothermia,y34,.1582582390723392
placebo,133,Workload,y11,-1.459452928874611
placebo,133,Overload,y12,-2.404593012669119
placebo,133,Heatstroke,y23,.0256350399064057
placebo,133,Severe heatstroke,y24,.1788336428082134
placebo,133,Mild cold hypothermia,y33,1.185306287962038
placebo,133,Moderate cold hypothermia,y34,.6513655477013477
placebo,134,Workload,y11,2.046287848927416
placebo,134,Overload,y12,1.795779489252471
placebo,134,Heatstroke,y23,.7894661702727496
placebo,134,Severe heatstroke,y24,.7559932428271737
placebo,134,Mild cold hypothermia,y33,.734429551121436
placebo,134,Moderate cold hypothermia,y34,.08887192667024
placebo,135,Workload,y11,-.7879125668826528
placebo,135,Overload,y12,-3.664972545930604
placebo,135,Heatstroke,y23,-.3208132551776455
placebo,135,Severe heatstroke,y24,-.0003068039229556
placebo,135,Mild cold hypothermia,y33,.2495307838840576
placebo,135,Moderate cold hypothermia,y34,.4267497696930121
placebo,136,Workload,y11,-.1026432302516574
placebo,136,Overload,y12,-1.038911713288282
placebo,136,Heatstroke,y23,-.1078834638553677
placebo,136,Severe heatstroke,y24,-.1674098331454314
placebo,136,Mild cold hypothermia,y33,-.2919194836929206
placebo,136,Moderate cold hypothermia,y34,.5558298174470406
placebo,137,Workload,y11,-.3681549924219558
placebo,137,Overload,y12,-1.003356223743746
placebo,137,Heatstroke,y23,-.5832526296810744
placebo,137,Severe heatstroke,y24,-.1438224724745045
placebo,137,Mild cold hypothermia,y33,.8189571733216907
placebo,137,Moderate cold hypothermia,y34,-.3091817471388223
placebo,138,Workload,y11,.2613696875819297
placebo,138,Overload,y12,1.201361792228935
placebo,138,Heatstroke,y23,.0297308468119141
placebo,138,Severe heatstroke,y24,-.1765720006186296
placebo,138,Mild cold hypothermia,y33,-.5113081151059204
placebo,138,Moderate cold hypothermia,y34,.2796276275509459
placebo,139,Workload,y11,.1959890082267715
placebo,139,Overload,y12,2.729143874390889
placebo,139,Heatstroke,y23,-.4254946609120822
placebo,139,Severe heatstroke,y24,-.1531919938433914
placebo,139,Mild cold hypothermia,y33,.7376749698233502
placebo,139,Moderate cold hypothermia,y34,.7548819295886959
placebo,140,Workload,y11,-.9326646406874596
placebo,140,Overload,y12,-.617945821712317
placebo,140,Heatstroke,y23,.5745887973188268
placebo,140,Severe heatstroke,y24,.0483463455380872
placebo,140,Mild cold hypothermia,y33,.4328854288369252
placebo,140,Moderate cold hypothermia,y34,.5711060982301766
placebo,141,Workload,y11,.3623893617280757
placebo,141,Overload,y12,-.0456631692987408
placebo,141,Heatstroke,y23,.7312958643186626
placebo,141,Severe heatstroke,y24,.2422648994303379
placebo,141,Mild cold hypothermia,y33,-1.788484084631106
placebo,141,Moderate cold hypothermia,y34,-.1734524954236185
placebo,142,Workload,y11,.0895113849327212
placebo,142,Overload,y12,.1521446281513978
placebo,142,Heatstroke,y23,-.5117802122779365
placebo,142,Severe heatstroke,y24,-.1141223826472603
placebo,142,Mild cold hypothermia,y33,2.447066691720091
placebo,142,Moderate cold hypothermia,y34,.6126393713161645
placebo,143,Workload,y11,-.510000428270681
placebo,143,Overload,y12,-1.497878386619107
placebo,143,Heatstroke,y23,.079738918029675
placebo,143,Severe heatstroke,y24,-.1178865329420019
placebo,143,Mild cold hypothermia,y33,-.0213450168707001
placebo,143,Moderate cold hypothermia,y34,-.2187510101008389
placebo,144,Workload,y11,1.955687089737515
placebo,144,Overload,y12,2.443511171533031
placebo,144,Heatstroke,y23,.6069968978782943
placebo,144,Severe heatstroke,y24,.1892860419777323
placebo,144,Mild cold hypothermia,y33,.1492702814563601
placebo,144,Moderate cold hypothermia,y34,.1294521182277452
placebo,145,Workload,y11,.106244353709939
placebo,145,Overload,y12,1.321957638136911
placebo,145,Heatstroke,y23,.1625390068106698
placebo,145,Severe heatstroke,y24,-.3797613408276913
placebo,145,Mild cold hypothermia,y33,-.9619922499731994
placebo,145,Moderate cold hypothermia,y34,-.0588941528341946
placebo,146,Workload,y11,-1.18340324369847
placebo,146,Overload,y12,-1.910717936617799
placebo,146,Heatstroke,y23,.2235430487597981
placebo,146,Severe heatstroke,y24,-.1268844622337396
placebo,146,Mild cold hypothermia,y33,.8744765601834831
placebo,146,Moderate cold hypothermia,y34,.1335290591012043
placebo,147,Workload,y11,-.3786207164901383
placebo,147,Overload,y12,-3.258053094584608
placebo,147,Heatstroke,y23,-.3760982089431358
placebo,147,Severe heatstroke,y24,-.3834347404764468
placebo,147,Mild cold hypothermia,y33,-2.221674384374207
placebo,147,Moderate cold hypothermia,y34,.1110669863012537
placebo,148,Workload,y11,-.388275588911388
placebo,148,Overload,y12,1.002759631759017
placebo,148,Heatstroke,y23,-.9946305791417681
placebo,148,Severe heatstroke,y24,-.3451999417461332
placebo,148,Mild cold hypothermia,y33,.6609618938621969
placebo,148,Moderate cold hypothermia,y34,-.2874051864907355
placebo,149,Workload,y11,.4766018787144856
placebo,149,Overload,y12,1.833539329780028
placebo,149,Heatstroke,y23,.5443051308026465
placebo,149,Severe heatstroke,y24,.177995624175691
placebo,149,Mild cold hypothermia,y33,-1.985986960768255
placebo,149,Moderate cold hypothermia,y34,-.2402658049000977
placebo,150,Workload,y11,-.2206224869051782
placebo,150,Overload,y12,-1.43251151137553
placebo,150,Heatstroke,y23,.7422446850938428
placebo,150,Severe heatstroke,y24,.3550100792268464
placebo,150,Mild cold hypothermia,y33,-.2481005665311609
placebo,150,Moderate cold hypothermia,y34,.6155176975169336
placebo,151,Workload,y11,-.6964485208060469
placebo,151,Overload,y12,-2.41910899649164
placebo,151,Heatstroke,y23,.1418417980928202
placebo,151,Severe heatstroke,y24,-.1463171058967165
placebo,151,Mild cold hypothermia,y33,.3689511442489919
placebo,151,Moderate cold hypothermia,y34,.0771067035912956
placebo,152,Workload,y11,.3314548636671138
placebo,152,Overload,y12,-1.416009026548254
placebo,152,Heatstroke,y23,.2874704899262264
placebo,152,Severe heatstroke,y24,.3181835989570905
placebo,152,Mild cold hypothermia,y33,-1.119422159250426
placebo,152,Moderate cold hypothermia,y34,.081856043272585
placebo,153,Workload,y11,.9476122586187788
placebo,153,Overload,y12,1.686364358515353
placebo,153,Heatstroke,y23,-.5215912472373599
placebo,153,Severe heatstroke,y24,.0070076169174895
placebo,153,Mild cold hypothermia,y33,-.9881736079874812
placebo,153,Moderate cold hypothermia,y34,-.2400721586009806
placebo,154,Workload,y11,.9463164012057411
placebo,154,Overload,y12,3.354131674763746
placebo,154,Heatstroke,y23,-.4056906839740729
placebo,154,Severe heatstroke,y24,-.1468402256395511
placebo,154,Mild cold hypothermia,y33,-.0930140123839127
placebo,154,Moderate cold hypothermia,y34,-.2365354163948186
placebo,155,Workload,y11,-.0253022707360838
placebo,155,Overload,y12,-.8022042497235453
placebo,155,Heatstroke,y23,-.1135308439026102
placebo,155,Severe heatstroke,y24,-.1741170813137864
placebo,155,Mild cold hypothermia,y33,-1.17475710959045
placebo,155,Moderate cold hypothermia,y34,.0024604648457634
placebo,156,Workload,y11,.4163729975587011
placebo,156,Overload,y12,-.4570633530793988
placebo,156,Heatstroke,y23,-.0585451755946778
placebo,156,Severe heatstroke,y24,-.0154220350355333
placebo,156,Mild cold hypothermia,y33,.4720862708214371
placebo,156,Moderate cold hypothermia,y34,-.3173174709286037
placebo,157,Workload,y11,-.7921370555938857
placebo,157,Overload,y12,-.3829834699847579
placebo,157,Heatstroke,y23,.1751142658525554
placebo,157,Severe heatstroke,y24,.0461622796762596
placebo,157,Mild cold hypothermia,y33,2.05262768469437
placebo,157,Moderate cold hypothermia,y34,.8621186656482043
placebo,158,Workload,y11,-.8393024715847472
placebo,158,Overload,y12,.3601073805310546
placebo,158,Heatstroke,y23,-.4061380801346108
placebo,158,Severe heatstroke,y24,-.147971564752949
placebo,158,Mild cold hypothermia,y33,-.1520724167424607
placebo,158,Moderate cold hypothermia,y34,-.0088530024615683
placebo,159,Workload,y11,-.7002228898201269
placebo,159,Overload,y12,-2.469475749087045
placebo,159,Heatstroke,y23,.25495772583501
placebo,159,Severe heatstroke,y24,.3969896741805191
placebo,159,Mild cold hypothermia,y33,-.7112765165034013
placebo,159,Moderate cold hypothermia,y34,-.1607407748031635
placebo,160,Workload,y11,.4874000116489284
placebo,160,Overload,y12,.167516156789696
placebo,160,Heatstroke,y23,.1238317495240331
placebo,160,Severe heatstroke,y24,.2190011596729177
placebo,160,Mild cold hypothermia,y33,-.9446838673607135
placebo,160,Moderate cold hypothermia,y34,-.2425443742009538
placebo,161,Workload,y11,-.1698401854349114
placebo,161,Overload,y12,.2398915028974228
placebo,161,Heatstroke,y23,-.1277595257747755
placebo,161,Severe heatstroke,y24,-.3511229233753426
placebo,161,Mild cold hypothermia,y33,1.180555312084008
placebo,161,Moderate cold hypothermia,y34,.2519897276356183
placebo,162,Workload,y11,.5703996249838533
placebo,162,Overload,y12,-.0123677287275334
placebo,162,Heatstroke,y23,.0241451076871635
placebo,162,Severe heatstroke,y24,.1795380159464242
placebo,162,Mild cold hypothermia,y33,2.369438774916847
placebo,162,Moderate cold hypothermia,y34,-.2647691899571079
placebo,163,Workload,y11,1.297318111025589
placebo,163,Overload,y12,.6990214277814519
placebo,163,Heatstroke,y23,.5316196218064904
placebo,163,Severe heatstroke,y24,.2303185994795294
placebo,163,Mild cold hypothermia,y33,-1.068010143613803
placebo,163,Moderate cold hypothermia,y34,-.1836382640056951
placebo,164,Workload,y11,.0316770945250335
placebo,164,Overload,y12,.27139945064149
placebo,164,Heatstroke,y23,.3978754404889288
placebo,164,Severe heatstroke,y24,.1802937459730691
placebo,164,Mild cold hypothermia,y33,1.054175571285789
placebo,164,Moderate cold hypothermia,y34,.2820650016261744
placebo,165,Workload,y11,-.9127922440544988
placebo,165,Overload,y12,-.5849396952346589
placebo,165,Heatstroke,y23,-.5511742628983857
placebo,165,Severe heatstroke,y24,-.3185136492765413
placebo,165,Mild cold hypothermia,y33,-.5074970425603211
placebo,165,Moderate cold hypothermia,y34,.3565092592880058
placebo,166,Workload,y11,-1.157794381848007
placebo,166,Overload,y12,-4.132276742053302
placebo,166,Heatstroke,y23,-.3327090037241002
placebo,166,Severe heatstroke,y24,.0219014157036355
placebo,166,Mild cold hypothermia,y33,-.1090037571505631
placebo,166,Moderate cold hypothermia,y34,.2979275840814604
placebo,167,Workload,y11,-.6850008228227834
placebo,167,Overload,y12,.012760529171701
placebo,167,Heatstroke,y23,-.301421904060337
placebo,167,Severe heatstroke,y24,.2056230211153786
placebo,167,Mild cold hypothermia,y33,-.6650231057168188
placebo,167,Moderate cold hypothermia,y34,.1510893256489377
placebo,168,Workload,y11,.4591436979482276
placebo,168,Overload,y12,2.641417124549515
placebo,168,Heatstroke,y23,.4005426967668397
placebo,168,Severe heatstroke,y24,-.186473474637025
placebo,168,Mild cold hypothermia,y33,.5829317126963215
placebo,168,Moderate cold hypothermia,y34,.6557764174618291
placebo,169,Workload,y11,.699912589121081
placebo,169,Overload,y12,.7670694157567857
placebo,169,Heatstroke,y23,.3173916872583394
placebo,169,Severe heatstroke,y24,.4313146213384509
placebo,169,Mild cold hypothermia,y33,-.8044710106772283
placebo,169,Moderate cold hypothermia,y34,-.1786476163564625
placebo,170,Workload,y11,-.1732317187632393
placebo,170,Overload,y12,1.340857054067654
placebo,170,Heatstroke,y23,-.2581646382792579
placebo,170,Severe heatstroke,y24,-.2059537551584318
placebo,170,Mild cold hypothermia,y33,-.6983845022172699
placebo,170,Moderate cold hypothermia,y34,-.4388674323336104
placebo,171,Workload,y11,.073715780732994
placebo,171,Overload,y12,.9436084320912953
placebo,171,Heatstroke,y23,.8461330034248424
placebo,171,Severe heatstroke,y24,-.1748714268425984
placebo,171,Mild cold hypothermia,y33,.2348097287775483
placebo,171,Moderate cold hypothermia,y34,.1426067566712856
placebo,172,Workload,y11,.1253186158384274
placebo,172,Overload,y12,1.165753383878237
placebo,172,Heatstroke,y23,-.2531250683692972
placebo,172,Severe heatstroke,y24,-.1601803882875642
placebo,172,Mild cold hypothermia,y33,-.708908361237285
placebo,172,Moderate cold hypothermia,y34,-.454293408133502
placebo,173,Workload,y11,1.90964435985065
placebo,173,Overload,y12,2.553332565753593
placebo,173,Heatstroke,y23,-.4722339258366856
placebo,173,Severe heatstroke,y24,.0080732386991043
placebo,173,Mild cold hypothermia,y33,1.5829699734203
placebo,173,Moderate cold hypothermia,y34,.3929837970207398
placebo,174,Workload,y11,.2024879194826293
placebo,174,Overload,y12,-.1090874523636827
placebo,174,Heatstroke,y23,-.7063234756964575
placebo,174,Severe heatstroke,y24,-.3784457868350926
placebo,174,Mild cold hypothermia,y33,.4784216012622349
placebo,174,Moderate cold hypothermia,y34,-.0188758476975884
placebo,175,Workload,y11,.1860565183808825
placebo,175,Overload,y12,-.9899011646663733
placebo,175,Heatstroke,y23,.2077361438849351
placebo,175,Severe heatstroke,y24,.3678124025627397
placebo,175,Mild cold hypothermia,y33,.3334890515210972
placebo,175,Moderate cold hypothermia,y34,.1320900414667803
placebo,176,Workload,y11,.8648922801128841
placebo,176,Overload,y12,-.697504920936471
placebo,176,Heatstroke,y23,.7269467318712748
placebo,176,Severe heatstroke,y24,.5488246868418831
placebo,176,Mild cold hypothermia,y33,-1.058794834875195
placebo,176,Moderate cold hypothermia,y34,-.240122195336245
placebo,177,Workload,y11,.253925854917672
placebo,177,Overload,y12,-.2909593607578242
placebo,177,Heatstroke,y23,.173974447412011
placebo,177,Severe heatstroke,y24,.4318827042029039
placebo,177,Mild cold hypothermia,y33,.4384523559256936
placebo,177,Moderate cold hypothermia,y34,.0942156461673627
placebo,178,Workload,y11,.2982629863461324
placebo,178,Overload,y12,-1.120015654718411
placebo,178,Heatstroke,y23,.6390983455279617
placebo,178,Severe heatstroke,y24,.0130502647055464
placebo,178,Mild cold hypothermia,y33,1.876825828871445
placebo,178,Moderate cold hypothermia,y34,.8716437192599344
placebo,179,Workload,y11,.0977613727633627
placebo,179,Overload,y12,.5548308871352272
placebo,179,Heatstroke,y23,.3275170240468529
placebo,179,Severe heatstroke,y24,.2383543136476188
placebo,179,Mild cold hypothermia,y33,1.250550967120643
placebo,179,Moderate cold hypothermia,y34,.7921859296014685
placebo,180,Workload,y11,.6058870988520102
placebo,180,Overload,y12,-.1115161696480118
placebo,180,Heatstroke,y23,-.5415664792826757
placebo,180,Severe heatstroke,y24,.005314275724301
placebo,180,Mild cold hypothermia,y33,-1.984245149753112
placebo,180,Moderate cold hypothermia,y34,-.222428991260309
placebo,181,Workload,y11,-.5352423547013915
placebo,181,Overload,y12,-1.146027866529857
placebo,181,Heatstroke,y23,-.1111606262695543
placebo,181,Severe heatstroke,y24,.0230072681540854
placebo,181,Mild cold hypothermia,y33,-.5814960128551566
placebo,181,Moderate cold hypothermia,y34,-.0485105029734017
placebo,182,Workload,y11,-.6294123123065269
placebo,182,Overload,y12,-2.708096021899786
placebo,182,Heatstroke,y23,-.5180611175740842
placebo,182,Severe heatstroke,y24,-.1853693729127474
placebo,182,Mild cold hypothermia,y33,-.3549576887453695
placebo,182,Moderate cold hypothermia,y34,.1336505954040814
placebo,183,Workload,y11,-.2624042997032352
placebo,183,Overload,y12,1.496712210343436
placebo,183,Heatstroke,y23,-.0380257273905718
placebo,183,Severe heatstroke,y24,.2213275214548454
placebo,183,Mild cold hypothermia,y33,.7426435959265922
placebo,183,Moderate cold hypothermia,y34,.0991183131812928
placebo,184,Workload,y11,-.2719302178928811
placebo,184,Overload,y12,-.2019768180038488
placebo,184,Heatstroke,y23,.1236584957057532
placebo,184,Severe heatstroke,y24,-.158205224961588
placebo,184,Mild cold hypothermia,y33,1.488806706557566
placebo,184,Moderate cold hypothermia,y34,-.1517290771666481
placebo,185,Workload,y11,-.4589267959281002
placebo,185,Overload,y12,.1835791958161067
placebo,185,Heatstroke,y23,-.3169318651781657
placebo,185,Severe heatstroke,y24,.0013001459030498
placebo,185,Mild cold hypothermia,y33,1.562881307757722
placebo,185,Moderate cold hypothermia,y34,.6185883307459751
placebo,186,Workload,y11,.2103522794481828
placebo,186,Overload,y12,.3914895747055044
placebo,186,Heatstroke,y23,-.383271153450907
placebo,186,Severe heatstroke,y24,.2558271087047393
placebo,186,Mild cold hypothermia,y33,.53737101614998
placebo,186,Moderate cold hypothermia,y34,-.2657138400034526
placebo,187,Workload,y11,-.545891669593621
placebo,187,Overload,y12,-2.438088335260179
placebo,187,Heatstroke,y23,.4595914430739727
placebo,187,Severe heatstroke,y24,.2139228724028588
placebo,187,Mild cold hypothermia,y33,-.9996547329231921
placebo,187,Moderate cold hypothermia,y34,-.427377526276822
placebo,188,Workload,y11,.345282824565161
placebo,188,Overload,y12,-1.666999747604865
placebo,188,Heatstroke,y23,.1567623972875876
placebo,188,Severe heatstroke,y24,-.018960025519658
placebo,188,Mild cold hypothermia,y33,-.637655107237118
placebo,188,Moderate cold hypothermia,y34,.2807136664936531
placebo,189,Workload,y11,.7041269498802072
placebo,189,Overload,y12,.8351522618752676
placebo,189,Heatstroke,y23,.1198937521978731
placebo,189,Severe heatstroke,y24,.6215902648189324
placebo,189,Mild cold hypothermia,y33,.4323245484172204
placebo,189,Moderate cold hypothermia,y34,.5055259645399932
placebo,190,Workload,y11,-.6913346860748417
placebo,190,Overload,y12,-1.111317877627948
placebo,190,Heatstroke,y23,-.1918342688838273
placebo,190,Severe heatstroke,y24,-.005021396553266
placebo,190,Mild cold hypothermia,y33,.5849525241337674
placebo,190,Moderate cold hypothermia,y34,-.4212273430979288
placebo,191,Workload,y11,-.4109658764070048
placebo,191,Overload,y12,-.9990221473541021
placebo,191,Heatstroke,y23,.2080743472592753
placebo,191,Severe heatstroke,y24,-.1871481954631339
placebo,191,Mild cold hypothermia,y33,-1.15105024416216
placebo,191,Moderate cold hypothermia,y34,-.4850909259571518
placebo,192,Workload,y11,-.2598226345007881
placebo,192,Overload,y12,1.184407279988368
placebo,192,Heatstroke,y23,.6077817634484508
placebo,192,Severe heatstroke,y24,.1988666118513324
placebo,192,Mild cold hypothermia,y33,1.111994478984302
placebo,192,Moderate cold hypothermia,y34,.6752830354546941
placebo,193,Workload,y11,-1.923114828812607
placebo,193,Overload,y12,-2.837038406683101
placebo,193,Heatstroke,y23,-.0378115855401898
placebo,193,Severe heatstroke,y24,-.3802955218457222
placebo,193,Mild cold hypothermia,y33,.213466964572447
placebo,193,Moderate cold hypothermia,y34,.0942427198126639
placebo,194,Workload,y11,.4073496377205625
placebo,194,Overload,y12,.2084740131031615
placebo,194,Heatstroke,y23,-.6125403328726029
placebo,194,Severe heatstroke,y24,-.1546311605519849
placebo,194,Mild cold hypothermia,y33,2.781366818474072
placebo,194,Moderate cold hypothermia,y34,-.087596738216471
placebo,195,Workload,y11,1.297998644641348
placebo,195,Overload,y12,2.952628634918867
placebo,195,Heatstroke,y23,.5043474303525413
placebo,195,Severe heatstroke,y24,-.0058555522812599
placebo,195,Mild cold hypothermia,y33,-.6664883705240648
placebo,195,Moderate cold hypothermia,y34,-.6261270620404172
placebo,196,Workload,y11,-.6244762337377867
placebo,196,Overload,y12,1.72729565738116
placebo,196,Heatstroke,y23,-.0228670642712908
placebo,196,Severe heatstroke,y24,.0445051363508046
placebo,196,Mild cold hypothermia,y33,1.393538743819158
placebo,196,Moderate cold hypothermia,y34,-.2287307911176452
placebo,197,Workload,y11,.0301709757627058
placebo,197,Overload,y12,.4868211227501474
placebo,197,Heatstroke,y23,-.1608618081071121
placebo,197,Severe heatstroke,y24,.0639871378818694
placebo,197,Mild cold hypothermia,y33,.7151516473111573
placebo,197,Moderate cold hypothermia,y34,-.2284060943561597
placebo,198,Workload,y11,-1.656564976437971
placebo,198,Overload,y12,-2.567071921400514
placebo,198,Heatstroke,y23,.4681564600543221
placebo,198,Severe heatstroke,y24,-.1767159394062077
placebo,198,Mild cold hypothermia,y33,-.2288967227185056
placebo,198,Moderate cold hypothermia,y34,.1660161314650264
placebo,199,Workload,y11,-1.102069277414496
placebo,199,Overload,y12,-2.065282522253947
placebo,199,Heatstroke,y23,-.1804044253305146
placebo,199,Severe heatstroke,y24,-.1932466114614414
placebo,199,Mild cold hypothermia,y33,-2.63598826561456
placebo,199,Moderate cold hypothermia,y34,.3245428845161072
placebo,200,Workload,y11,-.5460534406784855
placebo,200,Overload,y12,-1.489187245154309
placebo,200,Heatstroke,y23,.0945950032499254
placebo,200,Severe heatstroke,y24,.4048301838972107
placebo,200,Mild cold hypothermia,y33,1.359844140507805
placebo,200,Moderate cold hypothermia,y34,.5239054528476867
placebo,201,Workload,y11,-1.081762839876743
placebo,201,Overload,y12,-1.962216814088066
placebo,201,Heatstroke,y23,-.2713528734396564
placebo,201,Severe heatstroke,y24,-.3412956860681482
placebo,201,Mild cold hypothermia,y33,.4027491578829017
placebo,201,Moderate cold hypothermia,y34,.0761267923437226
placebo,202,Workload,y11,-.2418368097822507
placebo,202,Overload,y12,-2.234318813003167
placebo,202,Heatstroke,y23,-.7091388359471159
placebo,202,Severe heatstroke,y24,.0025120002580011
placebo,202,Mild cold hypothermia,y33,.0722974208168947
placebo,202,Moderate cold hypothermia,y34,.0765441094676099
placebo,203,Workload,y11,-.7003433494781436
placebo,203,Overload,y12,-2.321635283946151
placebo,203,Heatstroke,y23,.0655017122326704
placebo,203,Severe heatstroke,y24,.0088195088131279
placebo,203,Mild cold hypothermia,y33,.5685586409340153
placebo,203,Moderate cold hypothermia,y34,.0709546817272377
placebo,204,Workload,y11,.6106782945710102
placebo,204,Overload,y12,-.8589944071980552
placebo,204,Heatstroke,y23,-.0547612995199643
placebo,204,Severe heatstroke,y24,.2240054667441994
placebo,204,Mild cold hypothermia,y33,-1.495995770015798
placebo,204,Moderate cold hypothermia,y34,.1101414531032501
placebo,205,Workload,y11,-.0380788632511987
placebo,205,Overload,y12,-.0429009442362298
placebo,205,Heatstroke,y23,.2069425109690458
placebo,205,Severe heatstroke,y24,.2040813935956218
placebo,205,Mild cold hypothermia,y33,-.2101435987349847
placebo,205,Moderate cold hypothermia,y34,.3702259831060812
placebo,206,Workload,y11,1.252668951685525
placebo,206,Overload,y12,2.696236720671266
placebo,206,Heatstroke,y23,.2673889988055236
placebo,206,Severe heatstroke,y24,.1968562881282895
placebo,206,Mild cold hypothermia,y33,.2308984719322727
placebo,206,Moderate cold hypothermia,y34,.613247162321897
placebo,207,Workload,y11,-.4026627896687193
placebo,207,Overload,y12,-1.250482769056875
placebo,207,Heatstroke,y23,-.1700837509168181
placebo,207,Severe heatstroke,y24,-.0088616370686645
placebo,207,Mild cold hypothermia,y33,-.9707280952737646
placebo,207,Moderate cold hypothermia,y34,.1000609625087667
placebo,208,Workload,y11,-.1137081966742454
placebo,208,Overload,y12,-2.258499469558173
placebo,208,Heatstroke,y23,.0867785638107568
placebo,208,Severe heatstroke,y24,.0250131505798856
placebo,208,Mild cold hypothermia,y33,-.3140736806537844
placebo,208,Moderate cold hypothermia,y34,-.6223040746157119
placebo,209,Workload,y11,-.766915345352329
placebo,209,Overload,y12,-6.034108543541531
placebo,209,Heatstroke,y23,-.4077102014926824
placebo,209,Severe heatstroke,y24,.0461623687286374
placebo,209,Mild cold hypothermia,y33,-1.317460824630639
placebo,209,Moderate cold hypothermia,y34,-.4279222835405896
placebo,210,Workload,y11,-1.298679992858965
placebo,210,Overload,y12,-1.694869101115033
placebo,210,Heatstroke,y23,.0980024207198789
placebo,210,Severe heatstroke,y24,.2239775287069358
placebo,210,Mild cold hypothermia,y33,-.6182679687120239
placebo,210,Moderate cold hypothermia,y34,-.2441866969695609
placebo,211,Workload,y11,2.04371602430523
placebo,211,Overload,y12,2.452755342950241
placebo,211,Heatstroke,y23,-.0018402354777605
placebo,211,Severe heatstroke,y24,.178739834625226
placebo,211,Mild cold hypothermia,y33,-.033220670466926
placebo,211,Moderate cold hypothermia,y34,-.4424155952203108
placebo,212,Workload,y11,-.7079537926509253
placebo,212,Overload,y12,-2.216246049022164
placebo,212,Heatstroke,y23,.6405949349101225
placebo,212,Severe heatstroke,y24,.2098221133414135
placebo,212,Mild cold hypothermia,y33,1.338413951066609
placebo,212,Moderate cold hypothermia,y34,-.0311287996956674
placebo,213,Workload,y11,-.0950873886625764
placebo,213,Overload,y12,-1.640843614146939
placebo,213,Heatstroke,y23,.1540857530114144
placebo,213,Severe heatstroke,y24,.3562387064804122
placebo,213,Mild cold hypothermia,y33,.1359383571773126
placebo,213,Moderate cold hypothermia,y34,.3378462301341963
placebo,214,Workload,y11,-.448197403822347
placebo,214,Overload,y12,-.5242669982695632
placebo,214,Heatstroke,y23,.1098885136130174
placebo,214,Severe heatstroke,y24,.39451317040345
placebo,214,Mild cold hypothermia,y33,-.0335337976665164
placebo,214,Moderate cold hypothermia,y34,.2517679717389609
placebo,215,Workload,y11,1.995053253676308
placebo,215,Overload,y12,1.414924414350582
placebo,215,Heatstroke,y23,.0179347529316243
placebo,215,Severe heatstroke,y24,.0025822058918034
placebo,215,Mild cold hypothermia,y33,-1.662760601502494
placebo,215,Moderate cold hypothermia,y34,-.0204762786701941
placebo,216,Workload,y11,-1.22813331522779
placebo,216,Overload,y12,-3.23236775475178
placebo,216,Heatstroke,y23,.0189780414376191
placebo,216,Severe heatstroke,y24,-.1838120267590521
placebo,216,Mild cold hypothermia,y33,.5628243826846739
placebo,216,Moderate cold hypothermia,y34,-.1261519277721217
placebo,217,Workload,y11,.4105719193210334
placebo,217,Overload,y12,-.1689072606143011
placebo,217,Heatstroke,y23,.1906184819549914
placebo,217,Severe heatstroke,y24,.3520043639918873
placebo,217,Mild cold hypothermia,y33,-.5473299673725658
placebo,217,Moderate cold hypothermia,y34,.0811374251599969
placebo,218,Workload,y11,-.417547514983854
placebo,218,Overload,y12,-1.241227161280606
placebo,218,Heatstroke,y23,.0005199688775617
placebo,218,Severe heatstroke,y24,.3782627725015666
placebo,218,Mild cold hypothermia,y33,-1.067557436949967
placebo,218,Moderate cold hypothermia,y34,-.0738306739130186
placebo,219,Workload,y11,.7534409447419862
placebo,219,Overload,y12,2.277595851751375
placebo,219,Heatstroke,y23,.2590446366419958
placebo,219,Severe heatstroke,y24,-.1742212024221428
placebo,219,Mild cold hypothermia,y33,.8329284961718402
placebo,219,Moderate cold hypothermia,y34,.0610315233544328
placebo,220,Workload,y11,-.4896823002652075
placebo,220,Overload,y12,.3029386587270212
placebo,220,Heatstroke,y23,-.4323978503527045
placebo,220,Severe heatstroke,y24,-.1459037284325221
placebo,220,Mild cold hypothermia,y33,-.4637803626390158
placebo,220,Moderate cold hypothermia,y34,-.0084701269885686
placebo,221,Workload,y11,1.571178801753568
placebo,221,Overload,y12,4.070596230154207
placebo,221,Heatstroke,y23,.0967945048225025
placebo,221,Severe heatstroke,y24,.2097416934972685
placebo,221,Mild cold hypothermia,y33,.1394717413616276
placebo,221,Moderate cold hypothermia,y34,-.8791915964609562
placebo,222,Workload,y11,1.172061080375543
placebo,222,Overload,y12,2.113363410803565
placebo,222,Heatstroke,y23,.165180425431546
placebo,222,Severe heatstroke,y24,.0525024189641377
placebo,222,Mild cold hypothermia,y33,.4642382915450992
placebo,222,Moderate cold hypothermia,y34,.5451917288218441
placebo,223,Workload,y11,.1736068530988701
placebo,223,Overload,y12,-1.792481450402057
placebo,223,Heatstroke,y23,-.5749495001568966
placebo,223,Severe heatstroke,y24,-.1271395615174124
placebo,223,Mild cold hypothermia,y33,.8822846728768967
placebo,223,Moderate cold hypothermia,y34,-.0227148332079655
placebo,224,Workload,y11,.0975038578664912
placebo,224,Overload,y12,.0765258875837538
placebo,224,Heatstroke,y23,.4668620781101348
placebo,224,Severe heatstroke,y24,.2034862321064431
placebo,224,Mild cold hypothermia,y33,-.5060497535324298
placebo,224,Moderate cold hypothermia,y34,-.1267088258951898
placebo,225,Workload,y11,-.3737739225590132
placebo,225,Overload,y12,.7229867882556624
placebo,225,Heatstroke,y23,-.4391926349260215
placebo,225,Severe heatstroke,y24,-.1598592572206314
placebo,225,Mild cold hypothermia,y33,.0438284936446362
placebo,225,Moderate cold hypothermia,y34,-.6600290629456694
placebo,226,Workload,y11,-.0995607254298853
placebo,226,Overload,y12,1.971455402665794
placebo,226,Heatstroke,y23,.3744488789390578
placebo,226,Severe heatstroke,y24,-.1407236634750448
placebo,226,Mild cold hypothermia,y33,.4721647047906326
placebo,226,Moderate cold hypothermia,y34,.0736721039842041
placebo,227,Workload,y11,.3325800213372462
placebo,227,Overload,y12,.7523089154464948
placebo,227,Heatstroke,y23,-.5476699054901047
placebo,227,Severe heatstroke,y24,-.3862276197013742
placebo,227,Mild cold hypothermia,y33,-1.784371624480645
placebo,227,Moderate cold hypothermia,y34,.5403175467464405
placebo,228,Workload,y11,-.394269150063827
placebo,228,Overload,y12,-1.857417793325269
placebo,228,Heatstroke,y23,-.2864682360321517
placebo,228,Severe heatstroke,y24,-.3695933719287556
placebo,228,Mild cold hypothermia,y33,-1.152853024980707
placebo,228,Moderate cold hypothermia,y34,-.0485558421627424
placebo,229,Workload,y11,-1.308226977725365
placebo,229,Overload,y12,-1.778220382069013
placebo,229,Heatstroke,y23,.0700883545539283
placebo,229,Severe heatstroke,y24,-.163266728473049
placebo,229,Mild cold hypothermia,y33,.1083424723409886
placebo,229,Moderate cold hypothermia,y34,-.2325963019762841
placebo,230,Workload,y11,.0831986075299563
placebo,230,Overload,y12,-.019640291442258
placebo,230,Heatstroke,y23,.0515271137409584
placebo,230,Severe heatstroke,y24,.0132215749262056
placebo,230,Mild cold hypothermia,y33,-.0684643748628811
placebo,230,Moderate cold hypothermia,y34,-.1200232350590155
placebo,231,Workload,y11,.8301563258231039
placebo,231,Overload,y12,1.130156001741342
placebo,231,Heatstroke,y23,-.1142458764701166
placebo,231,Severe heatstroke,y24,.0218942294946743
placebo,231,Mild cold hypothermia,y33,-1.997845664675671
placebo,231,Moderate cold hypothermia,y34,.5098421348873168
placebo,232,Workload,y11,-.7669139968450093
placebo,232,Overload,y12,-1.992877686491374
placebo,232,Heatstroke,y23,.6143899108546405
placebo,232,Severe heatstroke,y24,-.159939713675099
placebo,232,Mild cold hypothermia,y33,-.3414066045457563
placebo,232,Moderate cold hypothermia,y34,.0406850141900307
placebo,233,Workload,y11,-.2233059280018829
placebo,233,Overload,y12,.8638395912779375
placebo,233,Heatstroke,y23,.2651202821862221
placebo,233,Severe heatstroke,y24,-.3495786311577859
placebo,233,Mild cold hypothermia,y33,-.7496259179939805
placebo,233,Moderate cold hypothermia,y34,.0588779569081844
placebo,234,Workload,y11,-.8978150568345479
placebo,234,Overload,y12,-.7095349849618675
placebo,234,Heatstroke,y23,-.3188647551640362
placebo,234,Severe heatstroke,y24,-.3635575232759881
placebo,234,Mild cold hypothermia,y33,.1603951222251407
placebo,234,Moderate cold hypothermia,y34,-.0629520287693521
placebo,235,Workload,y11,.9789244763443372
placebo,235,Overload,y12,1.316805917878296
placebo,235,Heatstroke,y23,.3001390606593869
placebo,235,Severe heatstroke,y24,.529058999886342
placebo,235,Mild cold hypothermia,y33,.0232055857515178
placebo,235,Moderate cold hypothermia,y34,-.2608170148138046
placebo,236,Workload,y11,-.003941266671664
placebo,236,Overload,y12,-.5415905111327151
placebo,236,Heatstroke,y23,-.2327148551352387
placebo,236,Severe heatstroke,y24,.2348299239229122
placebo,236,Mild cold hypothermia,y33,-1.030720755585496
placebo,236,Moderate cold hypothermia,y34,-.2061116692640786
placebo,237,Workload,y11,.474275285070501
placebo,237,Overload,y12,-.8188259903281864
placebo,237,Heatstroke,y23,.4297031434211834
placebo,237,Severe heatstroke,y24,.387764036667037
placebo,237,Mild cold hypothermia,y33,-.6246978553528172
placebo,237,Moderate cold hypothermia,y34,-.3856373280309173
placebo,238,Workload,y11,.3549297037506641
placebo,238,Overload,y12,1.05759659484004
placebo,238,Heatstroke,y23,.1012770761607194
placebo,238,Severe heatstroke,y24,.156185550810874
placebo,238,Mild cold hypothermia,y33,1.329626810447876
placebo,238,Moderate cold hypothermia,y34,.0497084690740807
placebo,239,Workload,y11,-1.237962630784355
placebo,239,Overload,y12,.142335202445263
placebo,239,Heatstroke,y23,-.2216120215955193
placebo,239,Severe heatstroke,y24,-.1463887442698757
placebo,239,Mild cold hypothermia,y33,.1247558071238957
placebo,239,Moderate cold hypothermia,y34,-.1122630844615445
placebo,240,Workload,y11,-1.417497222340515
placebo,240,Overload,y12,-.290231303325903
placebo,240,Heatstroke,y23,-.6359892803494727
placebo,240,Severe heatstroke,y24,-.1592132348032013
placebo,240,Mild cold hypothermia,y33,-1.150098173011105
placebo,240,Moderate cold hypothermia,y34,-.2318130354453832
placebo,241,Workload,y11,.7990991143978703
placebo,241,Overload,y12,1.566541283743214
placebo,241,Heatstroke,y23,-.1573969511884811
placebo,241,Severe heatstroke,y24,-.3471958255312551
placebo,241,Mild cold hypothermia,y33,.4019089559711403
placebo,241,Moderate cold hypothermia,y34,.2756781659947882
placebo,242,Workload,y11,.2212636847111557
placebo,242,Overload,y12,-2.050096730793445
placebo,242,Heatstroke,y23,.3165145157431838
placebo,242,Severe heatstroke,y24,-.1637563759112084
placebo,242,Mild cold hypothermia,y33,-1.987843913019622
placebo,242,Moderate cold hypothermia,y34,-.0498010242106043
placebo,243,Workload,y11,-.1140149166565139
placebo,243,Overload,y12,1.810890689467032
placebo,243,Heatstroke,y23,-.1621915362357425
placebo,243,Severe heatstroke,y24,.2566512979888769
placebo,243,Mild cold hypothermia,y33,-.4928755591886158
placebo,243,Moderate cold hypothermia,y34,-.440132894550664
placebo,244,Workload,y11,-.1390288041384787
placebo,244,Overload,y12,.445953770963566
placebo,244,Heatstroke,y23,.1923891318134114
placebo,244,Severe heatstroke,y24,-.1922767846952117
placebo,244,Mild cold hypothermia,y33,-.221716868460316
placebo,244,Moderate cold hypothermia,y34,.2566619700537176
placebo,245,Workload,y11,1.008306168079644
placebo,245,Overload,y12,3.087723757431638
placebo,245,Heatstroke,y23,.3179672644740383
placebo,245,Severe heatstroke,y24,.0360796693445133
placebo,245,Mild cold hypothermia,y33,-.2215691758825699
placebo,245,Moderate cold hypothermia,y34,-.28373117132853
placebo,246,Workload,y11,-.2475521810630359
placebo,246,Overload,y12,.2722848178632996
placebo,246,Heatstroke,y23,.2976699347312957
placebo,246,Severe heatstroke,y24,.3952068741984866
placebo,246,Mild cold hypothermia,y33,.1781256432858347
placebo,246,Moderate cold hypothermia,y34,.2687103086725585
placebo,247,Workload,y11,.8287809322448458
placebo,247,Overload,y12,2.465684693933154
placebo,247,Heatstroke,y23,-.5084846212065492
placebo,247,Severe heatstroke,y24,-.361557744164514
placebo,247,Mild cold hypothermia,y33,.1170350056298734
placebo,247,Moderate cold hypothermia,y34,.4966859452413684
placebo,248,Workload,y11,.0833181643268508
placebo,248,Overload,y12,.3269562006975653
placebo,248,Heatstroke,y23,-.0559460446460057
placebo,248,Severe heatstroke,y24,-.1985228469710275
placebo,248,Mild cold hypothermia,y33,-.5602519689485227
placebo,248,Moderate cold hypothermia,y34,-.4234435434373546
placebo,249,Workload,y11,.4820572376905852
placebo,249,Overload,y12,2.008369054191836
placebo,249,Heatstroke,y23,-.5904687123409973
placebo,249,Severe heatstroke,y24,-.0144317786437264
placebo,249,Mild cold hypothermia,y33,.5657419198402956
placebo,249,Moderate cold hypothermia,y34,-.2889766458000924
placebo,250,Workload,y11,.4745325899841334
placebo,250,Overload,y12,-.7483308511317877
placebo,250,Heatstroke,y23,.1533887183599253
placebo,250,Severe heatstroke,y24,.2234719629765687
placebo,250,Mild cold hypothermia,y33,-.1906863801857586
placebo,250,Moderate cold hypothermia,y34,-.2835643738727998
placebo,251,Workload,y11,-.8905190346870023
placebo,251,Overload,y12,-1.120640873137531
placebo,251,Heatstroke,y23,-.2291737973265273
placebo,251,Severe heatstroke,y24,-.1524903966212957
placebo,251,Mild cold hypothermia,y33,.8366528037415801
placebo,251,Moderate cold hypothermia,y34,.2953302554498348
placebo,252,Workload,y11,.8915007207520806
placebo,252,Overload,y12,1.720177106870773
placebo,252,Heatstroke,y23,-.0105388927820323
placebo,252,Severe heatstroke,y24,-.3361755011170883
placebo,252,Mild cold hypothermia,y33,.5316117565310032
placebo,252,Moderate cold hypothermia,y34,-.4346883780945308
placebo,253,Workload,y11,.6612097235172631
placebo,253,Overload,y12,5.378333404028766
placebo,253,Heatstroke,y23,.1596948717146561
placebo,253,Severe heatstroke,y24,.0023302807100902
placebo,253,Mild cold hypothermia,y33,1.653557885874705
placebo,253,Moderate cold hypothermia,y34,-.0572575286355895
placebo,254,Workload,y11,-.7138600297005582
placebo,254,Overload,y12,-.997775941389669
placebo,254,Heatstroke,y23,-.140443651564936
placebo,254,Severe heatstroke,y24,-.3649783337626578
placebo,254,Mild cold hypothermia,y33,-.5274455525776011
placebo,254,Moderate cold hypothermia,y34,.5040773195946685
placebo,255,Workload,y11,1.53107172466456
placebo,255,Overload,y12,1.114450033672369
placebo,255,Heatstroke,y23,.5202442999679725
placebo,255,Severe heatstroke,y24,.2231587205711247
placebo,255,Mild cold hypothermia,y33,.0384018667166798
placebo,255,Moderate cold hypothermia,y34,-.6470096414432095
placebo,256,Workload,y11,1.392247872857297
placebo,256,Overload,y12,-.8152055933098209
placebo,256,Heatstroke,y23,.8049534422566909
placebo,256,Severe heatstroke,y24,.2030617536866631
placebo,256,Mild cold hypothermia,y33,-.4474167518094989
placebo,256,Moderate cold hypothermia,y34,.1624112113929783
placebo,257,Workload,y11,-.0425669468945786
placebo,257,Overload,y12,.669646035291442
placebo,257,Heatstroke,y23,-.0672858551576889
placebo,257,Severe heatstroke,y24,.3884185025251866
placebo,257,Mild cold hypothermia,y33,-.6167360468302818
placebo,257,Moderate cold hypothermia,y34,-.0856245157949916
placebo,258,Workload,y11,-.828261308559476
placebo,258,Overload,y12,-1.526109554871155
placebo,258,Heatstroke,y23,-.4964363030228435
placebo,258,Severe heatstroke,y24,-.1687748007978176
placebo,258,Mild cold hypothermia,y33,-1.48476554955691
placebo,258,Moderate cold hypothermia,y34,.6427385366774208
placebo,259,Workload,y11,.6777236824523489
placebo,259,Overload,y12,2.301855081738535
placebo,259,Heatstroke,y23,-.5097327997043638
placebo,259,Severe heatstroke,y24,-.31179125334889
placebo,259,Mild cold hypothermia,y33,.6044517327712605
placebo,259,Moderate cold hypothermia,y34,-.2447356220790227
placebo,260,Workload,y11,-.5614250959186655
placebo,260,Overload,y12,-.76300675612294
placebo,260,Heatstroke,y23,-.1429437925513084
placebo,260,Severe heatstroke,y24,-.1633014204198228
placebo,260,Mild cold hypothermia,y33,.8291731017622646
placebo,260,Moderate cold hypothermia,y34,.0318043139272872
placebo,261,Workload,y11,-.1501269368747958
placebo,261,Overload,y12,-.2782644041300513
placebo,261,Heatstroke,y23,.0953904046898711
placebo,261,Severe heatstroke,y24,.0192158799753584
placebo,261,Mild cold hypothermia,y33,.3620158641531135
placebo,261,Moderate cold hypothermia,y34,.2891909410351375
placebo,262,Workload,y11,.7558309128870753
placebo,262,Overload,y12,4.056104918436957
placebo,262,Heatstroke,y23,.2292498534947569
placebo,262,Severe heatstroke,y24,.3883391684495201
placebo,262,Mild cold hypothermia,y33,-.9815059420162527
placebo,262,Moderate cold hypothermia,y34,.1396919532375046
placebo,263,Workload,y11,.1808429464865452
placebo,263,Overload,y12,-2.273780813932912
placebo,263,Heatstroke,y23,-.0153442498325592
placebo,263,Severe heatstroke,y24,-.3285482210376558
placebo,263,Mild cold hypothermia,y33,-2.319560061735559
placebo,263,Moderate cold hypothermia,y34,-.0945129251691887
placebo,264,Workload,y11,-1.122367778383524
placebo,264,Overload,y12,-.4787276301072214
placebo,264,Heatstroke,y23,-.7291444412790895
placebo,264,Severe heatstroke,y24,-.1945998221833483
placebo,264,Mild cold hypothermia,y33,-.1770478073973486
placebo,264,Moderate cold hypothermia,y34,-.4313704453603628
placebo,265,Workload,y11,-1.086751973018842
placebo,265,Overload,y12,-2.308865808303777
placebo,265,Heatstroke,y23,-.1413699390032482
placebo,265,Severe heatstroke,y24,-.1704355516167762
placebo,265,Mild cold hypothermia,y33,-1.068610911105842
placebo,265,Moderate cold hypothermia,y34,-.2895895420046126
placebo,266,Workload,y11,-2.415371427709303
placebo,266,Overload,y12,-4.684731663951506
placebo,266,Heatstroke,y23,-.3861871493008047
placebo,266,Severe heatstroke,y24,-.3300332179296568
placebo,266,Mild cold hypothermia,y33,.7130450654758694
placebo,266,Moderate cold hypothermia,y34,.4705482491090954
placebo,267,Workload,y11,-.1115006132702635
placebo,267,Overload,y12,1.159871757941249
placebo,267,Heatstroke,y23,.3538415900778979
placebo,267,Severe heatstroke,y24,.4221941078266992
placebo,267,Mild cold hypothermia,y33,.0352805499063261
placebo,267,Moderate cold hypothermia,y34,.1271537952387764
placebo,268,Workload,y11,.5117371943404184
placebo,268,Overload,y12,2.428826706463466
placebo,268,Heatstroke,y23,.3506310866595019
placebo,268,Severe heatstroke,y24,.3516446823110275
placebo,268,Mild cold hypothermia,y33,.3562218539780375
placebo,268,Moderate cold hypothermia,y34,-.1246197899528972
placebo,269,Workload,y11,-1.12530651634143
placebo,269,Overload,y12,-1.796843944422438
placebo,269,Heatstroke,y23,.1844459388391758
placebo,269,Severe heatstroke,y24,-.1388422676061906
placebo,269,Mild cold hypothermia,y33,-.5783002594326055
placebo,269,Moderate cold hypothermia,y34,-.8009003956640283
placebo,270,Workload,y11,.2698857209091146
placebo,270,Overload,y12,1.06869425316021
placebo,270,Heatstroke,y23,-.0984561634968377
placebo,270,Severe heatstroke,y24,.0187965391472344
placebo,270,Mild cold hypothermia,y33,.0935956934865852
placebo,270,Moderate cold hypothermia,y34,.3604493291156423
placebo,271,Workload,y11,.0360154823047787
placebo,271,Overload,y12,1.59077567024415
placebo,271,Heatstroke,y23,.3427230434685254
placebo,271,Severe heatstroke,y24,.4288988474523825
placebo,271,Mild cold hypothermia,y33,.1067622909659499
placebo,271,Moderate cold hypothermia,y34,-.6179126503646377
placebo,272,Workload,y11,.3253422094911672
placebo,272,Overload,y12,.7867625771379642
placebo,272,Heatstroke,y23,.453080782238205
placebo,272,Severe heatstroke,y24,.5134265906410526
placebo,272,Mild cold hypothermia,y33,.2062291096681477
placebo,272,Moderate cold hypothermia,y34,-.4329680467602872
placebo,273,Workload,y11,1.177833484973325
placebo,273,Overload,y12,3.068824994280042
placebo,273,Heatstroke,y23,.1784477667262946
placebo,273,Severe heatstroke,y24,.0474794158969954
placebo,273,Mild cold hypothermia,y33,2.121211661271304
placebo,273,Moderate cold hypothermia,y34,-.4326091319897689
placebo,274,Workload,y11,.0691283774079564
placebo,274,Overload,y12,2.525380478703834
placebo,274,Heatstroke,y23,-.1939060738628839
placebo,274,Severe heatstroke,y24,.0522000730164116
placebo,274,Mild cold hypothermia,y33,-.364460117475153
placebo,274,Moderate cold hypothermia,y34,-.0581554842195057
placebo,275,Workload,y11,-2.111563168462493
placebo,275,Overload,y12,-1.818330561763288
placebo,275,Heatstroke,y23,-.2946741707353777
placebo,275,Severe heatstroke,y24,.2170075867694841
placebo,275,Mild cold hypothermia,y33,-.4043691797465936
placebo,275,Moderate cold hypothermia,y34,.1502850727976417
placebo,276,Workload,y11,-.9335876511098468
placebo,276,Overload,y12,-2.295569242489362
placebo,276,Heatstroke,y23,-1.006427854224639
placebo,276,Severe heatstroke,y24,-.3371358198055896
placebo,276,Mild cold hypothermia,y33,-.5410457838024099
placebo,276,Moderate cold hypothermia,y34,-.0855526331235606
placebo,277,Workload,y11,.0690039280997123
placebo,277,Overload,y12,.7606617715915202
placebo,277,Heatstroke,y23,-.456207963482524
placebo,277,Severe heatstroke,y24,-.1552571727310997
placebo,277,Mild cold hypothermia,y33,-.5102534899823301
placebo,277,Moderate cold hypothermia,y34,.0398212950233631
placebo,278,Workload,y11,.1806508178077588
placebo,278,Overload,y12,.0690365178317302
placebo,278,Heatstroke,y23,.0552113250806698
placebo,278,Severe heatstroke,y24,.0052093725549627
placebo,278,Mild cold hypothermia,y33,.6031762457013025
placebo,278,Moderate cold hypothermia,y34,-.1073246404233717
placebo,279,Workload,y11,-.6380373006369472
placebo,279,Overload,y12,-3.786227075653564
placebo,279,Heatstroke,y23,-.7327045600295826
placebo,279,Severe heatstroke,y24,-.3197113374825381
placebo,279,Mild cold hypothermia,y33,.8894645632829429
placebo,279,Moderate cold hypothermia,y34,-.0783410119767133
placebo,280,Workload,y11,1.012618778426833
placebo,280,Overload,y12,-.0626133544475881
placebo,280,Heatstroke,y23,-.5265242928438204
placebo,280,Severe heatstroke,y24,.018364564412615
placebo,280,Mild cold hypothermia,y33,-.0741983293680875
placebo,280,Moderate cold hypothermia,y34,-.453309804293116
placebo,281,Workload,y11,.9621871416081368
placebo,281,Overload,y12,.6859566504582493
placebo,281,Heatstroke,y23,.311563555216851
placebo,281,Severe heatstroke,y24,.0467966515332088
placebo,281,Mild cold hypothermia,y33,.5209967667993503
placebo,281,Moderate cold hypothermia,y34,-.4423208984741644
placebo,282,Workload,y11,-1.134762968185422
placebo,282,Overload,y12,-2.631174272861143
placebo,282,Heatstroke,y23,.0910378080668397
placebo,282,Severe heatstroke,y24,-.1672375042191863
placebo,282,Mild cold hypothermia,y33,-.8463704971438625
placebo,282,Moderate cold hypothermia,y34,-.0857455800782592
placebo,283,Workload,y11,-.397051509839338
placebo,283,Overload,y12,-1.751484326294978
placebo,283,Heatstroke,y23,-.858486283733668
placebo,283,Severe heatstroke,y24,-.3542290545378423
placebo,283,Mild cold hypothermia,y33,.4354414285352012
placebo,283,Moderate cold hypothermia,y34,.1099625646087764
placebo,284,Workload,y11,.4035216466193562
placebo,284,Overload,y12,1.420957602330397
placebo,284,Heatstroke,y23,.6555209120597645
placebo,284,Severe heatstroke,y24,.0288233291374934
placebo,284,Mild cold hypothermia,y33,-.087745635869306
placebo,284,Moderate cold hypothermia,y34,.4744600581465047
placebo,285,Workload,y11,-1.246587721744546
placebo,285,Overload,y12,-.6960450259030783
placebo,285,Heatstroke,y23,-.2993624250989092
placebo,285,Severe heatstroke,y24,-.173181113166961
placebo,285,Mild cold hypothermia,y33,1.742039777952117
placebo,285,Moderate cold hypothermia,y34,.1107976689754637
placebo,286,Workload,y11,-.0289498722059973
placebo,286,Overload,y12,2.849375587683459
placebo,286,Heatstroke,y23,.2990437924142968
placebo,286,Severe heatstroke,y24,.0359199891565122
placebo,286,Mild cold hypothermia,y33,-.4670738727279157
placebo,286,Moderate cold hypothermia,y34,.01740972123364
placebo,287,Workload,y11,-.2221741017903869
placebo,287,Overload,y12,1.102514441915505
placebo,287,Heatstroke,y23,-.1087148817829655
placebo,287,Severe heatstroke,y24,-.1623072495981211
placebo,287,Mild cold hypothermia,y33,-.3641441611171731
placebo,287,Moderate cold hypothermia,y34,-.6184867504535988
placebo,288,Workload,y11,.8811609220560767
placebo,288,Overload,y12,.7273193081890125
placebo,288,Heatstroke,y23,.2454197097417716
placebo,288,Severe heatstroke,y24,-.1127681221992564
placebo,288,Mild cold hypothermia,y33,.3935836223302762
placebo,288,Moderate cold hypothermia,y34,-.3860297159717257
placebo,289,Workload,y11,.1638321393237182
placebo,289,Overload,y12,1.168736630101718
placebo,289,Heatstroke,y23,.0313806061758434
placebo,289,Severe heatstroke,y24,.1771365831142099
placebo,289,Mild cold hypothermia,y33,.3507092532235916
placebo,289,Moderate cold hypothermia,y34,.4631308153472385
placebo,290,Workload,y11,1.521220773363428
placebo,290,Overload,y12,2.258071614370834
placebo,290,Heatstroke,y23,-.0070961023411266
placebo,290,Severe heatstroke,y24,-.141616071172288
placebo,290,Mild cold hypothermia,y33,.2576996669573699
placebo,290,Moderate cold hypothermia,y34,.5143515839930237
placebo,291,Workload,y11,-.7087033523545684
placebo,291,Overload,y12,-.8727751679508992
placebo,291,Heatstroke,y23,-.1344625520317359
placebo,291,Severe heatstroke,y24,-.1824674170592667
placebo,291,Mild cold hypothermia,y33,.6891874285378885
placebo,291,Moderate cold hypothermia,y34,.2279214238043401
placebo,292,Workload,y11,1.908948272830285
placebo,292,Overload,y12,1.198130897729288
placebo,292,Heatstroke,y23,-.3026400740961714
placebo,292,Severe heatstroke,y24,-.164247947734028
placebo,292,Mild cold hypothermia,y33,.0137998103102099
placebo,292,Moderate cold hypothermia,y34,.0888209945639582
placebo,293,Workload,y11,-.7135909670736414
placebo,293,Overload,y12,.3395158952076196
placebo,293,Heatstroke,y23,.0736350470111693
placebo,293,Severe heatstroke,y24,.2218088901836619
placebo,293,Mild cold hypothermia,y33,.8151144114650368
placebo,293,Moderate cold hypothermia,y34,-.0411019052642403
placebo,294,Workload,y11,-.1102677038377569
placebo,294,Overload,y12,.5526466493244285
placebo,294,Heatstroke,y23,-.0339310457219279
placebo,294,Severe heatstroke,y24,-.0158634781701155
placebo,294,Mild cold hypothermia,y33,2.160179462324006
placebo,294,Moderate cold hypothermia,y34,.438938774018133
placebo,295,Workload,y11,.3732985009852487
placebo,295,Overload,y12,-.4991018229364053
placebo,295,Heatstroke,y23,-.0656642030846478
placebo,295,Severe heatstroke,y24,-.0262276896656776
placebo,295,Mild cold hypothermia,y33,.0743869105489774
placebo,295,Moderate cold hypothermia,y34,-.0362815601758035
placebo,296,Workload,y11,-1.561178796206315
placebo,296,Overload,y12,-3.931257521597293
placebo,296,Heatstroke,y23,-.6189565066694348
placebo,296,Severe heatstroke,y24,-.1450782731052413
placebo,296,Mild cold hypothermia,y33,.4469990035532914
placebo,296,Moderate cold hypothermia,y34,-.2635060209164405
placebo,297,Workload,y11,-1.565635112155945
placebo,297,Overload,y12,-3.294997626611393
placebo,297,Heatstroke,y23,-.1254843213967833
placebo,297,Severe heatstroke,y24,-.3562225647337303
placebo,297,Mild cold hypothermia,y33,-.0805301052109296
placebo,297,Moderate cold hypothermia,y34,.2782213402672537
placebo,298,Workload,y11,-.1234118904253388
placebo,298,Overload,y12,-.6669628733121943
placebo,298,Heatstroke,y23,.341155927376663
placebo,298,Severe heatstroke,y24,.7345300761418589
placebo,298,Mild cold hypothermia,y33,-1.024639017386836
placebo,298,Moderate cold hypothermia,y34,-.4638262045546708
placebo,299,Workload,y11,-.115951580936534
placebo,299,Overload,y12,1.088924039668505
placebo,299,Heatstroke,y23,-.6351834811062126
placebo,299,Severe heatstroke,y24,-.1589380711040237
placebo,299,Mild cold hypothermia,y33,-1.107004274560152
placebo,299,Moderate cold hypothermia,y34,-.2252877268685622
placebo,300,Workload,y11,-.6082688524000696
placebo,300,Overload,y12,1.430029072186647
placebo,300,Heatstroke,y23,-.678306816053486
placebo,300,Severe heatstroke,y24,-.1698267955518889
placebo,300,Mild cold hypothermia,y33,1.653069409167219
placebo,300,Moderate cold hypothermia,y34,.2462242272396134
placebo,301,Workload,y11,-.1253854843590882
placebo,301,Overload,y12,-.1475145820084098
placebo,301,Heatstroke,y23,-.2214031398828064
placebo,301,Severe heatstroke,y24,-.1316790155176143
placebo,301,Mild cold hypothermia,y33,1.144299611683191
placebo,301,Moderate cold hypothermia,y34,.1063364889937344
placebo,302,Workload,y11,.5819016878967939
placebo,302,Overload,y12,.3812953657443173
placebo,302,Heatstroke,y23,.0350762289061911
placebo,302,Severe heatstroke,y24,-.3481003705312514
placebo,302,Mild cold hypothermia,y33,-.8420227890785627
placebo,302,Moderate cold hypothermia,y34,.2615288924303577
placebo,303,Workload,y11,-.6857705923542078
placebo,303,Overload,y12,-2.494863037722557
placebo,303,Heatstroke,y23,-.2741644617983293
placebo,303,Severe heatstroke,y24,-.1531272886976465
placebo,303,Mild cold hypothermia,y33,.4812720662071445
placebo,303,Moderate cold hypothermia,y34,.3135208970259434
placebo,304,Workload,y11,-.1701848285884861
placebo,304,Overload,y12,-2.346053432934125
placebo,304,Heatstroke,y23,.0926586257834537
placebo,304,Severe heatstroke,y24,.0180414739108743
placebo,304,Mild cold hypothermia,y33,-.5672404169476049
placebo,304,Moderate cold hypothermia,y34,.0981842282802066
placebo,305,Workload,y11,-2.04878267380574
placebo,305,Overload,y12,-2.92442530215213
placebo,305,Heatstroke,y23,-.3752482826642187
placebo,305,Severe heatstroke,y24,-.137938339500604
placebo,305,Mild cold hypothermia,y33,-1.293281271837724
placebo,305,Moderate cold hypothermia,y34,-.0068763645699064
placebo,306,Workload,y11,-.0972289915139832
placebo,306,Overload,y12,1.583799859820949
placebo,306,Heatstroke,y23,.0859184231881138
placebo,306,Severe heatstroke,y24,.2162018372832747
placebo,306,Mild cold hypothermia,y33,-1.417189484010567
placebo,306,Moderate cold hypothermia,y34,-.6432166716773006
placebo,307,Workload,y11,.7392382775357556
placebo,307,Overload,y12,3.48290068008944
placebo,307,Heatstroke,y23,-.4488446312262525
placebo,307,Severe heatstroke,y24,.2056689936322516
placebo,307,Mild cold hypothermia,y33,-1.056594335561988
placebo,307,Moderate cold hypothermia,y34,.0457861859531021
placebo,308,Workload,y11,-1.130991202663333
placebo,308,Overload,y12,-1.831369046588144
placebo,308,Heatstroke,y23,.2824163028348453
placebo,308,Severe heatstroke,y24,.2248901358158308
placebo,308,Mild cold hypothermia,y33,-1.89047736127496
placebo,308,Moderate cold hypothermia,y34,-.4081632423503038
placebo,309,Workload,y11,.8741628572363331
placebo,309,Overload,y12,-.148668432091846
placebo,309,Heatstroke,y23,-.1839282608447011
placebo,309,Severe heatstroke,y24,-.0156496657122766
placebo,309,Mild cold hypothermia,y33,.3439754001667538
placebo,309,Moderate cold hypothermia,y34,-.1032842789337817
placebo,310,Workload,y11,.497444578364131
placebo,310,Overload,y12,-.3908340842436703
placebo,310,Heatstroke,y23,-.1090518294697209
placebo,310,Severe heatstroke,y24,.1956871619862131
placebo,310,Mild cold hypothermia,y33,.5162666404368255
placebo,310,Moderate cold hypothermia,y34,-.2590005457665975
placebo,311,Workload,y11,-.0565338836899932
placebo,311,Overload,y12,.5269596791222239
placebo,311,Heatstroke,y23,-.689516644009135
placebo,311,Severe heatstroke,y24,-.1758804089970732
placebo,311,Mild cold hypothermia,y33,.2769267043498989
placebo,311,Moderate cold hypothermia,y34,-.35769421556339
placebo,312,Workload,y11,1.003051041978806
placebo,312,Overload,y12,2.087626901549386
placebo,312,Heatstroke,y23,.3294789459419672
placebo,312,Severe heatstroke,y24,.2381002154690803
placebo,312,Mild cold hypothermia,y33,-.6941879227283443
placebo,312,Moderate cold hypothermia,y34,.7808236442845458
placebo,313,Workload,y11,-.3529230028179442
placebo,313,Overload,y12,.1121196823346796
placebo,313,Heatstroke,y23,.0048021756613168
placebo,313,Severe heatstroke,y24,-.1978092454736803
placebo,313,Mild cold hypothermia,y33,-.8992406686713955
placebo,313,Moderate cold hypothermia,y34,-.2381836610412011
placebo,314,Workload,y11,.6846848983125549
placebo,314,Overload,y12,-.9078020943370826
placebo,314,Heatstroke,y23,.4865369984041087
placebo,314,Severe heatstroke,y24,.5915020722939364
placebo,314,Mild cold hypothermia,y33,-.4376795845222753
placebo,314,Moderate cold hypothermia,y34,.096076635042757
placebo,315,Workload,y11,.4587664153615361
placebo,315,Overload,y12,2.252284703112604
placebo,315,Heatstroke,y23,.0253288004396596
placebo,315,Severe heatstroke,y24,.0578288900880631
placebo,315,Mild cold hypothermia,y33,.6257040060189296
placebo,315,Moderate cold hypothermia,y34,-.1077864063964929
placebo,316,Workload,y11,-1.580691940535404
placebo,316,Overload,y12,-1.454840994513699
placebo,316,Heatstroke,y23,-.6142368961667914
placebo,316,Severe heatstroke,y24,-.0374710689448092
placebo,316,Mild cold hypothermia,y33,-.2770504525866846
placebo,316,Moderate cold hypothermia,y34,.4554861507108162
placebo,317,Workload,y11,-.9870267347378648
placebo,317,Overload,y12,-3.727972030673991
placebo,317,Heatstroke,y23,-.5197490179495147
placebo,317,Severe heatstroke,y24,-.0089210270589635
placebo,317,Mild cold hypothermia,y33,.034172833212608
placebo,317,Moderate cold hypothermia,y34,.433304147523465
placebo,318,Workload,y11,.3809580996723708
placebo,318,Overload,y12,.3935121163070343
placebo,318,Heatstroke,y23,.6623449105453688
placebo,318,Severe heatstroke,y24,-.1720376115690752
placebo,318,Mild cold hypothermia,y33,2.243263827645683
placebo,318,Moderate cold hypothermia,y34,.4870348619274293
placebo,319,Workload,y11,2.60314867832128
placebo,319,Overload,y12,2.776489579088441
placebo,319,Heatstroke,y23,.7275969209786803
placebo,319,Severe heatstroke,y24,.4246147614676498
placebo,319,Mild cold hypothermia,y33,-1.862766288154435
placebo,319,Moderate cold hypothermia,y34,.1659051792695722
placebo,320,Workload,y11,-.1777095258303236
placebo,320,Overload,y12,-1.908749289273422
placebo,320,Heatstroke,y23,-.7897411184215549
placebo,320,Severe heatstroke,y24,-.2046834179005969
placebo,320,Mild cold hypothermia,y33,-1.319246877401624
placebo,320,Moderate cold hypothermia,y34,-.0518488659246343
placebo,321,Workload,y11,-1.33316717446519
placebo,321,Overload,y12,-.5361907163531774
placebo,321,Heatstroke,y23,-.2704741093206247
placebo,321,Severe heatstroke,y24,-.1587681556834863
placebo,321,Mild cold hypothermia,y33,-1.334124744734882
placebo,321,Moderate cold hypothermia,y34,-.4439172754713946
placebo,322,Workload,y11,.4589210399694355
placebo,322,Overload,y12,1.122757565166842
placebo,322,Heatstroke,y23,-.1703236263349378
placebo,322,Severe heatstroke,y24,.0203264520904577
placebo,322,Mild cold hypothermia,y33,2.454382356792427
placebo,322,Moderate cold hypothermia,y34,-.0920822512166835
placebo,323,Workload,y11,-.2732649220705496
placebo,323,Overload,y12,-2.189654443218896
placebo,323,Heatstroke,y23,.7697209644158713
placebo,323,Severe heatstroke,y24,-.1774263149815454
placebo,323,Mild cold hypothermia,y33,-1.896420601601214
placebo,323,Moderate cold hypothermia,y34,-.4439858027095375
placebo,324,Workload,y11,-1.11723662207257
placebo,324,Overload,y12,-.4349900036925779
placebo,324,Heatstroke,y23,-.1732787465937136
placebo,324,Severe heatstroke,y24,-.0018114571266427
placebo,324,Mild cold hypothermia,y33,-.8274806076757999
placebo,324,Moderate cold hypothermia,y34,-.1192456617950613
placebo,325,Workload,y11,-.2090533927223055
placebo,325,Overload,y12,1.392033237135846
placebo,325,Heatstroke,y23,.2016636384918464
placebo,325,Severe heatstroke,y24,.2489337130440034
placebo,325,Mild cold hypothermia,y33,2.327696604493748
placebo,325,Moderate cold hypothermia,y34,.1172678558911482
placebo,326,Workload,y11,.9376950915302826
placebo,326,Overload,y12,1.233120870244343
placebo,326,Heatstroke,y23,.2233633442359396
placebo,326,Severe heatstroke,y24,-.0023987880036006
placebo,326,Mild cold hypothermia,y33,-.0913592365990158
placebo,326,Moderate cold hypothermia,y34,.1652286395262333
placebo,327,Workload,y11,-.1123873390405181
placebo,327,Overload,y12,-.399288709534308
placebo,327,Heatstroke,y23,-.0647357940024943
placebo,327,Severe heatstroke,y24,-.1464204178103583
placebo,327,Mild cold hypothermia,y33,-.0432776875368528
placebo,327,Moderate cold hypothermia,y34,.4318469958515749
placebo,328,Workload,y11,-.3222491931165321
placebo,328,Overload,y12,1.928530027068279
placebo,328,Heatstroke,y23,-.573294006373238
placebo,328,Severe heatstroke,y24,-.1297333767067922
placebo,328,Mild cold hypothermia,y33,.0781679522376414
placebo,328,Moderate cold hypothermia,y34,.5118575419494144
placebo,329,Workload,y11,-.4746432725560552
placebo,329,Overload,y12,1.48201233797528
placebo,329,Heatstroke,y23,-.5902293236532886
placebo,329,Severe heatstroke,y24,-.1484683004341143
placebo,329,Mild cold hypothermia,y33,-.5200236662241207
placebo,329,Moderate cold hypothermia,y34,-.4838487587821919
placebo,330,Workload,y11,.56257134651348
placebo,330,Overload,y12,-1.715370355076212
placebo,330,Heatstroke,y23,-.1044774546275774
placebo,330,Severe heatstroke,y24,.2426345081057195
placebo,330,Mild cold hypothermia,y33,.085702882901598
placebo,330,Moderate cold hypothermia,y34,-.2484866024604785
placebo,331,Workload,y11,.3969436427333595
placebo,331,Overload,y12,1.960113634777208
placebo,331,Heatstroke,y23,-.0215340637099365
placebo,331,Severe heatstroke,y24,.1612084012518624
placebo,331,Mild cold hypothermia,y33,-.5902561761209859
placebo,331,Moderate cold hypothermia,y34,-.2742305915890238
placebo,332,Workload,y11,-.5110036384855854
placebo,332,Overload,y12,-.6043429551337511
placebo,332,Heatstroke,y23,-.1655401709358321
placebo,332,Severe heatstroke,y24,-.3234422411367101
placebo,332,Mild cold hypothermia,y33,-1.293014531563307
placebo,332,Moderate cold hypothermia,y34,-.2249350516498196
placebo,333,Workload,y11,-.5573450547544269
placebo,333,Overload,y12,-.2857724662477612
placebo,333,Heatstroke,y23,.3211981388531819
placebo,333,Severe heatstroke,y24,-.3634656049532089
placebo,333,Mild cold hypothermia,y33,-.080623536840996
placebo,333,Moderate cold hypothermia,y34,-.014939349966322
placebo,334,Workload,y11,.0857477353325433
placebo,334,Overload,y12,-.1048176366328157
placebo,334,Heatstroke,y23,-.6084265351643919
placebo,334,Severe heatstroke,y24,-.3387699823009427
placebo,334,Mild cold hypothermia,y33,.0976326234439213
placebo,334,Moderate cold hypothermia,y34,.2923075656327481
placebo,335,Workload,y11,1.601913117374698
placebo,335,Overload,y12,3.314114741316472
placebo,335,Heatstroke,y23,.2566103549527735
placebo,335,Severe heatstroke,y24,-.1610689915529905
placebo,335,Mild cold hypothermia,y33,-.5381577751599054
placebo,335,Moderate cold hypothermia,y34,.3933728529834072
placebo,336,Workload,y11,-1.446610908025425
placebo,336,Overload,y12,-1.58603408845505
placebo,336,Heatstroke,y23,-.5972520142747307
placebo,336,Severe heatstroke,y24,-.3442449698743206
placebo,336,Mild cold hypothermia,y33,.6694340265300847
placebo,336,Moderate cold hypothermia,y34,-.4406633994155414
placebo,337,Workload,y11,.6458678798627856
placebo,337,Overload,y12,-1.256570693506305
placebo,337,Heatstroke,y23,.1393324920171768
placebo,337,Severe heatstroke,y24,-.3488318580240866
placebo,337,Mild cold hypothermia,y33,.2976463578942539
placebo,337,Moderate cold hypothermia,y34,-.376984838519851
placebo,338,Workload,y11,2.084785783012061
placebo,338,Overload,y12,.5875748827293505
placebo,338,Heatstroke,y23,.2480638087430652
placebo,338,Severe heatstroke,y24,.0087604659979737
placebo,338,Mild cold hypothermia,y33,-1.399009258854888
placebo,338,Moderate cold hypothermia,y34,-.6624662124946443
placebo,339,Workload,y11,-.5520319080983443
placebo,339,Overload,y12,-1.893668537087426
placebo,339,Heatstroke,y23,.5882393693093874
placebo,339,Severe heatstroke,y24,-.1754571948636592
placebo,339,Mild cold hypothermia,y33,-.2688831309802385
placebo,339,Moderate cold hypothermia,y34,-.0824970495955978
placebo,340,Workload,y11,.1523337204432866
placebo,340,Overload,y12,-.2986419544880597
placebo,340,Heatstroke,y23,.1330527532293133
placebo,340,Severe heatstroke,y24,-.1468263064741945
placebo,340,Mild cold hypothermia,y33,1.10884984079334
placebo,340,Moderate cold hypothermia,y34,-.292055604103531
placebo,341,Workload,y11,-2.402220551649156
placebo,341,Overload,y12,-4.356623585666829
placebo,341,Heatstroke,y23,.2103297902434605
placebo,341,Severe heatstroke,y24,-.0022653976737958
placebo,341,Mild cold hypothermia,y33,-1.584526666690457
placebo,341,Moderate cold hypothermia,y34,-.2369623045867136
placebo,342,Workload,y11,-1.581843202219113
placebo,342,Overload,y12,-1.409271740845023
placebo,342,Heatstroke,y23,-.3454364324833204
placebo,342,Severe heatstroke,y24,-.3677317997308743
placebo,342,Mild cold hypothermia,y33,-2.385681781972671
placebo,342,Moderate cold hypothermia,y34,-.8148424829926237
placebo,343,Workload,y11,-.75394740888405
placebo,343,Overload,y12,-.1716928330979737
placebo,343,Heatstroke,y23,-.1419228621578037
placebo,343,Severe heatstroke,y24,-.1533526579081522
placebo,343,Mild cold hypothermia,y33,-.3451110447916044
placebo,343,Moderate cold hypothermia,y34,-.7875671780971352
placebo,344,Workload,y11,.311348856079417
placebo,344,Overload,y12,2.237516606900065
placebo,344,Heatstroke,y23,-.357515936128841
placebo,344,Severe heatstroke,y24,-.3650587486290314
placebo,344,Mild cold hypothermia,y33,-.4208006833041804
placebo,344,Moderate cold hypothermia,y34,-.0521193019104409
placebo,345,Workload,y11,.6779563287345745
placebo,345,Overload,y12,.4139123239264779
placebo,345,Heatstroke,y23,.2191711208773035
placebo,345,Severe heatstroke,y24,.194012612087229
placebo,345,Mild cold hypothermia,y33,-1.537737449117067
placebo,345,Moderate cold hypothermia,y34,.1330295940727472
placebo,346,Workload,y11,.7697153159568001
placebo,346,Overload,y12,-.070528244916677
placebo,346,Heatstroke,y23,-.0927208455986787
placebo,346,Severe heatstroke,y24,.2135273266400693
placebo,346,Mild cold hypothermia,y33,-1.435573689665318
placebo,346,Moderate cold hypothermia,y34,.7436583147405785
placebo,347,Workload,y11,-.4325777352061115
placebo,347,Overload,y12,-2.492848878326211
placebo,347,Heatstroke,y23,.2693854048099211
placebo,347,Severe heatstroke,y24,.0141926064633382
placebo,347,Mild cold hypothermia,y33,.5576157848652473
placebo,347,Moderate cold hypothermia,y34,-.4459813057844364
placebo,348,Workload,y11,.1905369951951126
placebo,348,Overload,y12,.9440705879611911
placebo,348,Heatstroke,y23,.3809723018846641
placebo,348,Severe heatstroke,y24,.0068510044266236
placebo,348,Mild cold hypothermia,y33,-.8220513774725429
placebo,348,Moderate cold hypothermia,y34,-.2532131424662002
placebo,349,Workload,y11,-1.032455875342019
placebo,349,Overload,y12,-1.913783350047222
placebo,349,Heatstroke,y23,-.3676219916825683
placebo,349,Severe heatstroke,y24,-.1248305893312063
placebo,349,Mild cold hypothermia,y33,-.1453790806384361
placebo,349,Moderate cold hypothermia,y34,-.6012996160514518
placebo,350,Workload,y11,1.482070670282889
placebo,350,Overload,y12,.6681003977671724
placebo,350,Heatstroke,y23,.2970621957497001
placebo,350,Severe heatstroke,y24,.3912324973410239
placebo,350,Mild cold hypothermia,y33,-1.554810418726507
placebo,350,Moderate cold hypothermia,y34,-.1528726458716371
placebo,351,Workload,y11,.3710349654052447
placebo,351,Overload,y12,3.493108153432447
placebo,351,Heatstroke,y23,-.4678290792267291
placebo,351,Severe heatstroke,y24,-.3562856853094395
placebo,351,Mild cold hypothermia,y33,-1.101881868408101
placebo,351,Moderate cold hypothermia,y34,.4801307313919758
placebo,352,Workload,y11,1.238603221028145
placebo,352,Overload,y12,.5214989174461929
placebo,352,Heatstroke,y23,-.3125328388199194
placebo,352,Severe heatstroke,y24,-.3644178234342959
placebo,352,Mild cold hypothermia,y33,-.504967965535579
placebo,352,Moderate cold hypothermia,y34,-.2315873894780448
placebo,353,Workload,y11,.4517116426434269
placebo,353,Overload,y12,2.968734758694122
placebo,353,Heatstroke,y23,.1975661902960085
placebo,353,Severe heatstroke,y24,-.0009506361269775
placebo,353,Mild cold hypothermia,y33,-.2610196875657289
placebo,353,Moderate cold hypothermia,y34,.1371078104125436
placebo,354,Workload,y11,.6665920513315121
placebo,354,Overload,y12,2.0486934150089
placebo,354,Heatstroke,y23,-.1435673544994696
placebo,354,Severe heatstroke,y24,-.1768204667610977
placebo,354,Mild cold hypothermia,y33,-.4536064929536729
placebo,354,Moderate cold hypothermia,y34,-.2155373744001447
placebo,355,Workload,y11,-1.144039806374541
placebo,355,Overload,y12,.4188728958603001
placebo,355,Heatstroke,y23,.031638928474899
placebo,355,Severe heatstroke,y24,-.1913135719610091
placebo,355,Mild cold hypothermia,y33,-.5205569882745487
placebo,355,Moderate cold hypothermia,y34,-.6529787344164029
placebo,356,Workload,y11,.9668413378653632
placebo,356,Overload,y12,2.444032679774736
placebo,356,Heatstroke,y23,-.8560489650489292
placebo,356,Severe heatstroke,y24,-.3594672927998852
placebo,356,Mild cold hypothermia,y33,.0536117386924514
placebo,356,Moderate cold hypothermia,y34,.3331631677865816
placebo,357,Workload,y11,-.6638108466867909
placebo,357,Overload,y12,-1.493787077944113
placebo,357,Heatstroke,y23,-.6961452553825657
placebo,357,Severe heatstroke,y24,-.1857698097054284
placebo,357,Mild cold hypothermia,y33,.3413251631570484
placebo,357,Moderate cold hypothermia,y34,.5981295084692848
placebo,358,Workload,y11,-.037337272971382
placebo,358,Overload,y12,3.368793026348794
placebo,358,Heatstroke,y23,-.2914179607198207
placebo,358,Severe heatstroke,y24,-.3614719142691815
placebo,358,Mild cold hypothermia,y33,1.37989666554433
placebo,358,Moderate cold hypothermia,y34,-.4096079363854542
placebo,359,Workload,y11,1.869700879983748
placebo,359,Overload,y12,2.371667174099206
placebo,359,Heatstroke,y23,-.3696631687686012
placebo,359,Severe heatstroke,y24,-.0005251033956513
placebo,359,Mild cold hypothermia,y33,-1.475551421917036
placebo,359,Moderate cold hypothermia,y34,-.3919179707759088
placebo,360,Workload,y11,.8434833331051508
placebo,360,Overload,y12,2.380993591337028
placebo,360,Heatstroke,y23,-.0156487133602302
placebo,360,Severe heatstroke,y24,-.0182028168599483
placebo,360,Mild cold hypothermia,y33,-.0455907856750411
placebo,360,Moderate cold hypothermia,y34,.2033954193771406
placebo,361,Workload,y11,.1852063414736185
placebo,361,Overload,y12,-.4083359931062925
placebo,361,Heatstroke,y23,-.1075884480479132
placebo,361,Severe heatstroke,y24,.0137770813843021
placebo,361,Mild cold hypothermia,y33,.3132909688937283
placebo,361,Moderate cold hypothermia,y34,-.4424254436101477
placebo,362,Workload,y11,-.3271940830042356
placebo,362,Overload,y12,-1.216977260752362
placebo,362,Heatstroke,y23,-.04820154992118
placebo,362,Severe heatstroke,y24,-.1375494226765545
placebo,362,Mild cold hypothermia,y33,-1.635975215164866
placebo,362,Moderate cold hypothermia,y34,.3568236172212496
placebo,363,Workload,y11,-.3405439943441663
placebo,363,Overload,y12,.0959277921912723
placebo,363,Heatstroke,y23,.3619328297424911
placebo,363,Severe heatstroke,y24,.1879634253938373
placebo,363,Mild cold hypothermia,y33,.9037838577277586
placebo,363,Moderate cold hypothermia,y34,-.6709517601112324
placebo,364,Workload,y11,.8559180198489333
placebo,364,Overload,y12,-1.573649121188404
placebo,364,Heatstroke,y23,.0179811808862587
placebo,364,Severe heatstroke,y24,-.1905680880256354
placebo,364,Mild cold hypothermia,y33,.0466318469755878
placebo,364,Moderate cold hypothermia,y34,-.2426674506287766
placebo,365,Workload,y11,.8065251283778826
placebo,365,Overload,y12,1.666926508033619
placebo,365,Heatstroke,y23,.0018321568443878
placebo,365,Severe heatstroke,y24,.4514506949405517
placebo,365,Mild cold hypothermia,y33,.2179461911870508
placebo,365,Moderate cold hypothermia,y34,-.2338836728993945
placebo,366,Workload,y11,-.0607702049190036
placebo,366,Overload,y12,-1.568758605525734
placebo,366,Heatstroke,y23,-.2877819881085273
placebo,366,Severe heatstroke,y24,-.1632795968770113
placebo,366,Mild cold hypothermia,y33,-2.078807023633663
placebo,366,Moderate cold hypothermia,y34,-.1174969137889514
placebo,367,Workload,y11,-.0815147353078292
placebo,367,Overload,y12,.9295478322029256
placebo,367,Heatstroke,y23,.5284633700656577
placebo,367,Severe heatstroke,y24,.2478938031726326
placebo,367,Mild cold hypothermia,y33,.2145835597651386
placebo,367,Moderate cold hypothermia,y34,.1636814696647073
placebo,368,Workload,y11,.4659000247342518
placebo,368,Overload,y12,-.3397559753423557
placebo,368,Heatstroke,y23,-.2647265238691665
placebo,368,Severe heatstroke,y24,-.1481150457656086
placebo,368,Mild cold hypothermia,y33,-.3239806238330684
placebo,368,Moderate cold hypothermia,y34,.1934162096151415
placebo,369,Workload,y11,-.7330381710352755
placebo,369,Overload,y12,-1.83748697980674
placebo,369,Heatstroke,y23,-.2667171603106325
placebo,369,Severe heatstroke,y24,.2265112098865358
placebo,369,Mild cold hypothermia,y33,2.431969230865377
placebo,369,Moderate cold hypothermia,y34,.165700030784164
placebo,370,Workload,y11,.1168683780002105
placebo,370,Overload,y12,1.245451814449671
placebo,370,Heatstroke,y23,-.3162903763647062
placebo,370,Severe heatstroke,y24,-.3765144401098971
placebo,370,Mild cold hypothermia,y33,-2.172135921962229
placebo,370,Moderate cold hypothermia,y34,-.5960478311430145
placebo,371,Workload,y11,-.2377003477405492
placebo,371,Overload,y12,-.2516772917443901
placebo,371,Heatstroke,y23,.3475706799015481
placebo,371,Severe heatstroke,y24,-.0280950463513182
placebo,371,Mild cold hypothermia,y33,-1.23726925054824
placebo,371,Moderate cold hypothermia,y34,.153173417257984
placebo,372,Workload,y11,-.8938585699192574
placebo,372,Overload,y12,.8816900274382706
placebo,372,Heatstroke,y23,-.7435079887433872
placebo,372,Severe heatstroke,y24,-.3200069302463566
placebo,372,Mild cold hypothermia,y33,1.241030093326472
placebo,372,Moderate cold hypothermia,y34,.4081812350019016
placebo,373,Workload,y11,.7323890880223654
placebo,373,Overload,y12,1.192403631187331
placebo,373,Heatstroke,y23,.4522642262791417
placebo,373,Severe heatstroke,y24,-.1638127590724096
placebo,373,Mild cold hypothermia,y33,.90280061570709
placebo,373,Moderate cold hypothermia,y34,-.4404100621349986
placebo,374,Workload,y11,-.0239357703299676
placebo,374,Overload,y12,-.6410107122252644
placebo,374,Heatstroke,y23,.147937605349118
placebo,374,Severe heatstroke,y24,.9167837611090377
placebo,374,Mild cold hypothermia,y33,1.517764239175795
placebo,374,Moderate cold hypothermia,y34,-.6272455306487492
placebo,375,Workload,y11,-.6454666898838
placebo,375,Overload,y12,-.6166626012915992
placebo,375,Heatstroke,y23,-.395458020091413
placebo,375,Severe heatstroke,y24,-.3258753166005133
placebo,375,Mild cold hypothermia,y33,.7285392321619208
placebo,375,Moderate cold hypothermia,y34,.5992183017627926
placebo,376,Workload,y11,-2.138500893814016
placebo,376,Overload,y12,-3.484667295923599
placebo,376,Heatstroke,y23,-.315145088626326
placebo,376,Severe heatstroke,y24,-.3686435823791132
placebo,376,Mild cold hypothermia,y33,-2.363514647614685
placebo,376,Moderate cold hypothermia,y34,.0824924079272233
placebo,377,Workload,y11,-.2709802416018546
placebo,377,Overload,y12,-.2201817828098703
placebo,377,Heatstroke,y23,.2555950486337631
placebo,377,Severe heatstroke,y24,.1283933218192482
placebo,377,Mild cold hypothermia,y33,1.939125066305116
placebo,377,Moderate cold hypothermia,y34,.0107412089027481
placebo,378,Workload,y11,-1.165035980969765
placebo,378,Overload,y12,-2.286971615205572
placebo,378,Heatstroke,y23,-.3843322047651532
placebo,378,Severe heatstroke,y24,-.3989855771552467
placebo,378,Mild cold hypothermia,y33,-.82191147187818
placebo,378,Moderate cold hypothermia,y34,-.2154799092450483
placebo,379,Workload,y11,.1216153287261978
placebo,379,Overload,y12,3.366909628484797
placebo,379,Heatstroke,y23,-.0794794877416828
placebo,379,Severe heatstroke,y24,.0217080518854655
placebo,379,Mild cold hypothermia,y33,1.13864450493837
placebo,379,Moderate cold hypothermia,y34,-.1205522284448729
placebo,380,Workload,y11,.3482569267194682
placebo,380,Overload,y12,3.045496388227788
placebo,380,Heatstroke,y23,.4395995626807589
placebo,380,Severe heatstroke,y24,.0126143629050042
placebo,380,Mild cold hypothermia,y33,1.018359674803492
placebo,380,Moderate cold hypothermia,y34,-.0520511994478624
placebo,381,Workload,y11,-1.023468418651786
placebo,381,Overload,y12,-1.778507327900664
placebo,381,Heatstroke,y23,.5636797279201881
placebo,381,Severe heatstroke,y24,.1852005756588704
placebo,381,Mild cold hypothermia,y33,-.6598596102509315
placebo,381,Moderate cold hypothermia,y34,-.1274128614895996
placebo,382,Workload,y11,-1.178351669382772
placebo,382,Overload,y12,-1.479953403266633
placebo,382,Heatstroke,y23,-.4905768297405552
placebo,382,Severe heatstroke,y24,-.1766489616771214
placebo,382,Mild cold hypothermia,y33,.2596610161850207
placebo,382,Moderate cold hypothermia,y34,-.2821941695519858
placebo,383,Workload,y11,-.977512873807536
placebo,383,Overload,y12,-1.802594417603776
placebo,383,Heatstroke,y23,.5596155801980423
placebo,383,Severe heatstroke,y24,.173555412452858
placebo,383,Mild cold hypothermia,y33,.6939050905071967
placebo,383,Moderate cold hypothermia,y34,.3003927167969773
placebo,384,Workload,y11,-.2541462670501773
placebo,384,Overload,y12,-.6507087286413898
placebo,384,Heatstroke,y23,-.1184611593257054
placebo,384,Severe heatstroke,y24,.0175279875715309
placebo,384,Mild cold hypothermia,y33,1.721215813296967
placebo,384,Moderate cold hypothermia,y34,.4163039306974856
placebo,385,Workload,y11,-1.340664368722696
placebo,385,Overload,y12,-3.294963880124893
placebo,385,Heatstroke,y23,-.1989718918530756
placebo,385,Severe heatstroke,y24,-.0198910176214384
placebo,385,Mild cold hypothermia,y33,-2.055776112525357
placebo,385,Moderate cold hypothermia,y34,-.4729178609433187
placebo,386,Workload,y11,1.723853584337173
placebo,386,Overload,y12,4.102051371920307
placebo,386,Heatstroke,y23,.9311516602647896
placebo,386,Severe heatstroke,y24,.4310781974868693
placebo,386,Mild cold hypothermia,y33,.7402133316388821
placebo,386,Moderate cold hypothermia,y34,.0034690803805113
placebo,387,Workload,y11,-.1573504221907391
placebo,387,Overload,y12,-1.82987078901113
placebo,387,Heatstroke,y23,-.1699611922545644
placebo,387,Severe heatstroke,y24,-.3739819667160185
placebo,387,Mild cold hypothermia,y33,-.8034239833797979
placebo,387,Moderate cold hypothermia,y34,-.040132797944085
placebo,388,Workload,y11,.1670764585234565
placebo,388,Overload,y12,.1130697058467992
placebo,388,Heatstroke,y23,-.2216483228496204
placebo,388,Severe heatstroke,y24,-.1458469744256773
placebo,388,Mild cold hypothermia,y33,-.0697821334875913
placebo,388,Moderate cold hypothermia,y34,-.4759962605433088
placebo,389,Workload,y11,-.0418116949644219
placebo,389,Overload,y12,-.0686974039292132
placebo,389,Heatstroke,y23,.2741934365468795
placebo,389,Severe heatstroke,y24,-.1658007005789266
placebo,389,Mild cold hypothermia,y33,-1.5038558601484
placebo,389,Moderate cold hypothermia,y34,-.6207944221188589
placebo,390,Workload,y11,-.0102498883359428
placebo,390,Overload,y12,.0925151002157187
placebo,390,Heatstroke,y23,.363425896747208
placebo,390,Severe heatstroke,y24,.3615117057244343
placebo,390,Mild cold hypothermia,y33,-.2228704765999803
placebo,390,Moderate cold hypothermia,y34,.2810390556317696
placebo,391,Workload,y11,1.315450466373358
placebo,391,Overload,y12,2.234433958277968
placebo,391,Heatstroke,y23,.3011279406628297
placebo,391,Severe heatstroke,y24,.1668352904328569
placebo,391,Mild cold hypothermia,y33,-.8284795263855772
placebo,391,Moderate cold hypothermia,y34,-.0725603448728052
placebo,392,Workload,y11,.3997400603752562
placebo,392,Overload,y12,2.153938763474497
placebo,392,Heatstroke,y23,.2918746232712647
placebo,392,Severe heatstroke,y24,.3988750330902739
placebo,392,Mild cold hypothermia,y33,-.4446976977003365
placebo,392,Moderate cold hypothermia,y34,-.2823216219846129
placebo,393,Workload,y11,1.07292246780704
placebo,393,Overload,y12,1.175628800828894
placebo,393,Heatstroke,y23,.1219837042968211
placebo,393,Severe heatstroke,y24,.028192752511823
placebo,393,Mild cold hypothermia,y33,.1939400436924728
placebo,393,Moderate cold hypothermia,y34,-.08471599985601
placebo,394,Workload,y11,.396928106750259
placebo,394,Overload,y12,.0104658774308869
placebo,394,Heatstroke,y23,.0158376774894713
placebo,394,Severe heatstroke,y24,-.1197294943424579
placebo,394,Mild cold hypothermia,y33,-.8523025209740904
placebo,394,Moderate cold hypothermia,y34,-.1197036299286876
placebo,395,Workload,y11,1.347377763533137
placebo,395,Overload,y12,2.983407546427228
placebo,395,Heatstroke,y23,.6069399879078864
placebo,395,Severe heatstroke,y24,.3862981849595878
placebo,395,Mild cold hypothermia,y33,1.579320076388481
placebo,395,Moderate cold hypothermia,y34,.0555406825947688
placebo,396,Workload,y11,1.424519263446898
placebo,396,Overload,y12,1.801923110094934
placebo,396,Heatstroke,y23,-.3849796706073412
placebo,396,Severe heatstroke,y24,.0394819420981125
placebo,396,Mild cold hypothermia,y33,1.335868165938942
placebo,396,Moderate cold hypothermia,y34,-.321648177368705
placebo,397,Workload,y11,-.2521064214400678
placebo,397,Overload,y12,-3.223956906242887
placebo,397,Heatstroke,y23,.2488776624203094
placebo,397,Severe heatstroke,y24,.3825583646164674
placebo,397,Mild cold hypothermia,y33,-1.796266444596947
placebo,397,Moderate cold hypothermia,y34,-.4437060254472578
placebo,398,Workload,y11,-1.680863104791122
placebo,398,Overload,y12,-3.951164880150014
placebo,398,Heatstroke,y23,.2948238647206722
placebo,398,Severe heatstroke,y24,-.0227073072420988
placebo,398,Mild cold hypothermia,y33,-1.099464152142363
placebo,398,Moderate cold hypothermia,y34,-.3367068064618783
placebo,399,Workload,y11,1.595790172183706
placebo,399,Overload,y12,2.672311311121468
placebo,399,Heatstroke,y23,.4316322213612656
placebo,399,Severe heatstroke,y24,.7480038880721099
placebo,399,Mild cold hypothermia,y33,.4542220904863385
placebo,399,Moderate cold hypothermia,y34,.2816758977958106
placebo,400,Workload,y11,.4979641845498584
placebo,400,Overload,y12,-.4718718409776312
placebo,400,Heatstroke,y23,-.0016451024648496
placebo,400,Severe heatstroke,y24,-.0135251960481504
placebo,400,Mild cold hypothermia,y33,-.1499538988459928
placebo,400,Moderate cold hypothermia,y34,-.2902772394166846
placebo,401,Workload,y11,.3211449494742702
placebo,401,Overload,y12,.5532743858864002
placebo,401,Heatstroke,y23,-.4655850038915202
placebo,401,Severe heatstroke,y24,.0291336867557542
placebo,401,Mild cold hypothermia,y33,2.588363345794877
placebo,401,Moderate cold hypothermia,y34,.6996129555560465
placebo,402,Workload,y11,-.8822853859434776
placebo,402,Overload,y12,.8781885636885368
placebo,402,Heatstroke,y23,-.1604695807828089
placebo,402,Severe heatstroke,y24,.0695512301992412
placebo,402,Mild cold hypothermia,y33,1.279303651285538
placebo,402,Moderate cold hypothermia,y34,-.0034315614580757
placebo,403,Workload,y11,.4725075830666073
placebo,403,Overload,y12,1.818176798722094
placebo,403,Heatstroke,y23,.6415012236803443
placebo,403,Severe heatstroke,y24,.2000560839452902
placebo,403,Mild cold hypothermia,y33,.6142908200621747
placebo,403,Moderate cold hypothermia,y34,.2906626435047483
placebo,404,Workload,y11,-.6618068419862557
placebo,404,Overload,y12,-2.350358050662197
placebo,404,Heatstroke,y23,.2545225241359045
placebo,404,Severe heatstroke,y24,.3030437490140723
placebo,404,Mild cold hypothermia,y33,1.637648286025331
placebo,404,Moderate cold hypothermia,y34,.3779957557131985
placebo,405,Workload,y11,-.0783015461909772
placebo,405,Overload,y12,.8133352101340451
placebo,405,Heatstroke,y23,.0293792289673226
placebo,405,Severe heatstroke,y24,.0594641384350523
placebo,405,Mild cold hypothermia,y33,.5926109732282983
placebo,405,Moderate cold hypothermia,y34,.0666811076965692
placebo,406,Workload,y11,.0090925396768746
placebo,406,Overload,y12,-2.589266785134659
placebo,406,Heatstroke,y23,-.0839402772358431
placebo,406,Severe heatstroke,y24,.1453351712634128
placebo,406,Mild cold hypothermia,y33,.8349441976126898
placebo,406,Moderate cold hypothermia,y34,-.2725819275445788
placebo,407,Workload,y11,1.089707615037939
placebo,407,Overload,y12,1.742842620288838
placebo,407,Heatstroke,y23,.1309866221647309
placebo,407,Severe heatstroke,y24,.150426930483241
placebo,407,Mild cold hypothermia,y33,-.471167443505921
placebo,407,Moderate cold hypothermia,y34,-.0916248944709739
placebo,408,Workload,y11,.4492468052975915
placebo,408,Overload,y12,-1.413760443283839
placebo,408,Heatstroke,y23,.0266785479046649
placebo,408,Severe heatstroke,y24,-.1705673709089825
placebo,408,Mild cold hypothermia,y33,-.4773791037029709
placebo,408,Moderate cold hypothermia,y34,.0886417791228795
placebo,409,Workload,y11,-1.485946142825114
placebo,409,Overload,y12,-3.366610030313744
placebo,409,Heatstroke,y23,.5633479334476881
placebo,409,Severe heatstroke,y24,.3587257233268561
placebo,409,Mild cold hypothermia,y33,-1.425265464273033
placebo,409,Moderate cold hypothermia,y34,-.4498440787524532
placebo,410,Workload,y11,.8591103406842184
placebo,410,Overload,y12,1.03361521698067
placebo,410,Heatstroke,y23,.6468284904278155
placebo,410,Severe heatstroke,y24,-.1743469925372349
placebo,410,Mild cold hypothermia,y33,1.454493920164538
placebo,410,Moderate cold hypothermia,y34,-.2493432248209665
placebo,411,Workload,y11,1.282680692851173
placebo,411,Overload,y12,3.362224018128313
placebo,411,Heatstroke,y23,.1310772448402815
placebo,411,Severe heatstroke,y24,-.1561113225414812
placebo,411,Mild cold hypothermia,y33,.8182129837819966
placebo,411,Moderate cold hypothermia,y34,.5137930469921044
placebo,412,Workload,y11,-1.349948563131351
placebo,412,Overload,y12,-1.057468523533559
placebo,412,Heatstroke,y23,.5577010874277435
placebo,412,Severe heatstroke,y24,-.0117888330508323
placebo,412,Mild cold hypothermia,y33,-.1551280683535731
placebo,412,Moderate cold hypothermia,y34,-.2466584906988195
placebo,413,Workload,y11,-.7922141530831943
placebo,413,Overload,y12,-.9367709097107955
placebo,413,Heatstroke,y23,-.0771809762285268
placebo,413,Severe heatstroke,y24,.2047443596755439
placebo,413,Mild cold hypothermia,y33,.0824881110618247
placebo,413,Moderate cold hypothermia,y34,.0819377200210636
placebo,414,Workload,y11,-.9229028235429274
placebo,414,Overload,y12,-1.888355274701664
placebo,414,Heatstroke,y23,-.3684558748420364
placebo,414,Severe heatstroke,y24,.0171758840909404
placebo,414,Mild cold hypothermia,y33,-.2932499817864538
placebo,414,Moderate cold hypothermia,y34,.8413631992254511
placebo,415,Workload,y11,-.0824402777764024
placebo,415,Overload,y12,-1.026349419701493
placebo,415,Heatstroke,y23,.3377665189818492
placebo,415,Severe heatstroke,y24,-.0253411246634237
placebo,415,Mild cold hypothermia,y33,-.0126530615262528
placebo,415,Moderate cold hypothermia,y34,.3203173136637526
placebo,416,Workload,y11,1.231030094526592
placebo,416,Overload,y12,-.4452159326748594
placebo,416,Heatstroke,y23,-.3462125405309847
placebo,416,Severe heatstroke,y24,.1933397755717868
placebo,416,Mild cold hypothermia,y33,-.0752617003108247
placebo,416,Moderate cold hypothermia,y34,.1897685524382551
placebo,417,Workload,y11,.578493628041534
placebo,417,Overload,y12,2.640404738381433
placebo,417,Heatstroke,y23,-.1160996138762884
placebo,417,Severe heatstroke,y24,-.1625963129669017
placebo,417,Mild cold hypothermia,y33,.3345315224219747
placebo,417,Moderate cold hypothermia,y34,-.2919854491634832
placebo,418,Workload,y11,.6888455675456022
placebo,418,Overload,y12,1.043970681307058
placebo,418,Heatstroke,y23,.3667464898109616
placebo,418,Severe heatstroke,y24,.1805495268193263
placebo,418,Mild cold hypothermia,y33,1.161793969149354
placebo,418,Moderate cold hypothermia,y34,-.0654007563559284
placebo,419,Workload,y11,-.6735081101091827
placebo,419,Overload,y12,-1.338564222427961
placebo,419,Heatstroke,y23,-.065662383623347
placebo,419,Severe heatstroke,y24,-.2130449763090085
placebo,419,Mild cold hypothermia,y33,-.1540082800264699
placebo,419,Moderate cold hypothermia,y34,-.436783887237972
placebo,420,Workload,y11,.1029373532135881
placebo,420,Overload,y12,-.383762453130574
placebo,420,Heatstroke,y23,.5298160107667722
placebo,420,Severe heatstroke,y24,.3542254459590828
placebo,420,Mild cold hypothermia,y33,-.0368087647017254
placebo,420,Moderate cold hypothermia,y34,-.8012019564125645
placebo,421,Workload,y11,1.039096904367071
placebo,421,Overload,y12,1.742296806355497
placebo,421,Heatstroke,y23,-.665718111049976
placebo,421,Severe heatstroke,y24,-.1761833676250322
placebo,421,Mild cold hypothermia,y33,1.08886429085545
placebo,421,Moderate cold hypothermia,y34,.215783869379114
placebo,422,Workload,y11,-2.002463205424234
placebo,422,Overload,y12,-2.988045764992193
placebo,422,Heatstroke,y23,.140709051074842
placebo,422,Severe heatstroke,y24,-.1512561591864122
placebo,422,Mild cold hypothermia,y33,-.4947060798781745
placebo,422,Moderate cold hypothermia,y34,-.4461493356890932
placebo,423,Workload,y11,-1.528310737797334
placebo,423,Overload,y12,-1.835021793054467
placebo,423,Heatstroke,y23,.2018385549873293
placebo,423,Severe heatstroke,y24,.1747888475439748
placebo,423,Mild cold hypothermia,y33,.1164114905865581
placebo,423,Moderate cold hypothermia,y34,-.2902169483442111
placebo,424,Workload,y11,1.022674298453493
placebo,424,Overload,y12,2.828885066513479
placebo,424,Heatstroke,y23,.3436401120655139
placebo,424,Severe heatstroke,y24,.0357724740663154
placebo,424,Mild cold hypothermia,y33,1.610879499140176
placebo,424,Moderate cold hypothermia,y34,-.235896918469114
placebo,425,Workload,y11,1.685905921813675
placebo,425,Overload,y12,5.072129761984099
placebo,425,Heatstroke,y23,-.3362872531213517
placebo,425,Severe heatstroke,y24,-.0036439355501846
placebo,425,Mild cold hypothermia,y33,1.13607889649708
placebo,425,Moderate cold hypothermia,y34,-.0780795480749294
placebo,426,Workload,y11,-.0367160435986887
placebo,426,Overload,y12,-1.210479594792813
placebo,426,Heatstroke,y23,.2572894931245402
placebo,426,Severe heatstroke,y24,-.3505504749180449
placebo,426,Mild cold hypothermia,y33,-.1625702323091257
placebo,426,Moderate cold hypothermia,y34,.3097056769853937
placebo,427,Workload,y11,.0381076318730102
placebo,427,Overload,y12,-.6398928390410502
placebo,427,Heatstroke,y23,-.5325969855884329
placebo,427,Severe heatstroke,y24,.0129982822979162
placebo,427,Mild cold hypothermia,y33,.5025091319881767
placebo,427,Moderate cold hypothermia,y34,.2748050411084416
placebo,428,Workload,y11,-.3480007745620544
placebo,428,Overload,y12,-2.706852048879345
placebo,428,Heatstroke,y23,.5539399242425562
placebo,428,Severe heatstroke,y24,-.0145642812422227
placebo,428,Mild cold hypothermia,y33,-.1110055372546269
placebo,428,Moderate cold hypothermia,y34,-.2473856318858049
placebo,429,Workload,y11,1.273650206116962
placebo,429,Overload,y12,.5312020077094887
placebo,429,Heatstroke,y23,-.3906868893193934
placebo,429,Severe heatstroke,y24,.1849466601424644
placebo,429,Mild cold hypothermia,y33,.7273535256926754
placebo,429,Moderate cold hypothermia,y34,.3309411615186231
placebo,430,Workload,y11,-.3080233057359967
placebo,430,Overload,y12,.4306703475731464
placebo,430,Heatstroke,y23,.0949115602853166
placebo,430,Severe heatstroke,y24,-.3327291959569513
placebo,430,Mild cold hypothermia,y33,.6562977228878938
placebo,430,Moderate cold hypothermia,y34,1.151642186673165
placebo,431,Workload,y11,.6596188904978408
placebo,431,Overload,y12,1.262116195546919
placebo,431,Heatstroke,y23,-.129120836931723
placebo,431,Severe heatstroke,y24,.0351575293471533
placebo,431,Mild cold hypothermia,y33,.3229012451352475
placebo,431,Moderate cold hypothermia,y34,-.4577096282920104
placebo,432,Workload,y11,-.7656014654232627
placebo,432,Overload,y12,-2.232566425460169
placebo,432,Heatstroke,y23,-.3188225742516017
placebo,432,Severe heatstroke,y24,-.1712201034329095
placebo,432,Mild cold hypothermia,y33,.9184662624058751
placebo,432,Moderate cold hypothermia,y34,.316349257237373
placebo,433,Workload,y11,-1.225862098068859
placebo,433,Overload,y12,-1.712264675814171
placebo,433,Heatstroke,y23,-.0960930887927409
placebo,433,Severe heatstroke,y24,.0182925280070365
placebo,433,Mild cold hypothermia,y33,.3375338280300203
placebo,433,Moderate cold hypothermia,y34,-.0582630449421869
placebo,434,Workload,y11,-2.881351823227231
placebo,434,Overload,y12,-3.77390456771456
placebo,434,Heatstroke,y23,.5297013798122816
placebo,434,Severe heatstroke,y24,.1720523432596401
placebo,434,Mild cold hypothermia,y33,-.1571639777936479
placebo,434,Moderate cold hypothermia,y34,-.4321055760514523
placebo,435,Workload,y11,-.2991041533931425
placebo,435,Overload,y12,-1.223970765394514
placebo,435,Heatstroke,y23,-.0412512635213688
placebo,435,Severe heatstroke,y24,.0392863308409179
placebo,435,Mild cold hypothermia,y33,.9198652181619484
placebo,435,Moderate cold hypothermia,y34,-.2198760691649593
placebo,436,Workload,y11,.2565081027208139
placebo,436,Overload,y12,2.203084528567062
placebo,436,Heatstroke,y23,.0679886407023148
placebo,436,Severe heatstroke,y24,.0186178522180583
placebo,436,Mild cold hypothermia,y33,-.1525171296004291
placebo,436,Moderate cold hypothermia,y34,-.0892398015312853
placebo,437,Workload,y11,-.167868045868112
placebo,437,Overload,y12,-2.074549618862147
placebo,437,Heatstroke,y23,-.0279662919240328
placebo,437,Severe heatstroke,y24,.0434320388097921
placebo,437,Mild cold hypothermia,y33,-1.22515788429047
placebo,437,Moderate cold hypothermia,y34,-.417831247798082
placebo,438,Workload,y11,-.3812163106079922
placebo,438,Overload,y12,1.379226862560856
placebo,438,Heatstroke,y23,.1104447950481193
placebo,438,Severe heatstroke,y24,-.0362940042786782
placebo,438,Mild cold hypothermia,y33,-.2385569567642854
placebo,438,Moderate cold hypothermia,y34,.0499206306599396
placebo,439,Workload,y11,-.8628934508274718
placebo,439,Overload,y12,-.9354374774946423
placebo,439,Heatstroke,y23,-.0266892129884645
placebo,439,Severe heatstroke,y24,-.004513440416177
placebo,439,Mild cold hypothermia,y33,-.1423732927179336
placebo,439,Moderate cold hypothermia,y34,.234118059086269
placebo,440,Workload,y11,1.06697692606389
placebo,440,Overload,y12,1.862620731852248
placebo,440,Heatstroke,y23,.362383419842386
placebo,440,Severe heatstroke,y24,-.1465989707043392
placebo,440,Mild cold hypothermia,y33,.827337997387365
placebo,440,Moderate cold hypothermia,y34,-.0840330616360049
placebo,441,Workload,y11,.2182871495988685
placebo,441,Overload,y12,-.8366074857551739
placebo,441,Heatstroke,y23,-.3579281845862254
placebo,441,Severe heatstroke,y24,.0693479395890967
placebo,441,Mild cold hypothermia,y33,-.6016545624615908
placebo,441,Moderate cold hypothermia,y34,.5119044312416313
placebo,442,Workload,y11,.2157027951106478
placebo,442,Overload,y12,-.8281333243989941
placebo,442,Heatstroke,y23,-.2832213434892398
placebo,442,Severe heatstroke,y24,-.3437617582810531
placebo,442,Mild cold hypothermia,y33,-.460958587860447
placebo,442,Moderate cold hypothermia,y34,-.4546246089511642
placebo,443,Workload,y11,-.6340778178602938
placebo,443,Overload,y12,-.6462580971824867
placebo,443,Heatstroke,y23,-.2007032863112329
placebo,443,Severe heatstroke,y24,-.3441772402435659
placebo,443,Mild cold hypothermia,y33,-.5379123926022008
placebo,443,Moderate cold hypothermia,y34,-.2222933663446409
placebo,444,Workload,y11,.0132006167769855
placebo,444,Overload,y12,2.193748005354031
placebo,444,Heatstroke,y23,.0473106233234523
placebo,444,Severe heatstroke,y24,-.1488067172696908
placebo,444,Mild cold hypothermia,y33,-.8263085783359789
placebo,444,Moderate cold hypothermia,y34,-.5965798795441076
placebo,445,Workload,y11,1.376855041624371
placebo,445,Overload,y12,1.494653301124758
placebo,445,Heatstroke,y23,.1351350738424172
placebo,445,Severe heatstroke,y24,.2274516379299185
placebo,445,Mild cold hypothermia,y33,-1.256903862740216
placebo,445,Moderate cold hypothermia,y34,.2952081841433547
placebo,446,Workload,y11,1.861547339489329
placebo,446,Overload,y12,4.948357990598469
placebo,446,Heatstroke,y23,.3087686344934161
placebo,446,Severe heatstroke,y24,.2152881770408783
placebo,446,Mild cold hypothermia,y33,-.5467011982946558
placebo,446,Moderate cold hypothermia,y34,.2868015871246561
placebo,447,Workload,y11,.1827339138322166
placebo,447,Overload,y12,-1.13165318605119
placebo,447,Heatstroke,y23,.444174589855789
placebo,447,Severe heatstroke,y24,.1986285465548161
placebo,447,Mild cold hypothermia,y33,-1.909783931916439
placebo,447,Moderate cold hypothermia,y34,-.4145408874525525
placebo,448,Workload,y11,-.1700713861635115
placebo,448,Overload,y12,.2621115684190788
placebo,448,Heatstroke,y23,-.4312526623446325
placebo,448,Severe heatstroke,y24,-.2037435645871084
placebo,448,Mild cold hypothermia,y33,1.55336111209075
placebo,448,Moderate cold hypothermia,y34,-.1443239682294427
placebo,449,Workload,y11,1.177571969972753
placebo,449,Overload,y12,1.175989339506916
placebo,449,Heatstroke,y23,.4876079075760926
placebo,449,Severe heatstroke,y24,.3571051925660164
placebo,449,Mild cold hypothermia,y33,-2.585575605348918
placebo,449,Moderate cold hypothermia,y34,-.4576092166469301
placebo,450,Workload,y11,-.2082583554628658
placebo,450,Overload,y12,-.39054441028311
placebo,450,Heatstroke,y23,-.4198270013170167
placebo,450,Severe heatstroke,y24,-.1507903113572097
placebo,450,Mild cold hypothermia,y33,-.1297154820846574
placebo,450,Moderate cold hypothermia,y34,-.2805542583995105
placebo,451,Workload,y11,-1.124310941095458
placebo,451,Overload,y12,-.8045644061659456
placebo,451,Heatstroke,y23,-.7068564435249992
placebo,451,Severe heatstroke,y24,.0060850187006693
placebo,451,Mild cold hypothermia,y33,.2278551540304484
placebo,451,Moderate cold hypothermia,y34,-.3081653422938913
placebo,452,Workload,y11,1.337126935996006
placebo,452,Overload,y12,4.593555942906773
placebo,452,Heatstroke,y23,-.0640497304854129
placebo,452,Severe heatstroke,y24,-.1651126865071169
placebo,452,Mild cold hypothermia,y33,-.4767763960231608
placebo,452,Moderate cold hypothermia,y34,-.0534969864501829
placebo,453,Workload,y11,.1984501549543215
placebo,453,Overload,y12,1.627294388365459
placebo,453,Heatstroke,y23,-.089161170559367
placebo,453,Severe heatstroke,y24,-.3372607887404459
placebo,453,Mild cold hypothermia,y33,.6311949702203179
placebo,453,Moderate cold hypothermia,y34,.7434179990537697
placebo,454,Workload,y11,.4043777044539408
placebo,454,Overload,y12,.3554672044190536
placebo,454,Heatstroke,y23,.0456528208215231
placebo,454,Severe heatstroke,y24,.1845729194550019
placebo,454,Mild cold hypothermia,y33,.0511802930755059
placebo,454,Moderate cold hypothermia,y34,.2931448045897865
placebo,455,Workload,y11,.9011939924189913
placebo,455,Overload,y12,2.494596229212773
placebo,455,Heatstroke,y23,-.2824626872564739
placebo,455,Severe heatstroke,y24,-.3557859787699839
placebo,455,Mild cold hypothermia,y33,.850652811603841
placebo,455,Moderate cold hypothermia,y34,.3021720537988078
placebo,456,Workload,y11,.8177728163165536
placebo,456,Overload,y12,.1260910474826135
placebo,456,Heatstroke,y23,.294484078762605
placebo,456,Severe heatstroke,y24,.0273290155042955
placebo,456,Mild cold hypothermia,y33,-.2508215037590444
placebo,456,Moderate cold hypothermia,y34,.428453369220655
placebo,457,Workload,y11,-1.182928827375171
placebo,457,Overload,y12,-1.70907312979097
placebo,457,Heatstroke,y23,-.8468795162629983
placebo,457,Severe heatstroke,y24,-.1700353024965673
placebo,457,Mild cold hypothermia,y33,-.0912625404342902
placebo,457,Moderate cold hypothermia,y34,-.2633224472649676
placebo,458,Workload,y11,-.0025464795999834
placebo,458,Overload,y12,-2.90396253319262
placebo,458,Heatstroke,y23,.5805818492940786
placebo,458,Severe heatstroke,y24,.365080957070037
placebo,458,Mild cold hypothermia,y33,.3788557167523398
placebo,458,Moderate cold hypothermia,y34,.8526123977062957
placebo,459,Workload,y11,-.4609799878026516
placebo,459,Overload,y12,-2.902983611792949
placebo,459,Heatstroke,y23,-.0937001007335585
placebo,459,Severe heatstroke,y24,.3811160997523267
placebo,459,Mild cold hypothermia,y33,-1.037303116379308
placebo,459,Moderate cold hypothermia,y34,-.2364735067457339
placebo,460,Workload,y11,.3994330008910084
placebo,460,Overload,y12,-.5682989866227811
placebo,460,Heatstroke,y23,.3151704897914752
placebo,460,Severe heatstroke,y24,.2183994153076931
placebo,460,Mild cold hypothermia,y33,.9477609875397364
placebo,460,Moderate cold hypothermia,y34,.1087103991184726
placebo,461,Workload,y11,-.621888059137248
placebo,461,Overload,y12,-2.451921074049241
placebo,461,Heatstroke,y23,-.3976276219996654
placebo,461,Severe heatstroke,y24,-.1444826098954582
placebo,461,Mild cold hypothermia,y33,.2312267453841718
placebo,461,Moderate cold hypothermia,y34,.1608544587804595
placebo,462,Workload,y11,-.8564255617150585
placebo,462,Overload,y12,-1.822798202737765
placebo,462,Heatstroke,y23,.173151184281767
placebo,462,Severe heatstroke,y24,-.1475741270926906
placebo,462,Mild cold hypothermia,y33,-.1739108817254776
placebo,462,Moderate cold hypothermia,y34,.6272584597799635
placebo,463,Workload,y11,-.3411973608985142
placebo,463,Overload,y12,-.3630075859263482
placebo,463,Heatstroke,y23,-.4803559480228933
placebo,463,Severe heatstroke,y24,-.1734654208256443
placebo,463,Mild cold hypothermia,y33,-.9170679265062837
placebo,463,Moderate cold hypothermia,y34,.0663536065722677
placebo,464,Workload,y11,-.0901201435159858
placebo,464,Overload,y12,-1.73045959784799
placebo,464,Heatstroke,y23,-.1938765951123906
placebo,464,Severe heatstroke,y24,.4050054850223969
placebo,464,Mild cold hypothermia,y33,1.140587436835697
placebo,464,Moderate cold hypothermia,y34,-.3883693534057154
placebo,465,Workload,y11,-1.715439042961519
placebo,465,Overload,y12,-3.381716054035764
placebo,465,Heatstroke,y23,.1368737521979507
placebo,465,Severe heatstroke,y24,.0337691653423499
placebo,465,Mild cold hypothermia,y33,-.7419581268336563
placebo,465,Moderate cold hypothermia,y34,-.2353494642126857
placebo,466,Workload,y11,-.6072921300567197
placebo,466,Overload,y12,-3.07505470371735
placebo,466,Heatstroke,y23,-.8323140183851275
placebo,466,Severe heatstroke,y24,-.3445876715240491
placebo,466,Mild cold hypothermia,y33,-.8289146173517262
placebo,466,Moderate cold hypothermia,y34,-.2508176389434649
placebo,467,Workload,y11,.2292371144558168
placebo,467,Overload,y12,-1.721580204583238
placebo,467,Heatstroke,y23,-.4211046677379369
placebo,467,Severe heatstroke,y24,-.1530145005394684
placebo,467,Mild cold hypothermia,y33,2.41990732908173
placebo,467,Moderate cold hypothermia,y34,.4302212801397646
placebo,468,Workload,y11,-.2528507005781612
placebo,468,Overload,y12,-1.649840727799892
placebo,468,Heatstroke,y23,-.1100435566646468
placebo,468,Severe heatstroke,y24,-.3501067226298091
placebo,468,Mild cold hypothermia,y33,1.611439191808101
placebo,468,Moderate cold hypothermia,y34,.0995424156675775
placebo,469,Workload,y11,-.9416561792113868
placebo,469,Overload,y12,-1.84551969962086
placebo,469,Heatstroke,y23,-.3406039581546066
placebo,469,Severe heatstroke,y24,.0029902213510762
placebo,469,Mild cold hypothermia,y33,-.209920750397417
placebo,469,Moderate cold hypothermia,y34,.2402790259107469
placebo,470,Workload,y11,-.9964502969709917
placebo,470,Overload,y12,-.1817256122875597
placebo,470,Heatstroke,y23,.0109745244625532
placebo,470,Severe heatstroke,y24,.3653493389262118
placebo,470,Mild cold hypothermia,y33,-.2909310482054573
placebo,470,Moderate cold hypothermia,y34,-.0812424710300171
placebo,471,Workload,y11,-.0128894485775245
placebo,471,Overload,y12,-.2285603597668635
placebo,471,Heatstroke,y23,.2204116480280112
placebo,471,Severe heatstroke,y24,.1785275130599609
placebo,471,Mild cold hypothermia,y33,1.507374578793925
placebo,471,Moderate cold hypothermia,y34,.7326613332155151
placebo,472,Workload,y11,.6990518717460794
placebo,472,Overload,y12,.2854400366176504
placebo,472,Heatstroke,y23,-.224302606357312
placebo,472,Severe heatstroke,y24,.0330316209068183
placebo,472,Mild cold hypothermia,y33,2.648088709657137
placebo,472,Moderate cold hypothermia,y34,-.1167199382714027
placebo,473,Workload,y11,1.272849696290701
placebo,473,Overload,y12,1.634699234636819
placebo,473,Heatstroke,y23,.8316958729169251
placebo,473,Severe heatstroke,y24,.3903366405445652
placebo,473,Mild cold hypothermia,y33,.8303523428901131
placebo,473,Moderate cold hypothermia,y34,.6983976411051614
placebo,474,Workload,y11,1.09969818433725
placebo,474,Overload,y12,.5829710992326054
placebo,474,Heatstroke,y23,-.4280721019364005
placebo,474,Severe heatstroke,y24,.0263565734613586
placebo,474,Mild cold hypothermia,y33,-2.049527719383955
placebo,474,Moderate cold hypothermia,y34,-.1285064501469377
placebo,475,Workload,y11,-.9634213710727777
placebo,475,Overload,y12,-.9091388703902727
placebo,475,Heatstroke,y23,.1145251362691377
placebo,475,Severe heatstroke,y24,.0353425651711787
placebo,475,Mild cold hypothermia,y33,-.7700961496120832
placebo,475,Moderate cold hypothermia,y34,-.2522097048586761
placebo,476,Workload,y11,.2123270582340545
placebo,476,Overload,y12,1.322373326696274
placebo,476,Heatstroke,y23,-.4317815688443009
placebo,476,Severe heatstroke,y24,-.1469204821133884
placebo,476,Mild cold hypothermia,y33,.1592767221902018
placebo,476,Moderate cold hypothermia,y34,-.4489782007564894
placebo,477,Workload,y11,-.5664239937393021
placebo,477,Overload,y12,-.4067197245928343
placebo,477,Heatstroke,y23,-.1514209026732941
placebo,477,Severe heatstroke,y24,.3869529778146274
placebo,477,Mild cold hypothermia,y33,2.891312508709928
placebo,477,Moderate cold hypothermia,y34,.3020129650147723
placebo,478,Workload,y11,1.772390292684396
placebo,478,Overload,y12,2.361103790061247
placebo,478,Heatstroke,y23,.7686066798899218
placebo,478,Severe heatstroke,y24,.534200626753823
placebo,478,Mild cold hypothermia,y33,.1791716928263026
placebo,478,Moderate cold hypothermia,y34,-.1049746580615117
placebo,479,Workload,y11,-.5244624427936624
placebo,479,Overload,y12,-2.625963206574497
placebo,479,Heatstroke,y23,.6826491058885232
placebo,479,Severe heatstroke,y24,.540277621837754
placebo,479,Mild cold hypothermia,y33,.3758706019289869
placebo,479,Moderate cold hypothermia,y34,-.2783653802422709
placebo,480,Workload,y11,.4599944976501988
placebo,480,Overload,y12,-.8411266226374005
placebo,480,Heatstroke,y23,.5192663568708584
placebo,480,Severe heatstroke,y24,.7228637752459944
placebo,480,Mild cold hypothermia,y33,-.8320958123118507
placebo,480,Moderate cold hypothermia,y34,-.0675121536650756
placebo,481,Workload,y11,-1.678499235769728
placebo,481,Overload,y12,-1.279141131701359
placebo,481,Heatstroke,y23,-.4327896943347412
placebo,481,Severe heatstroke,y24,-.1567578074533955
placebo,481,Mild cold hypothermia,y33,-.9919963630133821
placebo,481,Moderate cold hypothermia,y34,.4873444990653159
placebo,482,Workload,y11,-2.234011886314959
placebo,482,Overload,y12,-4.828758101865206
placebo,482,Heatstroke,y23,-.2519698396886427
placebo,482,Severe heatstroke,y24,.0538033660354228
placebo,482,Mild cold hypothermia,y33,-1.474438291011585
placebo,482,Moderate cold hypothermia,y34,-.0353399685391261
placebo,483,Workload,y11,1.69893385330067
placebo,483,Overload,y12,.677889851846904
placebo,483,Heatstroke,y23,.0555572025911898
placebo,483,Severe heatstroke,y24,.0050840830368605
placebo,483,Mild cold hypothermia,y33,.5726189199366547
placebo,483,Moderate cold hypothermia,y34,-.2361354076274229
placebo,484,Workload,y11,.5530566274648535
placebo,484,Overload,y12,-1.123708764958807
placebo,484,Heatstroke,y23,-.2071764950908049
placebo,484,Severe heatstroke,y24,.2499596357220717
placebo,484,Mild cold hypothermia,y33,.4258749639605645
placebo,484,Moderate cold hypothermia,y34,-.0304071858537969
placebo,485,Workload,y11,1.174543465949404
placebo,485,Overload,y12,.962399610340959
placebo,485,Heatstroke,y23,.1296646259992502
placebo,485,Severe heatstroke,y24,.3938393304334336
placebo,485,Mild cold hypothermia,y33,-.5271758320526707
placebo,485,Moderate cold hypothermia,y34,.0687083918422207
placebo,486,Workload,y11,.2705386679547298
placebo,486,Overload,y12,-1.531532279256278
placebo,486,Heatstroke,y23,.0466336001527397
placebo,486,Severe heatstroke,y24,.0027446045066682
placebo,486,Mild cold hypothermia,y33,-.7452868992150489
placebo,486,Moderate cold hypothermia,y34,-.021994178481494
placebo,487,Workload,y11,-.0192872591575015
placebo,487,Overload,y12,-.0114393136992005
placebo,487,Heatstroke,y23,.0573839898022534
placebo,487,Severe heatstroke,y24,.0733669583462313
placebo,487,Mild cold hypothermia,y33,-1.161588491829213
placebo,487,Moderate cold hypothermia,y34,-.0414127673939758
placebo,488,Workload,y11,.0933554633028957
placebo,488,Overload,y12,1.803286092127991
placebo,488,Heatstroke,y23,-.1225216950343488
placebo,488,Severe heatstroke,y24,.0078182516865285
placebo,488,Mild cold hypothermia,y33,-.425294176115656
placebo,488,Moderate cold hypothermia,y34,-.2730084309932491
placebo,489,Workload,y11,-1.707275912549846
placebo,489,Overload,y12,-3.980381731135459
placebo,489,Heatstroke,y23,.0254908945086873
placebo,489,Severe heatstroke,y24,-.3799089779142737
placebo,489,Mild cold hypothermia,y33,-.9441590769769337
placebo,489,Moderate cold hypothermia,y34,-.0222268210762455
placebo,490,Workload,y11,1.174632258792627
placebo,490,Overload,y12,.0222074979534744
placebo,490,Heatstroke,y23,.0049700139173724
placebo,490,Severe heatstroke,y24,.1799656033297468
placebo,490,Mild cold hypothermia,y33,-.37376211986149
placebo,490,Moderate cold hypothermia,y34,-.1135734317512739
placebo,491,Workload,y11,.3830414633152294
placebo,491,Overload,y12,.1004571042174198
placebo,491,Heatstroke,y23,.0716859624840907
placebo,491,Severe heatstroke,y24,.0096503860091042
placebo,491,Mild cold hypothermia,y33,.3697589665004241
placebo,491,Moderate cold hypothermia,y34,-.0822527191068615
placebo,492,Workload,y11,.3188613517692269
placebo,492,Overload,y12,-.4555025456018366
placebo,492,Heatstroke,y23,.4926283581662406
placebo,492,Severe heatstroke,y24,.1591322783898538
placebo,492,Mild cold hypothermia,y33,-.3770368425099485
placebo,492,Moderate cold hypothermia,y34,-.3109427019791396
placebo,493,Workload,y11,.02174011151213
placebo,493,Overload,y12,1.26270433243878
placebo,493,Heatstroke,y23,.0854818737368639
placebo,493,Severe heatstroke,y24,-.1709998508181885
placebo,493,Mild cold hypothermia,y33,-.2162685171739157
placebo,493,Moderate cold hypothermia,y34,-.0739300974723955
placebo,494,Workload,y11,-1.16109326288266
placebo,494,Overload,y12,-4.277825780973366
placebo,494,Heatstroke,y23,.5935641956108226
placebo,494,Severe heatstroke,y24,.0055942393956381
placebo,494,Mild cold hypothermia,y33,-.4305612070998167
placebo,494,Moderate cold hypothermia,y34,.3193240673573421
placebo,495,Workload,y11,1.29608233941591
placebo,495,Overload,y12,1.371117035558951
placebo,495,Heatstroke,y23,.4497964602367928
placebo,495,Severe heatstroke,y24,.2029031315131566
placebo,495,Mild cold hypothermia,y33,.4952729368667751
placebo,495,Moderate cold hypothermia,y34,-.1789308621478695
placebo,496,Workload,y11,-1.990212325062642
placebo,496,Overload,y12,-4.452922201426766
placebo,496,Heatstroke,y23,.819886228214861
placebo,496,Severe heatstroke,y24,.0188242927181457
placebo,496,Mild cold hypothermia,y33,-.2301576273923562
placebo,496,Moderate cold hypothermia,y34,-.0692459173344021
placebo,497,Workload,y11,.0713534145701876
placebo,497,Overload,y12,1.140496239403055
placebo,497,Heatstroke,y23,-.519357573216652
placebo,497,Severe heatstroke,y24,-.3144228888491494
placebo,497,Mild cold hypothermia,y33,-.6847022666021396
placebo,497,Moderate cold hypothermia,y34,.5531802146973449
placebo,498,Workload,y11,-1.143958235066974
placebo,498,Overload,y12,-1.041155992912676
placebo,498,Heatstroke,y23,-.1932840478436371
placebo,498,Severe heatstroke,y24,-.3443677205792314
placebo,498,Mild cold hypothermia,y33,.3607788154542449
placebo,498,Moderate cold hypothermia,y34,.1645070966623847
placebo,499,Workload,y11,1.361999148365159
placebo,499,Overload,y12,2.429623531035166
placebo,499,Heatstroke,y23,.5128850388150388
placebo,499,Severe heatstroke,y24,-.0254888925729824
placebo,499,Mild cold hypothermia,y33,.2835099566511676
placebo,499,Moderate cold hypothermia,y34,.4853657992274991
placebo,500,Workload,y11,-.0798403828082932
placebo,500,Overload,y12,.7411810911966749
placebo,500,Heatstroke,y23,.2877640060022
placebo,500,Severe heatstroke,y24,.1618242233693492
placebo,500,Mild cold hypothermia,y33,2.036912495205366
placebo,500,Moderate cold hypothermia,y34,-.0813022868967697
placebo,501,Workload,y11,-1.138982478818794
placebo,501,Overload,y12,-.4489607451763707
placebo,501,Heatstroke,y23,.0192941170584621
placebo,501,Severe heatstroke,y24,-.3596572703109786
placebo,501,Mild cold hypothermia,y33,1.264067875174846
placebo,501,Moderate cold hypothermia,y34,.4734274043628132
placebo,502,Workload,y11,-.30960405404363
placebo,502,Overload,y12,.2830203117558512
placebo,502,Heatstroke,y23,.5837318122329931
placebo,502,Severe heatstroke,y24,.0036316213307685
placebo,502,Mild cold hypothermia,y33,2.394410405631501
placebo,502,Moderate cold hypothermia,y34,-.0904961248457142
placebo,503,Workload,y11,-1.112820341414968
placebo,503,Overload,y12,-2.031221025807146
placebo,503,Heatstroke,y23,.5706985859857167
placebo,503,Severe heatstroke,y24,.1951223980484142
placebo,503,Mild cold hypothermia,y33,-2.151488901481502
placebo,503,Moderate cold hypothermia,y34,-.448979136284258
placebo,504,Workload,y11,.3099984477698439
placebo,504,Overload,y12,1.617234423220179
placebo,504,Heatstroke,y23,-.3942384671869954
placebo,504,Severe heatstroke,y24,.0578261535068605
placebo,504,Mild cold hypothermia,y33,-.82948620641945
placebo,504,Moderate cold hypothermia,y34,-.5887985530189451
placebo,505,Workload,y11,-.961234517491564
placebo,505,Overload,y12,.0861523111568936
placebo,505,Heatstroke,y23,.0831032697897172
placebo,505,Severe heatstroke,y24,.0149024521338928
placebo,505,Mild cold hypothermia,y33,1.352458054787443
placebo,505,Moderate cold hypothermia,y34,.3427725427552271
placebo,506,Workload,y11,-1.030577607237062
placebo,506,Overload,y12,-2.160734518998544
placebo,506,Heatstroke,y23,.2003774356117874
placebo,506,Severe heatstroke,y24,.0007266373746509
placebo,506,Mild cold hypothermia,y33,.213049359611322
placebo,506,Moderate cold hypothermia,y34,-.2423582667234178
placebo,507,Workload,y11,.7563966447043565
placebo,507,Overload,y12,2.905609711253286
placebo,507,Heatstroke,y23,.0017525671725934
placebo,507,Severe heatstroke,y24,.1653433843530837
placebo,507,Mild cold hypothermia,y33,.387451433755249
placebo,507,Moderate cold hypothermia,y34,.0734971685654302
placebo,508,Workload,y11,-1.349883149766858
placebo,508,Overload,y12,-4.380140873934804
placebo,508,Heatstroke,y23,.1941701827702226
placebo,508,Severe heatstroke,y24,.0535806836930429
placebo,508,Mild cold hypothermia,y33,.4640832903948335
placebo,508,Moderate cold hypothermia,y34,-.0760729910914709
placebo,509,Workload,y11,-.1849262866650608
placebo,509,Overload,y12,.2576245229859022
placebo,509,Heatstroke,y23,.3940506442284097
placebo,509,Severe heatstroke,y24,.005349773325841
placebo,509,Mild cold hypothermia,y33,-1.391042775735869
placebo,509,Moderate cold hypothermia,y34,-.0946812934758606
placebo,510,Workload,y11,-.5642337696759934
placebo,510,Overload,y12,-4.882222511466706
placebo,510,Heatstroke,y23,.1271812958710167
placebo,510,Severe heatstroke,y24,.0298373286959704
placebo,510,Mild cold hypothermia,y33,-.8583258732090189
placebo,510,Moderate cold hypothermia,y34,-.0521243350463638
placebo,511,Workload,y11,.5615766035949578
placebo,511,Overload,y12,1.225139102730974
placebo,511,Heatstroke,y23,.6275596657783413
placebo,511,Severe heatstroke,y24,-.1863120422707463
placebo,511,Mild cold hypothermia,y33,-.0914369549591927
placebo,511,Moderate cold hypothermia,y34,.1064795229333909
placebo,512,Workload,y11,-.1851721493378841
placebo,512,Overload,y12,.6280700158961837
placebo,512,Heatstroke,y23,.1209163333257808
placebo,512,Severe heatstroke,y24,-.0323409466796215
placebo,512,Mild cold hypothermia,y33,1.326502917528597
placebo,512,Moderate cold hypothermia,y34,.0416832423372962
placebo,513,Workload,y11,-2.331778700315965
placebo,513,Overload,y12,-2.39320294879809
placebo,513,Heatstroke,y23,.0136750567557055
placebo,513,Severe heatstroke,y24,-.3270223962106806
placebo,513,Mild cold hypothermia,y33,.3642532374209572
placebo,513,Moderate cold hypothermia,y34,.3326478936887877
placebo,514,Workload,y11,1.042012231729175
placebo,514,Overload,y12,-.2807715615518011
placebo,514,Heatstroke,y23,-.138165945208666
placebo,514,Severe heatstroke,y24,.0045755304335458
placebo,514,Mild cold hypothermia,y33,-.2300959063177775
placebo,514,Moderate cold hypothermia,y34,.5513404722278544
placebo,515,Workload,y11,-.4530343937169935
placebo,515,Overload,y12,.9936679357486269
placebo,515,Heatstroke,y23,.7074691195543024
placebo,515,Severe heatstroke,y24,.3463341737397056
placebo,515,Mild cold hypothermia,y33,-1.560808613614916
placebo,515,Moderate cold hypothermia,y34,-.0457859123690049
placebo,516,Workload,y11,-.9208461453288314
placebo,516,Overload,y12,.8114546161012972
placebo,516,Heatstroke,y23,-.5696617223259388
placebo,516,Severe heatstroke,y24,.0502335941920632
placebo,516,Mild cold hypothermia,y33,-.2043648960920491
placebo,516,Moderate cold hypothermia,y34,.5187450650909518
placebo,517,Workload,y11,.677745517475804
placebo,517,Overload,y12,3.935917858465254
placebo,517,Heatstroke,y23,-.1926585845517449
placebo,517,Severe heatstroke,y24,-.132377813241826
placebo,517,Mild cold hypothermia,y33,-1.189673598186007
placebo,517,Moderate cold hypothermia,y34,-.0851057944112709
placebo,518,Workload,y11,1.249012773874061
placebo,518,Overload,y12,1.107031391357346
placebo,518,Heatstroke,y23,-.100614955472999
placebo,518,Severe heatstroke,y24,.0168210358954623
placebo,518,Mild cold hypothermia,y33,.4618108020234274
placebo,518,Moderate cold hypothermia,y34,-.2182897155901167
placebo,519,Workload,y11,.2236894585958527
placebo,519,Overload,y12,.1750349688439342
placebo,519,Heatstroke,y23,-.0149217740201969
placebo,519,Severe heatstroke,y24,-.1941583295243736
placebo,519,Mild cold hypothermia,y33,.4472800812097782
placebo,519,Moderate cold hypothermia,y34,.0926138834202456
placebo,520,Workload,y11,-.5762980363374673
placebo,520,Overload,y12,-1.603031822723567
placebo,520,Heatstroke,y23,.4831340656690146
placebo,520,Severe heatstroke,y24,.4043138905430257
placebo,520,Mild cold hypothermia,y33,-.9659841423095865
placebo,520,Moderate cold hypothermia,y34,-.5058945890717541
placebo,521,Workload,y11,.4004693692357144
placebo,521,Overload,y12,-.9531301911628486
placebo,521,Heatstroke,y23,.441794415484872
placebo,521,Severe heatstroke,y24,.3873978161434791
placebo,521,Mild cold hypothermia,y33,.0159623061329674
placebo,521,Moderate cold hypothermia,y34,-.2152559500119407
placebo,522,Workload,y11,-.7120585191534466
placebo,522,Overload,y12,-.9866413910329932
placebo,522,Heatstroke,y23,-.635863294600585
placebo,522,Severe heatstroke,y24,-.3350589783265593
placebo,522,Mild cold hypothermia,y33,-.118532534624438
placebo,522,Moderate cold hypothermia,y34,.2656181215389088
placebo,523,Workload,y11,1.100368469694285
placebo,523,Overload,y12,2.280321721817439
placebo,523,Heatstroke,y23,-.4357257022195027
placebo,523,Severe heatstroke,y24,-.3502018581462609
placebo,523,Mild cold hypothermia,y33,1.15742273348638
placebo,523,Moderate cold hypothermia,y34,.3260536493813625
placebo,524,Workload,y11,-1.149048460630773
placebo,524,Overload,y12,-5.737355879485022
placebo,524,Heatstroke,y23,-.1003290728806893
placebo,524,Severe heatstroke,y24,-.1567354197895824
placebo,524,Mild cold hypothermia,y33,-.4131698579581912
placebo,524,Moderate cold hypothermia,y34,.6136759980145542
placebo,525,Workload,y11,.6324820656594583
placebo,525,Overload,y12,.5880541263317782
placebo,525,Heatstroke,y23,-.0192461448351267
placebo,525,Severe heatstroke,y24,.3822700251962752
placebo,525,Mild cold hypothermia,y33,.9688960434449112
placebo,525,Moderate cold hypothermia,y34,-.4003276676986909
placebo,526,Workload,y11,.9705238427661351
placebo,526,Overload,y12,1.913319167745479
placebo,526,Heatstroke,y23,.2479230642207717
placebo,526,Severe heatstroke,y24,.1930581397854491
placebo,526,Mild cold hypothermia,y33,2.153312887881963
placebo,526,Moderate cold hypothermia,y34,1.041083487258921
placebo,527,Workload,y11,-.6857079133626075
placebo,527,Overload,y12,-1.175426751704883
placebo,527,Heatstroke,y23,.0269964350451627
placebo,527,Severe heatstroke,y24,.4486682357706582
placebo,527,Mild cold hypothermia,y33,-1.360841583339311
placebo,527,Moderate cold hypothermia,y34,-.6829354197437727
placebo,528,Workload,y11,-.0684367424680526
placebo,528,Overload,y12,-1.07813458435358
placebo,528,Heatstroke,y23,-.1403599557883979
placebo,528,Severe heatstroke,y24,.2095432801934132
placebo,528,Mild cold hypothermia,y33,.0286418811176948
placebo,528,Moderate cold hypothermia,y34,-.6362961629160118
placebo,529,Workload,y11,.3174128867451227
placebo,529,Overload,y12,-.0833130762829508
placebo,529,Heatstroke,y23,-.0316542036274049
placebo,529,Severe heatstroke,y24,.0391821499855586
placebo,529,Mild cold hypothermia,y33,.4122595294032161
placebo,529,Moderate cold hypothermia,y34,-.095728846380979
placebo,530,Workload,y11,.0612157791445945
placebo,530,Overload,y12,.5247040817790751
placebo,530,Heatstroke,y23,-.0472849327227712
placebo,530,Severe heatstroke,y24,.0342201244036469
placebo,530,Mild cold hypothermia,y33,.8241458942328933
placebo,530,Moderate cold hypothermia,y34,-.0655600767497976
placebo,531,Workload,y11,-.7665817441162354
placebo,531,Overload,y12,.5729487239025006
placebo,531,Heatstroke,y23,.173434631784119
placebo,531,Severe heatstroke,y24,-.1455440975660489
placebo,531,Mild cold hypothermia,y33,.1032104007923915
placebo,531,Moderate cold hypothermia,y34,.3832916776952819
placebo,532,Workload,y11,-.0339933346388762
placebo,532,Overload,y12,.0720490994319001
placebo,532,Heatstroke,y23,-.1910175446827591
placebo,532,Severe heatstroke,y24,.0454420965573902
placebo,532,Mild cold hypothermia,y33,2.128013163241639
placebo,532,Moderate cold hypothermia,y34,.2383739565287739
placebo,533,Workload,y11,-.0826352101642295
placebo,533,Overload,y12,-.9319302025588725
placebo,533,Heatstroke,y23,-.7173065998811999
placebo,533,Severe heatstroke,y24,-.1740007939758995
placebo,533,Mild cold hypothermia,y33,.0839710813542502
placebo,533,Moderate cold hypothermia,y34,.0177139582856658
placebo,534,Workload,y11,-.4484699044822889
placebo,534,Overload,y12,-.9658424450258594
placebo,534,Heatstroke,y23,-.340444895693012
placebo,534,Severe heatstroke,y24,-.1803615819986324
placebo,534,Mild cold hypothermia,y33,.2144492393638956
placebo,534,Moderate cold hypothermia,y34,.104543269179044
placebo,535,Workload,y11,-.135385563743077
placebo,535,Overload,y12,-1.781112835685569
placebo,535,Heatstroke,y23,.1683068039624177
placebo,535,Severe heatstroke,y24,-.0004828734704979
placebo,535,Mild cold hypothermia,y33,1.268304196005645
placebo,535,Moderate cold hypothermia,y34,.4660986667113937
placebo,536,Workload,y11,-.1493713713572599
placebo,536,Overload,y12,-.546165310383906
placebo,536,Heatstroke,y23,-.3238761697593749
placebo,536,Severe heatstroke,y24,-.3517512806587763
placebo,536,Mild cold hypothermia,y33,.5856477760908696
placebo,536,Moderate cold hypothermia,y34,.2811125201613073
placebo,537,Workload,y11,.6941809859918987
placebo,537,Overload,y12,.1321083385027119
placebo,537,Heatstroke,y23,.3657766424421668
placebo,537,Severe heatstroke,y24,-.1333823636113614
placebo,537,Mild cold hypothermia,y33,-.3194710725995371
placebo,537,Moderate cold hypothermia,y34,.0513241327172416
placebo,538,Workload,y11,-1.517811342553597
placebo,538,Overload,y12,-1.243044802819117
placebo,538,Heatstroke,y23,.0248216067138739
placebo,538,Severe heatstroke,y24,.0044458652259045
placebo,538,Mild cold hypothermia,y33,.843461875033937
placebo,538,Moderate cold hypothermia,y34,.2723390291347262
placebo,539,Workload,y11,.7729490354272996
placebo,539,Overload,y12,.8099018698211982
placebo,539,Heatstroke,y23,-.2478802330646175
placebo,539,Severe heatstroke,y24,-.3988613085081835
placebo,539,Mild cold hypothermia,y33,.0259132514480138
placebo,539,Moderate cold hypothermia,y34,.1708459908339325
placebo,540,Workload,y11,.1213705600404106
placebo,540,Overload,y12,.1206121588101251
placebo,540,Heatstroke,y23,.2643935840135425
placebo,540,Severe heatstroke,y24,.0133135495306841
placebo,540,Mild cold hypothermia,y33,-1.58359811850046
placebo,540,Moderate cold hypothermia,y34,-.4847803317588502
placebo,541,Workload,y11,.6505885128869831
placebo,541,Overload,y12,2.201243615854348
placebo,541,Heatstroke,y23,-.1995826590085516
placebo,541,Severe heatstroke,y24,-.3266493222511795
placebo,541,Mild cold hypothermia,y33,.7691737491886401
placebo,541,Moderate cold hypothermia,y34,-.4147167507540708
placebo,542,Workload,y11,-.3901774724219793
placebo,542,Overload,y12,.4189486219205227
placebo,542,Heatstroke,y23,-.6152249283704346
placebo,542,Severe heatstroke,y24,-.3451744667340398
placebo,542,Mild cold hypothermia,y33,1.260868587557034
placebo,542,Moderate cold hypothermia,y34,.1399196277348354
placebo,543,Workload,y11,-.3789085948695541
placebo,543,Overload,y12,-1.864640277311685
placebo,543,Heatstroke,y23,.4198611446673602
placebo,543,Severe heatstroke,y24,.1967859621517359
placebo,543,Mild cold hypothermia,y33,2.212278412656583
placebo,543,Moderate cold hypothermia,y34,.2180273210433472
placebo,544,Workload,y11,-.3436670651894496
placebo,544,Overload,y12,.4475837921774135
placebo,544,Heatstroke,y23,.4120968950354563
placebo,544,Severe heatstroke,y24,.2602762302373345
placebo,544,Mild cold hypothermia,y33,1.401630043882538
placebo,544,Moderate cold hypothermia,y34,.5959451736805219
placebo,545,Workload,y11,-.7127439720662336
placebo,545,Overload,y12,-1.210131111081921
placebo,545,Heatstroke,y23,-.1556731417230934
placebo,545,Severe heatstroke,y24,-.1920605071947266
placebo,545,Mild cold hypothermia,y33,-.414004328155354
placebo,545,Moderate cold hypothermia,y34,-.0753898647225479
placebo,546,Workload,y11,-.2057710139737518
placebo,546,Overload,y12,2.041416066116703
placebo,546,Heatstroke,y23,-.4150518119278346
placebo,546,Severe heatstroke,y24,-.1511428262729356
placebo,546,Mild cold hypothermia,y33,-.9485251797179788
placebo,546,Moderate cold hypothermia,y34,-.6400887354595238
placebo,547,Workload,y11,-.376837476986464
placebo,547,Overload,y12,-1.297760189730593
placebo,547,Heatstroke,y23,-.1270558687301116
placebo,547,Severe heatstroke,y24,-.178195350282829
placebo,547,Mild cold hypothermia,y33,1.095740436301486
placebo,547,Moderate cold hypothermia,y34,-.3287877032264296
placebo,548,Workload,y11,1.098634220994747
placebo,548,Overload,y12,2.281615404773548
placebo,548,Heatstroke,y23,.0049973053287437
placebo,548,Severe heatstroke,y24,.0527186828725743
placebo,548,Mild cold hypothermia,y33,-.8606535426174694
placebo,548,Moderate cold hypothermia,y34,.1098412529405023
placebo,549,Workload,y11,1.433319792026788
placebo,549,Overload,y12,1.290798133736434
placebo,549,Heatstroke,y23,.1377513027716276
placebo,549,Severe heatstroke,y24,.2356144506336327
placebo,549,Mild cold hypothermia,y33,1.756806964601506
placebo,549,Moderate cold hypothermia,y34,.145666129086392
placebo,550,Workload,y11,-.6509625782402089
placebo,550,Overload,y12,-4.547943678550536
placebo,550,Heatstroke,y23,.6087242440468783
placebo,550,Severe heatstroke,y24,.3790425593741924
placebo,550,Mild cold hypothermia,y33,-2.93356028701585
placebo,550,Moderate cold hypothermia,y34,-.6110686170288778
placebo,551,Workload,y11,-.5668693518870246
placebo,551,Overload,y12,-1.158084650996623
placebo,551,Heatstroke,y23,-.5260217104714404
placebo,551,Severe heatstroke,y24,-.0064899039938499
placebo,551,Mild cold hypothermia,y33,-.5129276936372834
placebo,551,Moderate cold hypothermia,y34,.2640972041341997
placebo,552,Workload,y11,1.286283423144736
placebo,552,Overload,y12,.7655406201383246
placebo,552,Heatstroke,y23,.1657294509038251
placebo,552,Severe heatstroke,y24,.3374488326282832
placebo,552,Mild cold hypothermia,y33,2.175520085914207
placebo,552,Moderate cold hypothermia,y34,-.1026125690454987
placebo,553,Workload,y11,.8344754797654912
placebo,553,Overload,y12,.3272622356748532
placebo,553,Heatstroke,y23,.5339168687222615
placebo,553,Severe heatstroke,y24,.2307384994142163
placebo,553,Mild cold hypothermia,y33,.4489580577474339
placebo,553,Moderate cold hypothermia,y34,-.0445978362200268
placebo,554,Workload,y11,1.071633617816764
placebo,554,Overload,y12,.6427508329379407
placebo,554,Heatstroke,y23,.4900010074712594
placebo,554,Severe heatstroke,y24,-.2116016379763654
placebo,554,Mild cold hypothermia,y33,-.0715224575617023
placebo,554,Moderate cold hypothermia,y34,-.0704017979120696
placebo,555,Workload,y11,.3833583169003494
placebo,555,Overload,y12,3.034497975642956
placebo,555,Heatstroke,y23,-.3888663838412046
placebo,555,Severe heatstroke,y24,-.3315276762924336
placebo,555,Mild cold hypothermia,y33,-.3540475476816746
placebo,555,Moderate cold hypothermia,y34,-.4805276989711216
placebo,556,Workload,y11,-1.096974706570652
placebo,556,Overload,y12,-.4806684855617502
placebo,556,Heatstroke,y23,.3271246366659217
placebo,556,Severe heatstroke,y24,-.2256578598039545
placebo,556,Mild cold hypothermia,y33,.3873891167641918
placebo,556,Moderate cold hypothermia,y34,-.243703216060764
placebo,557,Workload,y11,-1.464436167233299
placebo,557,Overload,y12,-2.855184134670243
placebo,557,Heatstroke,y23,-.4159251103470503
placebo,557,Severe heatstroke,y24,-.152163301843397
placebo,557,Mild cold hypothermia,y33,-.4064915527788993
placebo,557,Moderate cold hypothermia,y34,-.4836623819309587
placebo,558,Workload,y11,-1.010122040512697
placebo,558,Overload,y12,-.0159252776655757
placebo,558,Heatstroke,y23,.2257812233700215
placebo,558,Severe heatstroke,y24,.195560753100498
placebo,558,Mild cold hypothermia,y33,-1.818004876045745
placebo,558,Moderate cold hypothermia,y34,-.2483694697058108
placebo,559,Workload,y11,-.7169627056102474
placebo,559,Overload,y12,-.8615418219337011
placebo,559,Heatstroke,y23,-.1523026398549051
placebo,559,Severe heatstroke,y24,.188643799995453
placebo,559,Mild cold hypothermia,y33,.0753981423220873
placebo,559,Moderate cold hypothermia,y34,-.2328919640645013
placebo,560,Workload,y11,-.8449817996994238
placebo,560,Overload,y12,-2.115724082028363
placebo,560,Heatstroke,y23,-.4641865419022869
placebo,560,Severe heatstroke,y24,-.1675456073789015
placebo,560,Mild cold hypothermia,y33,-.5818489228841459
placebo,560,Moderate cold hypothermia,y34,-.2583545432950562
placebo,561,Workload,y11,-.0470424854837583
placebo,561,Overload,y12,.335469256030916
placebo,561,Heatstroke,y23,.1496806950703754
placebo,561,Severe heatstroke,y24,.0463531778650576
placebo,561,Mild cold hypothermia,y33,1.182797650658711
placebo,561,Moderate cold hypothermia,y34,.1020551427354108
placebo,562,Workload,y11,.7507795000184294
placebo,562,Overload,y12,.1437511805937118
placebo,562,Heatstroke,y23,-.1110915514462464
placebo,562,Severe heatstroke,y24,.2256655807337201
placebo,562,Mild cold hypothermia,y33,.2504167508928947
placebo,562,Moderate cold hypothermia,y34,.4956997990115692
placebo,563,Workload,y11,-.1840351140608361
placebo,563,Overload,y12,-.2725326691424991
placebo,563,Heatstroke,y23,-.8077562119294054
placebo,563,Severe heatstroke,y24,-.3408892124752825
placebo,563,Mild cold hypothermia,y33,-.2488211234258712
placebo,563,Moderate cold hypothermia,y34,-.4577713817586447
placebo,564,Workload,y11,-.3867418856814038
placebo,564,Overload,y12,-.3599380284184981
placebo,564,Heatstroke,y23,-.5131225197856316
placebo,564,Severe heatstroke,y24,-.3527073334261573
placebo,564,Mild cold hypothermia,y33,.0677847321308911
placebo,564,Moderate cold hypothermia,y34,-.030151466970285
placebo,565,Workload,y11,-1.183201060269548
placebo,565,Overload,y12,-2.666521179533907
placebo,565,Heatstroke,y23,-.8925445169454947
placebo,565,Severe heatstroke,y24,-.3647085372669189
placebo,565,Mild cold hypothermia,y33,-.9006119799087475
placebo,565,Moderate cold hypothermia,y34,.3894158509956632
placebo,566,Workload,y11,-.4596911715106032
placebo,566,Overload,y12,1.404283552739128
placebo,566,Heatstroke,y23,-.353977977778949
placebo,566,Severe heatstroke,y24,.179177214977746
placebo,566,Mild cold hypothermia,y33,-1.431457186902413
placebo,566,Moderate cold hypothermia,y34,-.0739409357617007
placebo,567,Workload,y11,-.6009873939209153
placebo,567,Overload,y12,.4312978856195304
placebo,567,Heatstroke,y23,.1506965766665694
placebo,567,Severe heatstroke,y24,-.0133759416463339
placebo,567,Mild cold hypothermia,y33,-.5278038508603758
placebo,567,Moderate cold hypothermia,y34,-.2471295859854928
placebo,568,Workload,y11,1.94523252648871
placebo,568,Overload,y12,3.615263633131269
placebo,568,Heatstroke,y23,.2824656411857034
placebo,568,Severe heatstroke,y24,.5522826760432152
placebo,568,Mild cold hypothermia,y33,-.7589373215142461
placebo,568,Moderate cold hypothermia,y34,-.0124922619129
placebo,569,Workload,y11,.1756123175314218
placebo,569,Overload,y12,1.776074888739699
placebo,569,Heatstroke,y23,.4198027699498539
placebo,569,Severe heatstroke,y24,-.045802530596216
placebo,569,Mild cold hypothermia,y33,1.010608915195474
placebo,569,Moderate cold hypothermia,y34,.0134273525109045
placebo,570,Workload,y11,-1.128639817596902
placebo,570,Overload,y12,.8717683799745969
placebo,570,Heatstroke,y23,-1.109504467410502
placebo,570,Severe heatstroke,y24,-.3635895227292151
placebo,570,Mild cold hypothermia,y33,.0853062934542623
placebo,570,Moderate cold hypothermia,y34,-.1026032161286964
placebo,571,Workload,y11,-.5718279486990356
placebo,571,Overload,y12,-.7681245828575407
placebo,571,Heatstroke,y23,.0363059826245577
placebo,571,Severe heatstroke,y24,-.0004621534859012
placebo,571,Mild cold hypothermia,y33,-1.58171032931597
placebo,571,Moderate cold hypothermia,y34,-.4050380107729614
placebo,572,Workload,y11,-.0674239780819393
placebo,572,Overload,y12,.5246496228346549
placebo,572,Heatstroke,y23,-.3017211551848117
placebo,572,Severe heatstroke,y24,-.3509576519255797
placebo,572,Mild cold hypothermia,y33,.2504283730666461
placebo,572,Moderate cold hypothermia,y34,.1444794571402791
placebo,573,Workload,y11,.1820656138283546
placebo,573,Overload,y12,-1.478774300969169
placebo,573,Heatstroke,y23,-.1162188552977947
placebo,573,Severe heatstroke,y24,.0145752503754739
placebo,573,Mild cold hypothermia,y33,-.5677647834157655
placebo,573,Moderate cold hypothermia,y34,.6184332083103805
placebo,574,Workload,y11,1.252734149391164
placebo,574,Overload,y12,3.374935169910005
placebo,574,Heatstroke,y23,-.0873334355711484
placebo,574,Severe heatstroke,y24,.2220611664987031
placebo,574,Mild cold hypothermia,y33,.4041271144859747
placebo,574,Moderate cold hypothermia,y34,-.3927732142009111
placebo,575,Workload,y11,.2728999909092639
placebo,575,Overload,y12,-1.621841185173597
placebo,575,Heatstroke,y23,-.0721168282791763
placebo,575,Severe heatstroke,y24,-.145643423642603
placebo,575,Mild cold hypothermia,y33,-.2348089720370198
placebo,575,Moderate cold hypothermia,y34,-.2683875626231083
placebo,576,Workload,y11,.0370370457979651
placebo,576,Overload,y12,-.3174519172883179
placebo,576,Heatstroke,y23,.2625275306783971
placebo,576,Severe heatstroke,y24,.3843782393173351
placebo,576,Mild cold hypothermia,y33,-.7122185633075429
placebo,576,Moderate cold hypothermia,y34,-.4348277640978601
placebo,577,Workload,y11,.0829643042491363
placebo,577,Overload,y12,1.18473568188588
placebo,577,Heatstroke,y23,-.0141566669860163
placebo,577,Severe heatstroke,y24,.1642881332606495
placebo,577,Mild cold hypothermia,y33,-1.473178617840221
placebo,577,Moderate cold hypothermia,y34,-.6239607969178285
placebo,578,Workload,y11,-.3405743962509768
placebo,578,Overload,y12,-1.033068368574398
placebo,578,Heatstroke,y23,-.5205832800550898
placebo,578,Severe heatstroke,y24,-.1216981029735042
placebo,578,Mild cold hypothermia,y33,-.3319133428523118
placebo,578,Moderate cold hypothermia,y34,.6853143056956884
placebo,579,Workload,y11,.5434108542720657
placebo,579,Overload,y12,-.6104242367990813
placebo,579,Heatstroke,y23,.0933762998022624
placebo,579,Severe heatstroke,y24,-.1720668393549007
placebo,579,Mild cold hypothermia,y33,.9450906817438743
placebo,579,Moderate cold hypothermia,y34,-.011937535651826
placebo,580,Workload,y11,-.0630293348371763
placebo,580,Overload,y12,-1.508701307709755
placebo,580,Heatstroke,y23,-.2891479290428354
placebo,580,Severe heatstroke,y24,-.0407171646998376
placebo,580,Mild cold hypothermia,y33,.3363832637038539
placebo,580,Moderate cold hypothermia,y34,.4737541318475305
placebo,581,Workload,y11,.2236934883548932
placebo,581,Overload,y12,.6307935888709992
placebo,581,Heatstroke,y23,.0488097477591011
placebo,581,Severe heatstroke,y24,-.1731324408578609
placebo,581,Mild cold hypothermia,y33,.4463992582588364
placebo,581,Moderate cold hypothermia,y34,-.0844640053286556
placebo,582,Workload,y11,2.479767890171247
placebo,582,Overload,y12,1.558084097627725
placebo,582,Heatstroke,y23,.5518010946060975
placebo,582,Severe heatstroke,y24,.1900667036472179
placebo,582,Mild cold hypothermia,y33,1.170584498398524
placebo,582,Moderate cold hypothermia,y34,.3168134508185892
placebo,583,Workload,y11,-.0550021591746812
placebo,583,Overload,y12,1.3334699883934
placebo,583,Heatstroke,y23,-.2164351322122053
placebo,583,Severe heatstroke,y24,-.3296579652068385
placebo,583,Mild cold hypothermia,y33,.1399075073587914
placebo,583,Moderate cold hypothermia,y34,-.0769772286027276
placebo,584,Workload,y11,-.0752877504548892
placebo,584,Overload,y12,-1.796544444508261
placebo,584,Heatstroke,y23,.1271583228643925
placebo,584,Severe heatstroke,y24,.0402120569510725
placebo,584,Mild cold hypothermia,y33,-.4743730101225758
placebo,584,Moderate cold hypothermia,y34,-.1058621116446426
placebo,585,Workload,y11,-.1881112333540343
placebo,585,Overload,y12,.2088352230203256
placebo,585,Heatstroke,y23,.3736130908709696
placebo,585,Severe heatstroke,y24,.1829830276805165
placebo,585,Mild cold hypothermia,y33,-.5412439288890332
placebo,585,Moderate cold hypothermia,y34,-.2395641141768731
placebo,586,Workload,y11,-.2323973320202667
placebo,586,Overload,y12,1.67603640411137
placebo,586,Heatstroke,y23,.0347740095142704
placebo,586,Severe heatstroke,y24,.1778858506015913
placebo,586,Mild cold hypothermia,y33,.5441727821609346
placebo,586,Moderate cold hypothermia,y34,.0456921882454807
placebo,587,Workload,y11,-.3727897329989043
placebo,587,Overload,y12,-2.324864817763252
placebo,587,Heatstroke,y23,.5003072729888669
placebo,587,Severe heatstroke,y24,-.0240392927708218
placebo,587,Mild cold hypothermia,y33,1.66523234722672
placebo,587,Moderate cold hypothermia,y34,.2694099348558346
placebo,588,Workload,y11,-.2898555187605307
placebo,588,Overload,y12,1.902980803747688
placebo,588,Heatstroke,y23,.1113440355508932
placebo,588,Severe heatstroke,y24,.0245617096630413
placebo,588,Mild cold hypothermia,y33,.0305233423339395
placebo,588,Moderate cold hypothermia,y34,.1819178935688479
placebo,589,Workload,y11,.1310723708796658
placebo,589,Overload,y12,-.6332260271535667
placebo,589,Heatstroke,y23,.6973365710368615
placebo,589,Severe heatstroke,y24,.6224501646065789
placebo,589,Mild cold hypothermia,y33,-1.579974352286918
placebo,589,Moderate cold hypothermia,y34,-.4187381327753035
placebo,590,Workload,y11,-.8066461145925663
placebo,590,Overload,y12,-2.680194031845608
placebo,590,Heatstroke,y23,.0407377324452035
placebo,590,Severe heatstroke,y24,-.1751399550684382
placebo,590,Mild cold hypothermia,y33,-1.349516263720735
placebo,590,Moderate cold hypothermia,y34,-.0614499150772865
placebo,591,Workload,y11,.5194485409511368
placebo,591,Overload,y12,.1715318802570399
placebo,591,Heatstroke,y23,1.237141996450292
placebo,591,Severe heatstroke,y24,.5968243442617032
placebo,591,Mild cold hypothermia,y33,-.0992459220587011
placebo,591,Moderate cold hypothermia,y34,-.4680396553104739
placebo,592,Workload,y11,-.2999143462592587
placebo,592,Overload,y12,-.2534706045138848
placebo,592,Heatstroke,y23,.5995961069823613
placebo,592,Severe heatstroke,y24,.3868276516555559
placebo,592,Mild cold hypothermia,y33,-.3112349641460597
placebo,592,Moderate cold hypothermia,y34,.5351239384759332
placebo,593,Workload,y11,.7591576424921462
placebo,593,Overload,y12,1.535052323887919
placebo,593,Heatstroke,y23,-.3409002995946706
placebo,593,Severe heatstroke,y24,-.1921494958091992
placebo,593,Mild cold hypothermia,y33,.6837578287007279
placebo,593,Moderate cold hypothermia,y34,-.0562473428475648
placebo,594,Workload,y11,-.2020503754598861
placebo,594,Overload,y12,-.2754972819396045
placebo,594,Heatstroke,y23,-.2188556847234322
placebo,594,Severe heatstroke,y24,-.1387355922969979
placebo,594,Mild cold hypothermia,y33,-.7236367568911874
placebo,594,Moderate cold hypothermia,y34,.2941203620137386
placebo,595,Workload,y11,-.3193102728709136
placebo,595,Overload,y12,-2.806174186986194
placebo,595,Heatstroke,y23,.2084001081511807
placebo,595,Severe heatstroke,y24,.1873582942445547
placebo,595,Mild cold hypothermia,y33,.6703455080626927
placebo,595,Moderate cold hypothermia,y34,.2564985287781413
placebo,596,Workload,y11,-.8898128749042558
placebo,596,Overload,y12,-1.807730201073639
placebo,596,Heatstroke,y23,-.1320023084311505
placebo,596,Severe heatstroke,y24,-.1761944786615734
placebo,596,Mild cold hypothermia,y33,-1.141737847933806
placebo,596,Moderate cold hypothermia,y34,.6304822567124795
placebo,597,Workload,y11,.1769410035916181
placebo,597,Overload,y12,.0565933337443174
placebo,597,Heatstroke,y23,-.277229981959497
placebo,597,Severe heatstroke,y24,.0271958810500988
placebo,597,Mild cold hypothermia,y33,2.46455101238288
placebo,597,Moderate cold hypothermia,y34,.0911385376574768
placebo,598,Workload,y11,.9398554923398793
placebo,598,Overload,y12,2.142321827795159
placebo,598,Heatstroke,y23,.157598808830767
placebo,598,Severe heatstroke,y24,-.0128526394549588
placebo,598,Mild cold hypothermia,y33,2.580799424168404
placebo,598,Moderate cold hypothermia,y34,.6623577002290739
placebo,599,Workload,y11,.2950949856647537
placebo,599,Overload,y12,-1.898745997998252
placebo,599,Heatstroke,y23,.2081995312334032
placebo,599,Severe heatstroke,y24,.3669324704374225
placebo,599,Mild cold hypothermia,y33,-.7892898425911047
placebo,599,Moderate cold hypothermia,y34,.1046126767456115
placebo,600,Workload,y11,1.413222769380104
placebo,600,Overload,y12,2.202853115203875
placebo,600,Heatstroke,y23,.1330294442961364
placebo,600,Severe heatstroke,y24,.2198679350266049
placebo,600,Mild cold hypothermia,y33,.2435527656700949
placebo,600,Moderate cold hypothermia,y34,-.0808218065254449
placebo,601,Workload,y11,-.1379365996197564
placebo,601,Overload,y12,-.4305845260691968
placebo,601,Heatstroke,y23,-.0423009752144544
placebo,601,Severe heatstroke,y24,.0346771191454983
placebo,601,Mild cold hypothermia,y33,.9893350168708949
placebo,601,Moderate cold hypothermia,y34,-.2946351571356599
placebo,602,Workload,y11,-.6314242045253518
placebo,602,Overload,y12,-1.681989590808346
placebo,602,Heatstroke,y23,-.4657416352503366
placebo,602,Severe heatstroke,y24,-.1481217449164628
placebo,602,Mild cold hypothermia,y33,1.649025610585413
placebo,602,Moderate cold hypothermia,y34,-.027922646220349
placebo,603,Workload,y11,.3839528443454355
placebo,603,Overload,y12,-.6294601753511964
placebo,603,Heatstroke,y23,.3166962997622087
placebo,603,Severe heatstroke,y24,-.1529307029165516
placebo,603,Mild cold hypothermia,y33,1.102167939412187
placebo,603,Moderate cold hypothermia,y34,-.6128756754735764
placebo,604,Workload,y11,.8217007263546088
placebo,604,Overload,y12,.9939261596515564
placebo,604,Heatstroke,y23,.0232014166695462
placebo,604,Severe heatstroke,y24,.1887058013996729
placebo,604,Mild cold hypothermia,y33,.3767187310069633
placebo,604,Moderate cold hypothermia,y34,.1002027205508731
placebo,605,Workload,y11,.0633922881909157
placebo,605,Overload,y12,.9189686653730568
placebo,605,Heatstroke,y23,-.2979176671150532
placebo,605,Severe heatstroke,y24,-.1594223226651531
placebo,605,Mild cold hypothermia,y33,-.0492566562202069
placebo,605,Moderate cold hypothermia,y34,-.0558396969030812
placebo,606,Workload,y11,-1.433292340029285
placebo,606,Overload,y12,-.4972921215032607
placebo,606,Heatstroke,y23,.0871140312987577
placebo,606,Severe heatstroke,y24,-.1666259336571023
placebo,606,Mild cold hypothermia,y33,.113260066085896
placebo,606,Moderate cold hypothermia,y34,-.4269800294923899
placebo,607,Workload,y11,-.6345049128167024
placebo,607,Overload,y12,.2529518338348544
placebo,607,Heatstroke,y23,.2219289425504958
placebo,607,Severe heatstroke,y24,.3706963804447427
placebo,607,Mild cold hypothermia,y33,-.580892200786107
placebo,607,Moderate cold hypothermia,y34,-.6410426993010616
placebo,608,Workload,y11,1.041692737818147
placebo,608,Overload,y12,1.165120886064537
placebo,608,Heatstroke,y23,1.128344254691965
placebo,608,Severe heatstroke,y24,1.093752614198437
placebo,608,Mild cold hypothermia,y33,-.2814604254046488
placebo,608,Moderate cold hypothermia,y34,.3023061057146359
placebo,609,Workload,y11,.5869767079473213
placebo,609,Overload,y12,1.999351787877307
placebo,609,Heatstroke,y23,-.5174559574224524
placebo,609,Severe heatstroke,y24,-.1852595350153198
placebo,609,Mild cold hypothermia,y33,.4585625662178341
placebo,609,Moderate cold hypothermia,y34,-.4478933853448997
placebo,610,Workload,y11,.8564645234812398
placebo,610,Overload,y12,.1027807472275759
placebo,610,Heatstroke,y23,-.2513863695073633
placebo,610,Severe heatstroke,y24,-.2158832479772011
placebo,610,Mild cold hypothermia,y33,.4539676932504703
placebo,610,Moderate cold hypothermia,y34,.0694530662454795
placebo,611,Workload,y11,.5074366840691096
placebo,611,Overload,y12,.7996323005137919
placebo,611,Heatstroke,y23,.3038313769268874
placebo,611,Severe heatstroke,y24,-.216959437235886
placebo,611,Mild cold hypothermia,y33,-1.153342946175963
placebo,611,Moderate cold hypothermia,y34,-.0600626078358286
placebo,612,Workload,y11,-.6220075437484778
placebo,612,Overload,y12,-1.465778770940736
placebo,612,Heatstroke,y23,.0385509716128752
placebo,612,Severe heatstroke,y24,.0085700460373548
placebo,612,Mild cold hypothermia,y33,-.2893704638161355
placebo,612,Moderate cold hypothermia,y34,.2546449443880013
placebo,613,Workload,y11,.4723062796770478
placebo,613,Overload,y12,1.270646137792336
placebo,613,Heatstroke,y23,-.439161285660957
placebo,613,Severe heatstroke,y24,-.1389656493696308
placebo,613,Mild cold hypothermia,y33,1.05174201532476
placebo,613,Moderate cold hypothermia,y34,.3102414683752084
placebo,614,Workload,y11,1.421084397422808
placebo,614,Overload,y12,.6348154025599464
placebo,614,Heatstroke,y23,.447128260913371
placebo,614,Severe heatstroke,y24,.0121244423926796
placebo,614,Mild cold hypothermia,y33,-.2140772433710817
placebo,614,Moderate cold hypothermia,y34,.0828719561127711
placebo,615,Workload,y11,.8908278787621707
placebo,615,Overload,y12,1.228011767428274
placebo,615,Heatstroke,y23,.2747630952773798
placebo,615,Severe heatstroke,y24,.2017357767576397
placebo,615,Mild cold hypothermia,y33,-.6441069176395187
placebo,615,Moderate cold hypothermia,y34,.2732098637048073
placebo,616,Workload,y11,.298943526733663
placebo,616,Overload,y12,-.412518610312472
placebo,616,Heatstroke,y23,.0200395773443388
placebo,616,Severe heatstroke,y24,-.0072536232588163
placebo,616,Mild cold hypothermia,y33,-.0121595671373759
placebo,616,Moderate cold hypothermia,y34,1.009381949374074
placebo,617,Workload,y11,.5420040938505082
placebo,617,Overload,y12,.90037428078608
placebo,617,Heatstroke,y23,.2194649726984452
placebo,617,Severe heatstroke,y24,-.1655783354492725
placebo,617,Mild cold hypothermia,y33,-2.322678641378684
placebo,617,Moderate cold hypothermia,y34,.0659087340117865
placebo,618,Workload,y11,.9406655331406234
placebo,618,Overload,y12,1.123388035713867
placebo,618,Heatstroke,y23,.0017897214222903
placebo,618,Severe heatstroke,y24,.3411387798872392
placebo,618,Mild cold hypothermia,y33,.3152550882570795
placebo,618,Moderate cold hypothermia,y34,.2665362776835185
placebo,619,Workload,y11,-.4415762212713107
placebo,619,Overload,y12,-2.486632367782285
placebo,619,Heatstroke,y23,.5637571100979694
placebo,619,Severe heatstroke,y24,.1845651944225656
placebo,619,Mild cold hypothermia,y33,-.1637676064011691
placebo,619,Moderate cold hypothermia,y34,.6578562901781897
placebo,620,Workload,y11,.3354164218793962
placebo,620,Overload,y12,.052051385231851
placebo,620,Heatstroke,y23,.0978410848345767
placebo,620,Severe heatstroke,y24,.0207218414757267
placebo,620,Mild cold hypothermia,y33,-.8863221192455539
placebo,620,Moderate cold hypothermia,y34,.3082757117976073
placebo,621,Workload,y11,1.121766440313669
placebo,621,Overload,y12,1.390938579984087
placebo,621,Heatstroke,y23,.4261260677949938
placebo,621,Severe heatstroke,y24,.1896126991440909
placebo,621,Mild cold hypothermia,y33,-1.086263525437046
placebo,621,Moderate cold hypothermia,y34,.2590091576119801
placebo,622,Workload,y11,.0449983687071935
placebo,622,Overload,y12,1.296659862226412
placebo,622,Heatstroke,y23,.2421254952411867
placebo,622,Severe heatstroke,y24,-.1775379975280413
placebo,622,Mild cold hypothermia,y33,-.5534222471571418
placebo,622,Moderate cold hypothermia,y34,-.6107815980477782
placebo,623,Workload,y11,-.6145676599132186
placebo,623,Overload,y12,-1.121060475686801
placebo,623,Heatstroke,y23,.138614376515332
placebo,623,Severe heatstroke,y24,.4157224031702701
placebo,623,Mild cold hypothermia,y33,-1.450857104985869
placebo,623,Moderate cold hypothermia,y34,-.4513422146657187
placebo,624,Workload,y11,-.5156429623941187
placebo,624,Overload,y12,-1.782142427741385
placebo,624,Heatstroke,y23,-.439383172136979
placebo,624,Severe heatstroke,y24,-.1598282320717681
placebo,624,Mild cold hypothermia,y33,-1.797928814857907
placebo,624,Moderate cold hypothermia,y34,-.8329598971753014
placebo,625,Workload,y11,-.3110262842684608
placebo,625,Overload,y12,-2.470175739949658
placebo,625,Heatstroke,y23,-.2356371820523721
placebo,625,Severe heatstroke,y24,-.1538838474462574
placebo,625,Mild cold hypothermia,y33,-.5867082098062836
placebo,625,Moderate cold hypothermia,y34,-.2725964073917572
placebo,626,Workload,y11,-.6471641394841248
placebo,626,Overload,y12,-.1933363886012513
placebo,626,Heatstroke,y23,-.003914796552791
placebo,626,Severe heatstroke,y24,-.1871684693315699
placebo,626,Mild cold hypothermia,y33,.4042668757685558
placebo,626,Moderate cold hypothermia,y34,.1165988326564587
placebo,627,Workload,y11,.8551873773531249
placebo,627,Overload,y12,-1.069397416925989
placebo,627,Heatstroke,y23,.1523159180654795
placebo,627,Severe heatstroke,y24,-.1959442595765284
placebo,627,Mild cold hypothermia,y33,-.7838117981310873
placebo,627,Moderate cold hypothermia,y34,-.4784335173380283
placebo,628,Workload,y11,.6981139767123238
placebo,628,Overload,y12,1.387488807710327
placebo,628,Heatstroke,y23,.5349216127544788
placebo,628,Severe heatstroke,y24,-.0172186609687123
placebo,628,Mild cold hypothermia,y33,2.087688100993891
placebo,628,Moderate cold hypothermia,y34,.9896022832244309
placebo,629,Workload,y11,-.5818764924214136
placebo,629,Overload,y12,-.7379482710120809
placebo,629,Heatstroke,y23,-.4059324060058961
placebo,629,Severe heatstroke,y24,-.1372896604394128
placebo,629,Mild cold hypothermia,y33,2.214014133205971
placebo,629,Moderate cold hypothermia,y34,-.0461383632919123
placebo,630,Workload,y11,.7805510627546597
placebo,630,Overload,y12,3.002868364670193
placebo,630,Heatstroke,y23,.3098283907875534
placebo,630,Severe heatstroke,y24,.0398679264649441
placebo,630,Mild cold hypothermia,y33,-1.043262471694489
placebo,630,Moderate cold hypothermia,y34,-.2949681486517255
placebo,631,Workload,y11,-.2284120279309188
placebo,631,Overload,y12,-.6572524355608634
placebo,631,Heatstroke,y23,.2324675501197958
placebo,631,Severe heatstroke,y24,.1881685163293332
placebo,631,Mild cold hypothermia,y33,1.08076339149036
placebo,631,Moderate cold hypothermia,y34,-.0728606784041035
placebo,632,Workload,y11,-.3583041670564665
placebo,632,Overload,y12,-.9284984283494711
placebo,632,Heatstroke,y23,-.1451478569713558
placebo,632,Severe heatstroke,y24,.0793805602956215
placebo,632,Mild cold hypothermia,y33,1.178218418147019
placebo,632,Moderate cold hypothermia,y34,.3309912658192045
placebo,633,Workload,y11,.9617469741276056
placebo,633,Overload,y12,1.172073244223709
placebo,633,Heatstroke,y23,-.2821731515926612
placebo,633,Severe heatstroke,y24,-.3544623579467477
placebo,633,Mild cold hypothermia,y33,-.7689692446018513
placebo,633,Moderate cold hypothermia,y34,.1218920293167097
placebo,634,Workload,y11,.4672850403733054
placebo,634,Overload,y12,1.518505386146918
placebo,634,Heatstroke,y23,.3420949656137147
placebo,634,Severe heatstroke,y24,-.1386865974026437
placebo,634,Mild cold hypothermia,y33,1.010551321459047
placebo,634,Moderate cold hypothermia,y34,.2298857572875573
placebo,635,Workload,y11,-.3828269046726847
placebo,635,Overload,y12,-1.104107720450697
placebo,635,Heatstroke,y23,-1.058263601541318
placebo,635,Severe heatstroke,y24,-.3469479817078073
placebo,635,Mild cold hypothermia,y33,-1.459243549197605
placebo,635,Moderate cold hypothermia,y34,-.6392740880997294
placebo,636,Workload,y11,-.5702056100551821
placebo,636,Overload,y12,-.5654305844302786
placebo,636,Heatstroke,y23,-.0772465088138387
placebo,636,Severe heatstroke,y24,.024450607112183
placebo,636,Mild cold hypothermia,y33,-.1289050791721949
placebo,636,Moderate cold hypothermia,y34,.1231797582729513
placebo,637,Workload,y11,-.9169992612427863
placebo,637,Overload,y12,-.8241092687957554
placebo,637,Heatstroke,y23,-.7168275911927028
placebo,637,Severe heatstroke,y24,-.3632810752126413
placebo,637,Mild cold hypothermia,y33,-.8454029784271526
placebo,637,Moderate cold hypothermia,y34,-.0932512781424732
placebo,638,Workload,y11,.4149966807908566
placebo,638,Overload,y12,-.3414742654754895
placebo,638,Heatstroke,y23,-.0773444133291566
placebo,638,Severe heatstroke,y24,.2229965280111977
placebo,638,Mild cold hypothermia,y33,-2.656809774493369
placebo,638,Moderate cold hypothermia,y34,-.4606592023102276
placebo,639,Workload,y11,.5970025847639177
placebo,639,Overload,y12,.5383383322692337
placebo,639,Heatstroke,y23,.51811153794731
placebo,639,Severe heatstroke,y24,.4249656545114367
placebo,639,Mild cold hypothermia,y33,-1.352455781375006
placebo,639,Moderate cold hypothermia,y34,.4917406221003615
placebo,640,Workload,y11,.3834780475536493
placebo,640,Overload,y12,-.1194357767991929
placebo,640,Heatstroke,y23,.2931026516740057
placebo,640,Severe heatstroke,y24,-.1491189402928258
placebo,640,Mild cold hypothermia,y33,.3570681718939036
placebo,640,Moderate cold hypothermia,y34,.0679500210574961
placebo,641,Workload,y11,-.1670683864384667
placebo,641,Overload,y12,1.508795625198926
placebo,641,Heatstroke,y23,-.4582316569244504
placebo,641,Severe heatstroke,y24,-.1545759845462273
placebo,641,Mild cold hypothermia,y33,-1.91650517930361
placebo,641,Moderate cold hypothermia,y34,-.4449506647475162
placebo,642,Workload,y11,-.8003721311935459
placebo,642,Overload,y12,-1.049235458651486
placebo,642,Heatstroke,y23,-.2708055255710872
placebo,642,Severe heatstroke,y24,.0290254651307519
placebo,642,Mild cold hypothermia,y33,-.4239768567231007
placebo,642,Moderate cold hypothermia,y34,-.4604856023662204
placebo,643,Workload,y11,1.757147840614384
placebo,643,Overload,y12,3.08478500439724
placebo,643,Heatstroke,y23,.62266956938366
placebo,643,Severe heatstroke,y24,-.1691582823559563
placebo,643,Mild cold hypothermia,y33,2.515386810589802
placebo,643,Moderate cold hypothermia,y34,.6582586511557554
placebo,644,Workload,y11,-.2670868302920936
placebo,644,Overload,y12,.2706504031295845
placebo,644,Heatstroke,y23,.3233459377477301
placebo,644,Severe heatstroke,y24,-.1503343150317392
placebo,644,Mild cold hypothermia,y33,-.1770597728891466
placebo,644,Moderate cold hypothermia,y34,.2627366750305001
placebo,645,Workload,y11,-.1568388684615427
placebo,645,Overload,y12,-.1846386632843963
placebo,645,Heatstroke,y23,-.4749622227225937
placebo,645,Severe heatstroke,y24,-.3435324903427509
placebo,645,Mild cold hypothermia,y33,.7176818681767587
placebo,645,Moderate cold hypothermia,y34,.5030639966643775
placebo,646,Workload,y11,-.0576300767757703
placebo,646,Overload,y12,-.9784430107866068
placebo,646,Heatstroke,y23,.2681127565493682
placebo,646,Severe heatstroke,y24,.0166545785029291
placebo,646,Mild cold hypothermia,y33,.5196551233964493
placebo,646,Moderate cold hypothermia,y34,-.0938329947372448
placebo,647,Workload,y11,1.44798672592936
placebo,647,Overload,y12,2.735059533243038
placebo,647,Heatstroke,y23,1.352441532341757
placebo,647,Severe heatstroke,y24,.191117295022695
placebo,647,Mild cold hypothermia,y33,-1.266666341069573
placebo,647,Moderate cold hypothermia,y34,-.6408314488534508
placebo,648,Workload,y11,.6497244065845882
placebo,648,Overload,y12,.8352175977195393
placebo,648,Heatstroke,y23,.1155286604684581
placebo,648,Severe heatstroke,y24,-.0255052353106336
placebo,648,Mild cold hypothermia,y33,1.492626850639208
placebo,648,Moderate cold hypothermia,y34,.537809800592986
placebo,649,Workload,y11,-1.69996421540238
placebo,649,Overload,y12,-4.583953497032378
placebo,649,Heatstroke,y23,.4163628678882302
placebo,649,Severe heatstroke,y24,.0637160657142902
placebo,649,Mild cold hypothermia,y33,-2.007640557035991
placebo,649,Moderate cold hypothermia,y34,-.6244663921782232
placebo,650,Workload,y11,.6511871975916418
placebo,650,Overload,y12,.5725510163361812
placebo,650,Heatstroke,y23,-.1965754931379186
placebo,650,Severe heatstroke,y24,-.179386645914955
placebo,650,Mild cold hypothermia,y33,-.0631540793938319
placebo,650,Moderate cold hypothermia,y34,.7898809404991098
placebo,651,Workload,y11,-1.46396717720058
placebo,651,Overload,y12,-2.466492312121515
placebo,651,Heatstroke,y23,-.0943214335109925
placebo,651,Severe heatstroke,y24,.038879821647272
placebo,651,Mild cold hypothermia,y33,-.3562475751718436
placebo,651,Moderate cold hypothermia,y34,-.0431013044969457
placebo,652,Workload,y11,.0624425270160015
placebo,652,Overload,y12,-1.723509661487772
placebo,652,Heatstroke,y23,.969393311098024
placebo,652,Severe heatstroke,y24,.370451188688422
placebo,652,Mild cold hypothermia,y33,1.586682125030418
placebo,652,Moderate cold hypothermia,y34,-.1098655481834169
placebo,653,Workload,y11,.4548759500658958
placebo,653,Overload,y12,-.5024663637991795
placebo,653,Heatstroke,y23,-.0017078358526136
placebo,653,Severe heatstroke,y24,.0615469294378567
placebo,653,Mild cold hypothermia,y33,.8079959871958006
placebo,653,Moderate cold hypothermia,y34,-.0613957134139744
placebo,654,Workload,y11,1.197540107463025
placebo,654,Overload,y12,.9104027903056736
placebo,654,Heatstroke,y23,.118016894066088
placebo,654,Severe heatstroke,y24,-.1570264848725326
placebo,654,Mild cold hypothermia,y33,-.9388836776483657
placebo,654,Moderate cold hypothermia,y34,.503588879859273
placebo,655,Workload,y11,-1.140838673834012
placebo,655,Overload,y12,-2.290021571821953
placebo,655,Heatstroke,y23,.1271921601678145
placebo,655,Severe heatstroke,y24,-.3257335113689768
placebo,655,Mild cold hypothermia,y33,-.7914644641577985
placebo,655,Moderate cold hypothermia,y34,-.1187156208285902
placebo,656,Workload,y11,-.7752079495874677
placebo,656,Overload,y12,-2.02720310257987
placebo,656,Heatstroke,y23,-.1660182423035118
placebo,656,Severe heatstroke,y24,-.195007137478377
placebo,656,Mild cold hypothermia,y33,.4072736549858437
placebo,656,Moderate cold hypothermia,y34,.9156199060616769
placebo,657,Workload,y11,-.0033125416023747
placebo,657,Overload,y12,-2.579431872383202
placebo,657,Heatstroke,y23,-.3096876791555827
placebo,657,Severe heatstroke,y24,-.1776760250005133
placebo,657,Mild cold hypothermia,y33,.6331341876852232
placebo,657,Moderate cold hypothermia,y34,-.2795318267464427
placebo,658,Workload,y11,-.3573377964763135
placebo,658,Overload,y12,-1.644913223428536
placebo,658,Heatstroke,y23,-.0462210981683799
placebo,658,Severe heatstroke,y24,.2248409808558077
placebo,658,Mild cold hypothermia,y33,-1.552960000968263
placebo,658,Moderate cold hypothermia,y34,-.2346941912608413
placebo,659,Workload,y11,1.646015211312621
placebo,659,Overload,y12,5.093837993661301
placebo,659,Heatstroke,y23,-.1197842359295892
placebo,659,Severe heatstroke,y24,-.2197522256198167
placebo,659,Mild cold hypothermia,y33,.6873278484959278
placebo,659,Moderate cold hypothermia,y34,.2469384160135013
placebo,660,Workload,y11,-2.493744667845238
placebo,660,Overload,y12,-3.992222658170069
placebo,660,Heatstroke,y23,.30898670703681
placebo,660,Severe heatstroke,y24,-.1623091863324875
placebo,660,Mild cold hypothermia,y33,1.569451534564444
placebo,660,Moderate cold hypothermia,y34,.6949999698595174
placebo,661,Workload,y11,-.86721096686948
placebo,661,Overload,y12,-1.57415623718076
placebo,661,Heatstroke,y23,.1285514386742895
placebo,661,Severe heatstroke,y24,.2405204941464049
placebo,661,Mild cold hypothermia,y33,.2050083829296508
placebo,661,Moderate cold hypothermia,y34,.8756526684159592
placebo,662,Workload,y11,1.116613263290423
placebo,662,Overload,y12,1.478730072970504
placebo,662,Heatstroke,y23,-.4260433981154365
placebo,662,Severe heatstroke,y24,-.1547197478959855
placebo,662,Mild cold hypothermia,y33,1.538979125541814
placebo,662,Moderate cold hypothermia,y34,-.25324721682731
placebo,663,Workload,y11,-.248988443331068
placebo,663,Overload,y12,-1.72875326560414
placebo,663,Heatstroke,y23,.2270874897883751
placebo,663,Severe heatstroke,y24,.00895746040207
placebo,663,Mild cold hypothermia,y33,-.1065512394061735
placebo,663,Moderate cold hypothermia,y34,-.0405910277413713
placebo,664,Workload,y11,-.6154440582422093
placebo,664,Overload,y12,-.3558883719578319
placebo,664,Heatstroke,y23,.2011901888940828
placebo,664,Severe heatstroke,y24,-.1724084567574472
placebo,664,Mild cold hypothermia,y33,1.462835145917078
placebo,664,Moderate cold hypothermia,y34,-.1476133092818161
placebo,665,Workload,y11,-.8652996406433177
placebo,665,Overload,y12,-.0633674237618938
placebo,665,Heatstroke,y23,.2709881188967715
placebo,665,Severe heatstroke,y24,.0234290189425279
placebo,665,Mild cold hypothermia,y33,-.2220426825416063
placebo,665,Moderate cold hypothermia,y34,-.6265436173685976
placebo,666,Workload,y11,.1623050592173493
placebo,666,Overload,y12,.148354517869337
placebo,666,Heatstroke,y23,-.2628744803515581
placebo,666,Severe heatstroke,y24,-.3392960823546533
placebo,666,Mild cold hypothermia,y33,-.938577815157941
placebo,666,Moderate cold hypothermia,y34,-.5954825232364648
placebo,667,Workload,y11,-.6864520123906946
placebo,667,Overload,y12,1.089807430021448
placebo,667,Heatstroke,y23,-.4032855912254386
placebo,667,Severe heatstroke,y24,.0007585098822187
placebo,667,Mild cold hypothermia,y33,-1.491820886278914
placebo,667,Moderate cold hypothermia,y34,-.4009598974555507
placebo,668,Workload,y11,-.1056367238046915
placebo,668,Overload,y12,.8567768756973386
placebo,668,Heatstroke,y23,-.251771299147158
placebo,668,Severe heatstroke,y24,-.2140358355007603
placebo,668,Mild cold hypothermia,y33,-.7925520191656448
placebo,668,Moderate cold hypothermia,y34,-.0985929658543746
placebo,669,Workload,y11,-.2919131066291646
placebo,669,Overload,y12,-1.076310997056985
placebo,669,Heatstroke,y23,-.1734142725959893
placebo,669,Severe heatstroke,y24,-.1876871160379225
placebo,669,Mild cold hypothermia,y33,1.820998379166936
placebo,669,Moderate cold hypothermia,y34,.0375770781815426
placebo,670,Workload,y11,-.4182658523144197
placebo,670,Overload,y12,1.257587495959983
placebo,670,Heatstroke,y23,-.4400657406102776
placebo,670,Severe heatstroke,y24,-.3487485323749437
placebo,670,Mild cold hypothermia,y33,-.7847729959859598
placebo,670,Moderate cold hypothermia,y34,-.4940229052494856
placebo,671,Workload,y11,.7836406520374686
placebo,671,Overload,y12,.6489209551514575
placebo,671,Heatstroke,y23,.0559648193433014
placebo,671,Severe heatstroke,y24,.3804499539931653
placebo,671,Mild cold hypothermia,y33,-.3470695510475303
placebo,671,Moderate cold hypothermia,y34,-.2825502302381901
placebo,672,Workload,y11,1.290072247144394
placebo,672,Overload,y12,1.074913513931038
placebo,672,Heatstroke,y23,-.2108988137327128
placebo,672,Severe heatstroke,y24,-.1448407237489129
placebo,672,Mild cold hypothermia,y33,-2.371455406717076
placebo,672,Moderate cold hypothermia,y34,-.0379429386309899
placebo,673,Workload,y11,.0957636434318382
placebo,673,Overload,y12,1.579045821460287
placebo,673,Heatstroke,y23,.2161684514241414
placebo,673,Severe heatstroke,y24,.0274440979473485
placebo,673,Mild cold hypothermia,y33,-.625430161342562
placebo,673,Moderate cold hypothermia,y34,-.0641111928968836
placebo,674,Workload,y11,.6812793734207696
placebo,674,Overload,y12,.3966284821052338
placebo,674,Heatstroke,y23,.104840501402292
placebo,674,Severe heatstroke,y24,.0313496177101292
placebo,674,Mild cold hypothermia,y33,.3329062915021119
placebo,674,Moderate cold hypothermia,y34,.2248329609497851
placebo,675,Workload,y11,-1.275681783561482
placebo,675,Overload,y12,-1.809977659408408
placebo,675,Heatstroke,y23,-.0242221006109328
placebo,675,Severe heatstroke,y24,.1707255666918684
placebo,675,Mild cold hypothermia,y33,-.3359041513974599
placebo,675,Moderate cold hypothermia,y34,.2574151325634566
placebo,676,Workload,y11,-1.225667941881592
placebo,676,Overload,y12,-4.108202318392244
placebo,676,Heatstroke,y23,-.0573565191927389
placebo,676,Severe heatstroke,y24,-.1490709588973038
placebo,676,Mild cold hypothermia,y33,.2253149868998693
placebo,676,Moderate cold hypothermia,y34,-.4611149410715664
placebo,677,Workload,y11,-2.024036430816477
placebo,677,Overload,y12,-3.821357418496318
placebo,677,Heatstroke,y23,-.4962621025254567
placebo,677,Severe heatstroke,y24,.1924346150441789
placebo,677,Mild cold hypothermia,y33,-1.756983964651353
placebo,677,Moderate cold hypothermia,y34,-.1312828771107576
placebo,678,Workload,y11,-.0002590116638005
placebo,678,Overload,y12,.3872489632825603
placebo,678,Heatstroke,y23,-.435605412043576
placebo,678,Severe heatstroke,y24,-.1574365639495148
placebo,678,Mild cold hypothermia,y33,-.6914347986081956
placebo,678,Moderate cold hypothermia,y34,.0040581770022451
placebo,679,Workload,y11,.2800996152341925
placebo,679,Overload,y12,1.068627513813093
placebo,679,Heatstroke,y23,-.3623847204258614
placebo,679,Severe heatstroke,y24,-.1224810281461739
placebo,679,Mild cold hypothermia,y33,-1.663459650977626
placebo,679,Moderate cold hypothermia,y34,-.2838010874713223
placebo,680,Workload,y11,.3976559973230683
placebo,680,Overload,y12,-.3787267053264017
placebo,680,Heatstroke,y23,.4817765181175311
placebo,680,Severe heatstroke,y24,.0277496897316382
placebo,680,Mild cold hypothermia,y33,1.175831529933948
placebo,680,Moderate cold hypothermia,y34,.9575207488703411
placebo,681,Workload,y11,1.544956253549838
placebo,681,Overload,y12,1.595718398942892
placebo,681,Heatstroke,y23,.8068834901428186
placebo,681,Severe heatstroke,y24,-.1585114894676038
placebo,681,Mild cold hypothermia,y33,1.81214322584985
placebo,681,Moderate cold hypothermia,y34,-.2386273685925491
placebo,682,Workload,y11,.9906051213814446
placebo,682,Overload,y12,2.304800250663903
placebo,682,Heatstroke,y23,-.2583931819952011
placebo,682,Severe heatstroke,y24,.2268296810539385
placebo,682,Mild cold hypothermia,y33,-.1793237908873315
placebo,682,Moderate cold hypothermia,y34,-.4692840926169884
placebo,683,Workload,y11,.7511410847326847
placebo,683,Overload,y12,2.14214539449305
placebo,683,Heatstroke,y23,-.8631198709783057
placebo,683,Severe heatstroke,y24,-.355565359877053
placebo,683,Mild cold hypothermia,y33,1.421924302976377
placebo,683,Moderate cold hypothermia,y34,.3204497243483053
placebo,684,Workload,y11,.1703189566777902
placebo,684,Overload,y12,-.1584137918072046
placebo,684,Heatstroke,y23,.4901018067115344
placebo,684,Severe heatstroke,y24,.0240745878851402
placebo,684,Mild cold hypothermia,y33,.1131717252318799
placebo,684,Moderate cold hypothermia,y34,-.5915595521474266
placebo,685,Workload,y11,-.1638702658670708
placebo,685,Overload,y12,2.03389390611325
placebo,685,Heatstroke,y23,-.1018351554937688
placebo,685,Severe heatstroke,y24,-.1665862905763571
placebo,685,Mild cold hypothermia,y33,-.3278702159263762
placebo,685,Moderate cold hypothermia,y34,-.0201703279676227
placebo,686,Workload,y11,-2.008504399550499
placebo,686,Overload,y12,-2.443757171237948
placebo,686,Heatstroke,y23,-.7309826618072822
placebo,686,Severe heatstroke,y24,-.1841307516109496
placebo,686,Mild cold hypothermia,y33,-.4949889012713039
placebo,686,Moderate cold hypothermia,y34,-.6452234178368058
placebo,687,Workload,y11,.6360029056306929
placebo,687,Overload,y12,2.110243739399928
placebo,687,Heatstroke,y23,-.541248365439252
placebo,687,Severe heatstroke,y24,.2218581338188642
placebo,687,Mild cold hypothermia,y33,1.928711794718543
placebo,687,Moderate cold hypothermia,y34,.5195977240658116
placebo,688,Workload,y11,-.8824047954549358
placebo,688,Overload,y12,-.1711769790917561
placebo,688,Heatstroke,y23,-.4555372118370117
placebo,688,Severe heatstroke,y24,-.1636267398594311
placebo,688,Mild cold hypothermia,y33,.4501743028730418
placebo,688,Moderate cold hypothermia,y34,.1184918569499593
placebo,689,Workload,y11,1.503344863314264
placebo,689,Overload,y12,3.842952103816439
placebo,689,Heatstroke,y23,.101459720096853
placebo,689,Severe heatstroke,y24,.2067890986022911
placebo,689,Mild cold hypothermia,y33,.6576772661764835
placebo,689,Moderate cold hypothermia,y34,.0644934050494224
placebo,690,Workload,y11,-.8388408728443201
placebo,690,Overload,y12,-.7607972149086039
placebo,690,Heatstroke,y23,-.3814181510764038
placebo,690,Severe heatstroke,y24,-.1402063442273625
placebo,690,Mild cold hypothermia,y33,-.4802974275566957
placebo,690,Moderate cold hypothermia,y34,-.4617223936925089
placebo,691,Workload,y11,1.351925831459163
placebo,691,Overload,y12,2.922443112856134
placebo,691,Heatstroke,y23,.7364370892012585
placebo,691,Severe heatstroke,y24,.5349539034656942
placebo,691,Mild cold hypothermia,y33,1.094731342978875
placebo,691,Moderate cold hypothermia,y34,.4431607208472733
placebo,692,Workload,y11,.4568066176339763
placebo,692,Overload,y12,2.420326844148895
placebo,692,Heatstroke,y23,.0375651329626717
placebo,692,Severe heatstroke,y24,.1906606119977273
placebo,692,Mild cold hypothermia,y33,-.1731987506355325
placebo,692,Moderate cold hypothermia,y34,.0929225453618378
placebo,693,Workload,y11,.0232804496044881
placebo,693,Overload,y12,-1.047716089737115
placebo,693,Heatstroke,y23,-.1699043561224179
placebo,693,Severe heatstroke,y24,-.0094810491846699
placebo,693,Mild cold hypothermia,y33,-.1485846844187882
placebo,693,Moderate cold hypothermia,y34,-.2597789285742961
placebo,694,Workload,y11,1.196233356860432
placebo,694,Overload,y12,.0458495498916465
placebo,694,Heatstroke,y23,-.2754893292847527
placebo,694,Severe heatstroke,y24,.044576569438385
placebo,694,Mild cold hypothermia,y33,1.030695529909453
placebo,694,Moderate cold hypothermia,y34,-.2207623234111382
placebo,695,Workload,y11,.5066488005918499
placebo,695,Overload,y12,2.911370208382944
placebo,695,Heatstroke,y23,-.5933269547127303
placebo,695,Severe heatstroke,y24,-.0064103575166501
placebo,695,Mild cold hypothermia,y33,.4841316203200209
placebo,695,Moderate cold hypothermia,y34,-.4911838327508956
placebo,696,Workload,y11,-.4255564176511971
placebo,696,Overload,y12,.6756070291581326
placebo,696,Heatstroke,y23,-.1572493899263384
placebo,696,Severe heatstroke,y24,-.1875526071392217
placebo,696,Mild cold hypothermia,y33,.347462645541004
placebo,696,Moderate cold hypothermia,y34,.8167571608506216
placebo,697,Workload,y11,.2369285699644803
placebo,697,Overload,y12,1.103537035893428
placebo,697,Heatstroke,y23,-.2765014723998512
placebo,697,Severe heatstroke,y24,-.1702310794227855
placebo,697,Mild cold hypothermia,y33,-.7365822886590004
placebo,697,Moderate cold hypothermia,y34,-.6308818874937808
placebo,698,Workload,y11,.6078018812634072
placebo,698,Overload,y12,-1.736677192378812
placebo,698,Heatstroke,y23,-.1001448765055446
placebo,698,Severe heatstroke,y24,-.1744475282170508
placebo,698,Mild cold hypothermia,y33,-.4736370632473245
placebo,698,Moderate cold hypothermia,y34,.1755885661551254
placebo,699,Workload,y11,-.9168166556443728
placebo,699,Overload,y12,-1.185145885385608
placebo,699,Heatstroke,y23,-.0596115634711692
placebo,699,Severe heatstroke,y24,-.1604027638414332
placebo,699,Mild cold hypothermia,y33,.0315604911727532
placebo,699,Moderate cold hypothermia,y34,.052395875042909
placebo,700,Workload,y11,-.4279812324735146
placebo,700,Overload,y12,-1.537185614302946
placebo,700,Heatstroke,y23,.2673540623302239
placebo,700,Severe heatstroke,y24,-.1695894762761215
placebo,700,Mild cold hypothermia,y33,-1.582780568312585
placebo,700,Moderate cold hypothermia,y34,.1433208901842938
placebo,701,Workload,y11,-1.637042712039622
placebo,701,Overload,y12,-3.409245657654607
placebo,701,Heatstroke,y23,.0208202906923244
placebo,701,Severe heatstroke,y24,.1418621340993015
placebo,701,Mild cold hypothermia,y33,-.8914758530987215
placebo,701,Moderate cold hypothermia,y34,-.241109441000189
placebo,702,Workload,y11,.9081216801730471
placebo,702,Overload,y12,.6240371111039095
placebo,702,Heatstroke,y23,-.2773879712008617
placebo,702,Severe heatstroke,y24,-.3395676763336679
placebo,702,Mild cold hypothermia,y33,1.18179670224565
placebo,702,Moderate cold hypothermia,y34,.6233202921984758
placebo,703,Workload,y11,-.1585705114761483
placebo,703,Overload,y12,2.893112819511837
placebo,703,Heatstroke,y23,.5024006894487991
placebo,703,Severe heatstroke,y24,.0281812535573725
placebo,703,Mild cold hypothermia,y33,.9987955547873063
placebo,703,Moderate cold hypothermia,y34,-.0767105288717711
placebo,704,Workload,y11,2.02945043384444
placebo,704,Overload,y12,3.539205444244688
placebo,704,Heatstroke,y23,.3558946664915932
placebo,704,Severe heatstroke,y24,.0158557493400593
placebo,704,Mild cold hypothermia,y33,.4177136800878496
placebo,704,Moderate cold hypothermia,y34,.0246049994815548
placebo,705,Workload,y11,.7527186412385546
placebo,705,Overload,y12,.0744497081244321
placebo,705,Heatstroke,y23,.0423865936738101
placebo,705,Severe heatstroke,y24,-.1785778428645071
placebo,705,Mild cold hypothermia,y33,1.035203764122504
placebo,705,Moderate cold hypothermia,y34,-.071332923881217
placebo,706,Workload,y11,-.5674480148365352
placebo,706,Overload,y12,-2.371154707662433
placebo,706,Heatstroke,y23,-.0572098969929049
placebo,706,Severe heatstroke,y24,-.0235327818638296
placebo,706,Mild cold hypothermia,y33,-.3690146712957673
placebo,706,Moderate cold hypothermia,y34,.0860062513766629
placebo,707,Workload,y11,-1.216406973104231
placebo,707,Overload,y12,-3.23715359332637
placebo,707,Heatstroke,y23,-.0376333902122808
placebo,707,Severe heatstroke,y24,.0394377106527216
placebo,707,Mild cold hypothermia,y33,.6517739521388931
placebo,707,Moderate cold hypothermia,y34,-.0403975321773768
placebo,708,Workload,y11,-.733545417840075
placebo,708,Overload,y12,-3.554118442101105
placebo,708,Heatstroke,y23,.0275488000107281
placebo,708,Severe heatstroke,y24,.183653815598658
placebo,708,Mild cold hypothermia,y33,-.5090908386615268
placebo,708,Moderate cold hypothermia,y34,-.052683293778481
placebo,709,Workload,y11,.4918373459259259
placebo,709,Overload,y12,.2734286408501354
placebo,709,Heatstroke,y23,-.222811895640648
placebo,709,Severe heatstroke,y24,.0478676286677217
placebo,709,Mild cold hypothermia,y33,-.6438141368117584
placebo,709,Moderate cold hypothermia,y34,.1006315834684346
placebo,710,Workload,y11,-1.365798369121037
placebo,710,Overload,y12,-1.697667062888176
placebo,710,Heatstroke,y23,-.4207784872962235
placebo,710,Severe heatstroke,y24,-.1531847988777638
placebo,710,Mild cold hypothermia,y33,1.478747465760291
placebo,710,Moderate cold hypothermia,y34,.0741205027015546
placebo,711,Workload,y11,.8629060631234647
placebo,711,Overload,y12,1.881148151207918
placebo,711,Heatstroke,y23,.3376136536124448
placebo,711,Severe heatstroke,y24,.248617409747139
placebo,711,Mild cold hypothermia,y33,1.239008592500969
placebo,711,Moderate cold hypothermia,y34,.5329801043476082
placebo,712,Workload,y11,1.248815910689164
placebo,712,Overload,y12,1.96072609893192
placebo,712,Heatstroke,y23,-.1669701597492855
placebo,712,Severe heatstroke,y24,.1771542195584596
placebo,712,Mild cold hypothermia,y33,-.8848572621886727
placebo,712,Moderate cold hypothermia,y34,-.0643968234135559
placebo,713,Workload,y11,.6497873442903989
placebo,713,Overload,y12,1.343317804483922
placebo,713,Heatstroke,y23,.564834655581566
placebo,713,Severe heatstroke,y24,.1851393628844259
placebo,713,Mild cold hypothermia,y33,-.3144351782885141
placebo,713,Moderate cold hypothermia,y34,.2803707700746604
placebo,714,Workload,y11,-.2589765420870627
placebo,714,Overload,y12,-.8818285769683107
placebo,714,Heatstroke,y23,-.178225037952776
placebo,714,Severe heatstroke,y24,-.1306082658224804
placebo,714,Mild cold hypothermia,y33,-.2074999535247087
placebo,714,Moderate cold hypothermia,y34,-.2045715600483891
placebo,715,Workload,y11,1.073971442586598
placebo,715,Overload,y12,2.209390683043599
placebo,715,Heatstroke,y23,.5081021842340593
placebo,715,Severe heatstroke,y24,-.0204297845653401
placebo,715,Mild cold hypothermia,y33,.3614343426604836
placebo,715,Moderate cold hypothermia,y34,-.2833897844739076
placebo,716,Workload,y11,1.879250382926343
placebo,716,Overload,y12,3.740976198876234
placebo,716,Heatstroke,y23,1.30247675624778
placebo,716,Severe heatstroke,y24,.5521537063978927
placebo,716,Mild cold hypothermia,y33,.7718700816058568
placebo,716,Moderate cold hypothermia,y34,-.1078905910554107
placebo,717,Workload,y11,.8398192347458527
placebo,717,Overload,y12,2.207798663073409
placebo,717,Heatstroke,y23,.1261625226188984
placebo,717,Severe heatstroke,y24,.2147899970291536
placebo,717,Mild cold hypothermia,y33,-.3584286390774802
placebo,717,Moderate cold hypothermia,y34,.1167303306676821
placebo,718,Workload,y11,-.8842418128960593
placebo,718,Overload,y12,.4986568791966076
placebo,718,Heatstroke,y23,-.1921202721397771
placebo,718,Severe heatstroke,y24,-.1346868579768739
placebo,718,Mild cold hypothermia,y33,-.1069263926775827
placebo,718,Moderate cold hypothermia,y34,-.4196092461620238
placebo,719,Workload,y11,-.7943514280592343
placebo,719,Overload,y12,-.0335095940832115
placebo,719,Heatstroke,y23,-.3281484568328735
placebo,719,Severe heatstroke,y24,.2214220038045815
placebo,719,Mild cold hypothermia,y33,.8238928992906497
placebo,719,Moderate cold hypothermia,y34,.1540748007115991
placebo,720,Workload,y11,.7793740095867964
placebo,720,Overload,y12,1.594759257480058
placebo,720,Heatstroke,y23,-.0996455272394039
placebo,720,Severe heatstroke,y24,-.3714851554748271
placebo,720,Mild cold hypothermia,y33,-.5711937839472492
placebo,720,Moderate cold hypothermia,y34,-.2401755253093766
placebo,721,Workload,y11,-.5929917009449563
placebo,721,Overload,y12,-4.14149432603564
placebo,721,Heatstroke,y23,.0239802739908913
placebo,721,Severe heatstroke,y24,.0030932587534873
placebo,721,Mild cold hypothermia,y33,.900669870823127
placebo,721,Moderate cold hypothermia,y34,-.254005223878548
placebo,722,Workload,y11,.601271665472941
placebo,722,Overload,y12,2.083869896455913
placebo,722,Heatstroke,y23,-.7257832517884504
placebo,722,Severe heatstroke,y24,-.3162612180187392
placebo,722,Mild cold hypothermia,y33,-.0267945920975799
placebo,722,Moderate cold hypothermia,y34,.3321107483145735
placebo,723,Workload,y11,-.9840560413651946
placebo,723,Overload,y12,.0537994905201202
placebo,723,Heatstroke,y23,-.1075507045650805
placebo,723,Severe heatstroke,y24,-.1691487250350432
placebo,723,Mild cold hypothermia,y33,-.6388317507727713
placebo,723,Moderate cold hypothermia,y34,.3359569349355234
placebo,724,Workload,y11,1.366649195222618
placebo,724,Overload,y12,3.130713406655095
placebo,724,Heatstroke,y23,-.5442601983559227
placebo,724,Severe heatstroke,y24,-.1845580001248457
placebo,724,Mild cold hypothermia,y33,.5647571387850686
placebo,724,Moderate cold hypothermia,y34,.5477672706479462
placebo,725,Workload,y11,-.3616337938247053
placebo,725,Overload,y12,-2.02444310186253
placebo,725,Heatstroke,y23,-.0297213960559345
placebo,725,Severe heatstroke,y24,.2611003799014814
placebo,725,Mild cold hypothermia,y33,-.8218980486405153
placebo,725,Moderate cold hypothermia,y34,-.4283663333685427
placebo,726,Workload,y11,-.4469401273567113
placebo,726,Overload,y12,.185463675532678
placebo,726,Heatstroke,y23,-.3984792633643086
placebo,726,Severe heatstroke,y24,-.3233292549541561
placebo,726,Mild cold hypothermia,y33,.3261480381481064
placebo,726,Moderate cold hypothermia,y34,-.4823882931539396
placebo,727,Workload,y11,.3858093824060005
placebo,727,Overload,y12,.0878310216772653
placebo,727,Heatstroke,y23,-.2779302662779952
placebo,727,Severe heatstroke,y24,.4343058814455664
placebo,727,Mild cold hypothermia,y33,-.2191263761858881
placebo,727,Moderate cold hypothermia,y34,-.4021929068874455
placebo,728,Workload,y11,-.6592015663470926
placebo,728,Overload,y12,.3365145146291456
placebo,728,Heatstroke,y23,-.1652752034830378
placebo,728,Severe heatstroke,y24,-.3355908656763476
placebo,728,Mild cold hypothermia,y33,-1.67651164555015
placebo,728,Moderate cold hypothermia,y34,.7302967999617939
placebo,729,Workload,y11,-1.155536635647589
placebo,729,Overload,y12,-1.389772065043096
placebo,729,Heatstroke,y23,-.5623758330652545
placebo,729,Severe heatstroke,y24,-.2019092113128486
placebo,729,Mild cold hypothermia,y33,1.407484918473125
placebo,729,Moderate cold hypothermia,y34,.459433767767446
placebo,730,Workload,y11,.0249618815194115
placebo,730,Overload,y12,-3.142011124347099
placebo,730,Heatstroke,y23,.399937426919834
placebo,730,Severe heatstroke,y24,-.0017285510132174
placebo,730,Mild cold hypothermia,y33,1.395933561065278
placebo,730,Moderate cold hypothermia,y34,.1299913977183663
placebo,731,Workload,y11,.9210618109733764
placebo,731,Overload,y12,2.364459920095743
placebo,731,Heatstroke,y23,-.3531503438138195
placebo,731,Severe heatstroke,y24,.1788100955085668
placebo,731,Mild cold hypothermia,y33,-.982379398562361
placebo,731,Moderate cold hypothermia,y34,.0991128106948411
placebo,732,Workload,y11,-.9441889882270444
placebo,732,Overload,y12,-.880294313500526
placebo,732,Heatstroke,y23,-.4033090594924424
placebo,732,Severe heatstroke,y24,-.0334147087465805
placebo,732,Mild cold hypothermia,y33,1.043232268844472
placebo,732,Moderate cold hypothermia,y34,-.3043830887300711
placebo,733,Workload,y11,-.1298983127960728
placebo,733,Overload,y12,-1.404888532699166
placebo,733,Heatstroke,y23,.8500475386725358
placebo,733,Severe heatstroke,y24,.0256165474884084
placebo,733,Mild cold hypothermia,y33,.3329872896617447
placebo,733,Moderate cold hypothermia,y34,-.2049742527382375
placebo,734,Workload,y11,.470925241601213
placebo,734,Overload,y12,1.734115058933449
placebo,734,Heatstroke,y23,-.6228117046636638
placebo,734,Severe heatstroke,y24,-.1559907514872173
placebo,734,Mild cold hypothermia,y33,.6541963522533222
placebo,734,Moderate cold hypothermia,y34,.7232576605133839
placebo,735,Workload,y11,-.0650915419485514
placebo,735,Overload,y12,-.8127627289009084
placebo,735,Heatstroke,y23,.0846375214559042
placebo,735,Severe heatstroke,y24,.4036311556644965
placebo,735,Mild cold hypothermia,y33,-.6800373491953667
placebo,735,Moderate cold hypothermia,y34,-.28148929730605
placebo,736,Workload,y11,.7447170969598779
placebo,736,Overload,y12,1.210974192145537
placebo,736,Heatstroke,y23,.3925362969692865
placebo,736,Severe heatstroke,y24,.1994816999211158
placebo,736,Mild cold hypothermia,y33,-.2803617898215968
placebo,736,Moderate cold hypothermia,y34,-.2525433174275708
placebo,737,Workload,y11,.5796865937879105
placebo,737,Overload,y12,2.267034577653654
placebo,737,Heatstroke,y23,-.3155557047157505
placebo,737,Severe heatstroke,y24,.1913932980224716
placebo,737,Mild cold hypothermia,y33,1.195055383809446
placebo,737,Moderate cold hypothermia,y34,-.1242326327575442
placebo,738,Workload,y11,.8627994783283096
placebo,738,Overload,y12,1.044488008482967
placebo,738,Heatstroke,y23,-.5613263803057416
placebo,738,Severe heatstroke,y24,.0954201158447246
placebo,738,Mild cold hypothermia,y33,-.3651295550949942
placebo,738,Moderate cold hypothermia,y34,.1384402076664805
placebo,739,Workload,y11,1.19421677117755
placebo,739,Overload,y12,.9759128154403314
placebo,739,Heatstroke,y23,.5182286306294535
placebo,739,Severe heatstroke,y24,.1599637071705822
placebo,739,Mild cold hypothermia,y33,-.5318634381045196
placebo,739,Moderate cold hypothermia,y34,-.079501340561755
placebo,740,Workload,y11,-.774316507149908
placebo,740,Overload,y12,-2.234602709462065
placebo,740,Heatstroke,y23,.0975605495262289
placebo,740,Severe heatstroke,y24,.0193860677297629
placebo,740,Mild cold hypothermia,y33,-1.057546638055715
placebo,740,Moderate cold hypothermia,y34,-.0685988413083163
placebo,741,Workload,y11,-.1262206121985358
placebo,741,Overload,y12,-2.998594122622942
placebo,741,Heatstroke,y23,.521654898766479
placebo,741,Severe heatstroke,y24,.510685522912676
placebo,741,Mild cold hypothermia,y33,-.4336128427428499
placebo,741,Moderate cold hypothermia,y34,-.2767588760648855
placebo,742,Workload,y11,-1.306544841232461
placebo,742,Overload,y12,-3.259510100863594
placebo,742,Heatstroke,y23,-.1237165769726514
placebo,742,Severe heatstroke,y24,-.3756954139340751
placebo,742,Mild cold hypothermia,y33,-2.060288800788204
placebo,742,Moderate cold hypothermia,y34,.3524893746727006
placebo,743,Workload,y11,-.4383142159105937
placebo,743,Overload,y12,-1.640347216120441
placebo,743,Heatstroke,y23,.1215109888570164
placebo,743,Severe heatstroke,y24,-.021801138002625
placebo,743,Mild cold hypothermia,y33,.3626722824090106
placebo,743,Moderate cold hypothermia,y34,-.3245213743566752
placebo,744,Workload,y11,-.5501047073586812
placebo,744,Overload,y12,.4585846175390723
placebo,744,Heatstroke,y23,.0378074827395034
placebo,744,Severe heatstroke,y24,.3895791644931432
placebo,744,Mild cold hypothermia,y33,-.0664147833152356
placebo,744,Moderate cold hypothermia,y34,.3095748085515779
placebo,745,Workload,y11,-.457048392484837
placebo,745,Overload,y12,-.7716835979687097
placebo,745,Heatstroke,y23,-.6520937762965571
placebo,745,Severe heatstroke,y24,-.3546941337747975
placebo,745,Mild cold hypothermia,y33,-3.11357055290245
placebo,745,Moderate cold hypothermia,y34,-.4432501558811754
placebo,746,Workload,y11,.8535683455021912
placebo,746,Overload,y12,1.585285424540486
placebo,746,Heatstroke,y23,-.4555750120689934
placebo,746,Severe heatstroke,y24,-.1460905367680974
placebo,746,Mild cold hypothermia,y33,.4747311812095979
placebo,746,Moderate cold hypothermia,y34,-.0960033748611102
placebo,747,Workload,y11,-.3602808320040329
placebo,747,Overload,y12,1.210442335228119
placebo,747,Heatstroke,y23,-.2959329108088447
placebo,747,Severe heatstroke,y24,.0450672294093527
placebo,747,Mild cold hypothermia,y33,-.4572951980924878
placebo,747,Moderate cold hypothermia,y34,-.0646663177928826
placebo,748,Workload,y11,1.420470199907496
placebo,748,Overload,y12,1.092617746813794
placebo,748,Heatstroke,y23,-.3051290217728763
placebo,748,Severe heatstroke,y24,-.1622486113355035
placebo,748,Mild cold hypothermia,y33,.7952327823676311
placebo,748,Moderate cold hypothermia,y34,-.6466676982605332
placebo,749,Workload,y11,.1569119588145165
placebo,749,Overload,y12,-2.415633649567388
placebo,749,Heatstroke,y23,-.0563606484703348
placebo,749,Severe heatstroke,y24,-.0030610822286558
placebo,749,Mild cold hypothermia,y33,-1.300351494941922
placebo,749,Moderate cold hypothermia,y34,-.4434115920429518
placebo,750,Workload,y11,-.3241088562208985
placebo,750,Overload,y12,-2.516026451470448
placebo,750,Heatstroke,y23,.0430308108569114
placebo,750,Severe heatstroke,y24,.0207754628155161
placebo,750,Mild cold hypothermia,y33,-1.712967221060459
placebo,750,Moderate cold hypothermia,y34,.1065251877876483
placebo,751,Workload,y11,.4050310844589831
placebo,751,Overload,y12,3.204167830310527
placebo,751,Heatstroke,y23,-.0267872071661149
placebo,751,Severe heatstroke,y24,.2283960234254858
placebo,751,Mild cold hypothermia,y33,1.16363260883276
placebo,751,Moderate cold hypothermia,y34,.2635150067273215
placebo,752,Workload,y11,-.5000633427328696
placebo,752,Overload,y12,-3.85161311604899
placebo,752,Heatstroke,y23,-.3752786868782422
placebo,752,Severe heatstroke,y24,.0017963304943057
placebo,752,Mild cold hypothermia,y33,.3756827024172645
placebo,752,Moderate cold hypothermia,y34,.4233722998222653
placebo,753,Workload,y11,.1074734306719716
placebo,753,Overload,y12,-.6224851854621603
placebo,753,Heatstroke,y23,.4700853769214673
placebo,753,Severe heatstroke,y24,.398652617637423
placebo,753,Mild cold hypothermia,y33,1.173662497937217
placebo,753,Moderate cold hypothermia,y34,-.2577112646826791
placebo,754,Workload,y11,.1591490988402011
placebo,754,Overload,y12,.8146923941568892
placebo,754,Heatstroke,y23,.3254875636292614
placebo,754,Severe heatstroke,y24,.0323794763896351
placebo,754,Mild cold hypothermia,y33,-.4254812020900939
placebo,754,Moderate cold hypothermia,y34,-.0330191131530888
placebo,755,Workload,y11,-.6324986124542847
placebo,755,Overload,y12,1.019124533623027
placebo,755,Heatstroke,y23,-.6909392133506375
placebo,755,Severe heatstroke,y24,-.3670542585290733
placebo,755,Mild cold hypothermia,y33,-.4883640511818998
placebo,755,Moderate cold hypothermia,y34,-.0926782596241329
placebo,756,Workload,y11,-.6462534029208485
placebo,756,Overload,y12,.440493176795371
placebo,756,Heatstroke,y23,-.2967155799232631
placebo,756,Severe heatstroke,y24,-.2820498020629559
placebo,756,Mild cold hypothermia,y33,1.435220193779854
placebo,756,Moderate cold hypothermia,y34,-.4493584958358471
placebo,757,Workload,y11,-1.640993461379822
placebo,757,Overload,y12,-1.647553605346384
placebo,757,Heatstroke,y23,.1565366089629168
placebo,757,Severe heatstroke,y24,.1790063509642188
placebo,757,Mild cold hypothermia,y33,.1545229164821129
placebo,757,Moderate cold hypothermia,y34,-.6325784401698473
placebo,758,Workload,y11,1.331751392369083
placebo,758,Overload,y12,1.070854209861532
placebo,758,Heatstroke,y23,-.0195043327653396
placebo,758,Severe heatstroke,y24,-.0193650131350161
placebo,758,Mild cold hypothermia,y33,1.647577995625964
placebo,758,Moderate cold hypothermia,y34,.0743547985038777
placebo,759,Workload,y11,.1974111624775091
placebo,759,Overload,y12,-.5610568257126712
placebo,759,Heatstroke,y23,.1095990784619088
placebo,759,Severe heatstroke,y24,.4030930495382314
placebo,759,Mild cold hypothermia,y33,-.4127722500143321
placebo,759,Moderate cold hypothermia,y34,-.613117697176595
placebo,760,Workload,y11,1.075822962676555
placebo,760,Overload,y12,2.087232338145534
placebo,760,Heatstroke,y23,.3614116684074563
placebo,760,Severe heatstroke,y24,.0000980497442119
placebo,760,Mild cold hypothermia,y33,.3274057332597337
placebo,760,Moderate cold hypothermia,y34,-.0786657977920815
placebo,761,Workload,y11,.7523564753537001
placebo,761,Overload,y12,.0323905311802777
placebo,761,Heatstroke,y23,.42252750720787
placebo,761,Severe heatstroke,y24,.2093960880146391
placebo,761,Mild cold hypothermia,y33,.3363843620961448
placebo,761,Moderate cold hypothermia,y34,-.2954673703998077
placebo,762,Workload,y11,.8801802845736835
placebo,762,Overload,y12,2.306239611923164
placebo,762,Heatstroke,y23,.9260976866629378
placebo,762,Severe heatstroke,y24,.7568554806002635
placebo,762,Mild cold hypothermia,y33,-.7471239077857472
placebo,762,Moderate cold hypothermia,y34,-.0847521408248482
placebo,763,Workload,y11,-.5124236660413004
placebo,763,Overload,y12,-2.29785295831698
placebo,763,Heatstroke,y23,-.107034695589617
placebo,763,Severe heatstroke,y24,.3774003157227885
placebo,763,Mild cold hypothermia,y33,-.1338131602516879
placebo,763,Moderate cold hypothermia,y34,-.0910552492025904
placebo,764,Workload,y11,.2950627183190492
placebo,764,Overload,y12,2.051439037817634
placebo,764,Heatstroke,y23,.1109183478014673
placebo,764,Severe heatstroke,y24,.2176992240571176
placebo,764,Mild cold hypothermia,y33,1.315687023674077
placebo,764,Moderate cold hypothermia,y34,-.2650164386941008
placebo,765,Workload,y11,-1.226078334712727
placebo,765,Overload,y12,1.620857525325464
placebo,765,Heatstroke,y23,.5179464636674521
placebo,765,Severe heatstroke,y24,.3552003995377342
placebo,765,Mild cold hypothermia,y33,.1188616125157946
placebo,765,Moderate cold hypothermia,y34,.3221203893825119
placebo,766,Workload,y11,-.6275117424347855
placebo,766,Overload,y12,.7121895250608826
placebo,766,Heatstroke,y23,-.4487423629712446
placebo,766,Severe heatstroke,y24,-.3509990840896961
placebo,766,Mild cold hypothermia,y33,2.204854988226459
placebo,766,Moderate cold hypothermia,y34,-.0426223763366735
placebo,767,Workload,y11,.5466257008301511
placebo,767,Overload,y12,-.5711677167219263
placebo,767,Heatstroke,y23,-.1225891065129226
placebo,767,Severe heatstroke,y24,-.3475257432759639
placebo,767,Mild cold hypothermia,y33,.3457821314684363
placebo,767,Moderate cold hypothermia,y34,-.0695908078728806
placebo,768,Workload,y11,-2.030333403081648
placebo,768,Overload,y12,-4.692973130749037
placebo,768,Heatstroke,y23,.0727760782513825
placebo,768,Severe heatstroke,y24,-.3643922098294909
placebo,768,Mild cold hypothermia,y33,.0105120698570265
placebo,768,Moderate cold hypothermia,y34,-.4486653404859944
placebo,769,Workload,y11,.9688785617382214
placebo,769,Overload,y12,2.325550058653759
placebo,769,Heatstroke,y23,.6425152269994647
placebo,769,Severe heatstroke,y24,.2016153461854025
placebo,769,Mild cold hypothermia,y33,-.3321151540060812
placebo,769,Moderate cold hypothermia,y34,.1082572530586582
placebo,770,Workload,y11,-.1618027719259478
placebo,770,Overload,y12,-.6256414295957288
placebo,770,Heatstroke,y23,.1408252923716017
placebo,770,Severe heatstroke,y24,.0342801180252777
placebo,770,Mild cold hypothermia,y33,1.8990227204322
placebo,770,Moderate cold hypothermia,y34,.0291421772380332
placebo,771,Workload,y11,-.7592659263801383
placebo,771,Overload,y12,-1.822025232701988
placebo,771,Heatstroke,y23,-.712459202523518
placebo,771,Severe heatstroke,y24,-.187204479933458
placebo,771,Mild cold hypothermia,y33,.6346396769789413
placebo,771,Moderate cold hypothermia,y34,.7274075567952437
placebo,772,Workload,y11,-1.458264698024437
placebo,772,Overload,y12,-.2589398516124298
placebo,772,Heatstroke,y23,-.3140465700332783
placebo,772,Severe heatstroke,y24,.205188074985208
placebo,772,Mild cold hypothermia,y33,-.3674948920543628
placebo,772,Moderate cold hypothermia,y34,.9151488405299617
placebo,773,Workload,y11,.2047056451310069
placebo,773,Overload,y12,-.5912710658173187
placebo,773,Heatstroke,y23,-.2770335081078582
placebo,773,Severe heatstroke,y24,-.1651685714609858
placebo,773,Mild cold hypothermia,y33,-.5054133533224499
placebo,773,Moderate cold hypothermia,y34,.0471508931662464
placebo,774,Workload,y11,-.0583014697131372
placebo,774,Overload,y12,.3510979678232381
placebo,774,Heatstroke,y23,-.3706171734572887
placebo,774,Severe heatstroke,y24,-.1164412064173542
placebo,774,Mild cold hypothermia,y33,-.3563643443907709
placebo,774,Moderate cold hypothermia,y34,-.649685620273024
placebo,775,Workload,y11,1.516902584770046
placebo,775,Overload,y12,2.681949718600068
placebo,775,Heatstroke,y23,.2229943002526534
placebo,775,Severe heatstroke,y24,-.0020240144463549
placebo,775,Mild cold hypothermia,y33,.5169845063396634
placebo,775,Moderate cold hypothermia,y34,-.668931611732118
placebo,776,Workload,y11,.921650433496195
placebo,776,Overload,y12,1.071116810282504
placebo,776,Heatstroke,y23,-.5081524560378903
placebo,776,Severe heatstroke,y24,-.1074702573176344
placebo,776,Mild cold hypothermia,y33,1.503904630185211
placebo,776,Moderate cold hypothermia,y34,-.2604725484011273
placebo,777,Workload,y11,-1.7475677627994
placebo,777,Overload,y12,-2.225134811490368
placebo,777,Heatstroke,y23,-.1236566077803512
placebo,777,Severe heatstroke,y24,-.1631805926846474
placebo,777,Mild cold hypothermia,y33,-1.080341910235568
placebo,777,Moderate cold hypothermia,y34,-.4923858059941095
placebo,778,Workload,y11,-.3010146431198946
placebo,778,Overload,y12,-.610793591499783
placebo,778,Heatstroke,y23,-.0439505723788084
placebo,778,Severe heatstroke,y24,-.1521106367779008
placebo,778,Mild cold hypothermia,y33,-.337621730059086
placebo,778,Moderate cold hypothermia,y34,-.4413995157914254
placebo,779,Workload,y11,-.5442422776229104
placebo,779,Overload,y12,-1.819430193119062
placebo,779,Heatstroke,y23,-1.003467686275513
placebo,779,Severe heatstroke,y24,-.3478793572738151
placebo,779,Mild cold hypothermia,y33,-2.083730111250844
placebo,779,Moderate cold hypothermia,y34,-.6487055812288842
placebo,780,Workload,y11,-.417878658395027
placebo,780,Overload,y12,1.052921480950737
placebo,780,Heatstroke,y23,-.3188493008924394
placebo,780,Severe heatstroke,y24,.1904035175004607
placebo,780,Mild cold hypothermia,y33,2.588321617191257
placebo,780,Moderate cold hypothermia,y34,.4686673321803152
placebo,781,Workload,y11,-.843588596837705
placebo,781,Overload,y12,-3.05743872792857
placebo,781,Heatstroke,y23,.586042531107872
placebo,781,Severe heatstroke,y24,.001503560940107
placebo,781,Mild cold hypothermia,y33,.4618292933916013
placebo,781,Moderate cold hypothermia,y34,.074717592792933
placebo,782,Workload,y11,-1.13270764262951
placebo,782,Overload,y12,-1.189821117689754
placebo,782,Heatstroke,y23,.0120190887231252
placebo,782,Severe heatstroke,y24,-.368449610883853
placebo,782,Mild cold hypothermia,y33,-1.225454646517215
placebo,782,Moderate cold hypothermia,y34,.4209521185613392
placebo,783,Workload,y11,.5910543437946617
placebo,783,Overload,y12,.3571170213540465
placebo,783,Heatstroke,y23,.3404371684216961
placebo,783,Severe heatstroke,y24,.4178493804424916
placebo,783,Mild cold hypothermia,y33,.6948207238369544
placebo,783,Moderate cold hypothermia,y34,.1068190928629582
placebo,784,Workload,y11,.2420391428599473
placebo,784,Overload,y12,2.914949916078561
placebo,784,Heatstroke,y23,-.0252594681570103
placebo,784,Severe heatstroke,y24,-.1509849159095289
placebo,784,Mild cold hypothermia,y33,.5396657525940488
placebo,784,Moderate cold hypothermia,y34,.143583315166385
placebo,785,Workload,y11,.9658507159943345
placebo,785,Overload,y12,4.084484715177584
placebo,785,Heatstroke,y23,-.1709904021836343
placebo,785,Severe heatstroke,y24,-.1216723969594978
placebo,785,Mild cold hypothermia,y33,.771194461245266
placebo,785,Moderate cold hypothermia,y34,.2679510943616638
placebo,786,Workload,y11,-1.016667041683634
placebo,786,Overload,y12,-4.349646606040094
placebo,786,Heatstroke,y23,-.2747933862441991
placebo,786,Severe heatstroke,y24,-.3365664486213095
placebo,786,Mild cold hypothermia,y33,-1.49192058299827
placebo,786,Moderate cold hypothermia,y34,.6556489593085379
placebo,787,Workload,y11,.2358733732540151
placebo,787,Overload,y12,-2.611107781705544
placebo,787,Heatstroke,y23,1.20070453052537
placebo,787,Severe heatstroke,y24,.215446346323404
placebo,787,Mild cold hypothermia,y33,-.4233538568297715
placebo,787,Moderate cold hypothermia,y34,-.4567476543582634
placebo,788,Workload,y11,.3129446604823864
placebo,788,Overload,y12,1.280991782054855
placebo,788,Heatstroke,y23,.2947482244263251
placebo,788,Severe heatstroke,y24,.0213010219477366
placebo,788,Mild cold hypothermia,y33,-.0614914361872085
placebo,788,Moderate cold hypothermia,y34,-.6543188146269578
placebo,789,Workload,y11,.1238016151234007
placebo,789,Overload,y12,1.943968989732891
placebo,789,Heatstroke,y23,.2513719908078075
placebo,789,Severe heatstroke,y24,-.1780407520567164
placebo,789,Mild cold hypothermia,y33,-.009794854204993
placebo,789,Moderate cold hypothermia,y34,-.0794450062244115
placebo,790,Workload,y11,1.072621465365516
placebo,790,Overload,y12,4.189133033730613
placebo,790,Heatstroke,y23,-.2457732141871041
placebo,790,Severe heatstroke,y24,-.2172786786793023
placebo,790,Mild cold hypothermia,y33,2.100637094057083
placebo,790,Moderate cold hypothermia,y34,-.0873143362654434
placebo,791,Workload,y11,.8584028015514815
placebo,791,Overload,y12,-1.838347813942592
placebo,791,Heatstroke,y23,-.262864662559857
placebo,791,Severe heatstroke,y24,-.1446929787664003
placebo,791,Mild cold hypothermia,y33,1.312126339513217
placebo,791,Moderate cold hypothermia,y34,-.0724231749108857
placebo,792,Workload,y11,.7104829249716949
placebo,792,Overload,y12,2.282884169983157
placebo,792,Heatstroke,y23,-.3375730394254234
placebo,792,Severe heatstroke,y24,-.1906427123883572
placebo,792,Mild cold hypothermia,y33,.2609238275483792
placebo,792,Moderate cold hypothermia,y34,.2869432443306355
placebo,793,Workload,y11,.7982493153757723
placebo,793,Overload,y12,3.608791805326297
placebo,793,Heatstroke,y23,-.1632217130905291
placebo,793,Severe heatstroke,y24,.1940633573365319
placebo,793,Mild cold hypothermia,y33,1.262921677393881
placebo,793,Moderate cold hypothermia,y34,.2376664824999592
placebo,794,Workload,y11,1.031413317670958
placebo,794,Overload,y12,.7148611680107209
placebo,794,Heatstroke,y23,.012991169224585
placebo,794,Severe heatstroke,y24,-.3722242356305221
placebo,794,Mild cold hypothermia,y33,-1.132059543543107
placebo,794,Moderate cold hypothermia,y34,.2981908738988136
placebo,795,Workload,y11,-.4436743860811345
placebo,795,Overload,y12,-1.663541037358147
placebo,795,Heatstroke,y23,.1839140583065922
placebo,795,Severe heatstroke,y24,.3461640135490857
placebo,795,Mild cold hypothermia,y33,-1.653221200666015
placebo,795,Moderate cold hypothermia,y34,.2120913135870118
placebo,796,Workload,y11,-.1822107127498389
placebo,796,Overload,y12,-.4965008691615291
placebo,796,Heatstroke,y23,-.4420067482907308
placebo,796,Severe heatstroke,y24,.0236392140359142
placebo,796,Mild cold hypothermia,y33,.8038672619634551
placebo,796,Moderate cold hypothermia,y34,.0882848462026001
placebo,797,Workload,y11,1.156029554783306
placebo,797,Overload,y12,1.963127398447293
placebo,797,Heatstroke,y23,.0036153334505198
placebo,797,Severe heatstroke,y24,-.1954419282062281
placebo,797,Mild cold hypothermia,y33,.9171644188655673
placebo,797,Moderate cold hypothermia,y34,.0927194621490956
placebo,798,Workload,y11,.1202892627011079
placebo,798,Overload,y12,-1.343318806747329
placebo,798,Heatstroke,y23,-.2409898967027589
placebo,798,Severe heatstroke,y24,-.3388086329761331
placebo,798,Mild cold hypothermia,y33,-1.221083407353437
placebo,798,Moderate cold hypothermia,y34,.0960805330095966
placebo,799,Workload,y11,.091113456696596
placebo,799,Overload,y12,-.8784883670908025
placebo,799,Heatstroke,y23,.2554254738199662
placebo,799,Severe heatstroke,y24,.2029191941812309
placebo,799,Mild cold hypothermia,y33,-1.207352929435181
placebo,799,Moderate cold hypothermia,y34,.2592447539290569
placebo,800,Workload,y11,.7954030437257221
placebo,800,Overload,y12,1.953585860295438
placebo,800,Heatstroke,y23,.1248056332661035
placebo,800,Severe heatstroke,y24,.0304962258085239
placebo,800,Mild cold hypothermia,y33,-.3093029669271619
placebo,800,Moderate cold hypothermia,y34,.0808052381983619
placebo,801,Workload,y11,-.6254910843621596
placebo,801,Overload,y12,.6834357589727434
placebo,801,Heatstroke,y23,.0536078244601136
placebo,801,Severe heatstroke,y24,.0737672319348654
placebo,801,Mild cold hypothermia,y33,1.362250730227075
placebo,801,Moderate cold hypothermia,y34,-.1908666341196636
placebo,802,Workload,y11,2.226391846008858
placebo,802,Overload,y12,4.136814951487383
placebo,802,Heatstroke,y23,.2258060780014608
placebo,802,Severe heatstroke,y24,.5584618310671421
placebo,802,Mild cold hypothermia,y33,.0386560167261715
placebo,802,Moderate cold hypothermia,y34,-.4443085477992461
placebo,803,Workload,y11,-2.125085540937763
placebo,803,Overload,y12,-1.150727314033759
placebo,803,Heatstroke,y23,-.4306947606224749
placebo,803,Severe heatstroke,y24,-.4065602387689774
placebo,803,Mild cold hypothermia,y33,.2050091509334791
placebo,803,Moderate cold hypothermia,y34,.1058877030767978
placebo,804,Workload,y11,-1.443636495330594
placebo,804,Overload,y12,-1.660567834518111
placebo,804,Heatstroke,y23,-.854298483126316
placebo,804,Severe heatstroke,y24,-.3491436036748078
placebo,804,Mild cold hypothermia,y33,-.7643714727428713
placebo,804,Moderate cold hypothermia,y34,-.0687431504371231
placebo,805,Workload,y11,.6783064952839759
placebo,805,Overload,y12,1.595432415809936
placebo,805,Heatstroke,y23,.3628795855293748
placebo,805,Severe heatstroke,y24,-.1906574947818413
placebo,805,Mild cold hypothermia,y33,-2.263149047543584
placebo,805,Moderate cold hypothermia,y34,-.0682422127891304
placebo,806,Workload,y11,-.8149843871283472
placebo,806,Overload,y12,-3.415573581365692
placebo,806,Heatstroke,y23,.7653626081522468
placebo,806,Severe heatstroke,y24,.187391393100396
placebo,806,Mild cold hypothermia,y33,-1.647515167052036
placebo,806,Moderate cold hypothermia,y34,-.1124054268367053
placebo,807,Workload,y11,.1607742672881537
placebo,807,Overload,y12,-1.185661838975491
placebo,807,Heatstroke,y23,.204179614485544
placebo,807,Severe heatstroke,y24,.0569171032956863
placebo,807,Mild cold hypothermia,y33,-1.44429455068642
placebo,807,Moderate cold hypothermia,y34,-.399190143100069
placebo,808,Workload,y11,1.412868505368316
placebo,808,Overload,y12,.9415699299868765
placebo,808,Heatstroke,y23,.0855625192518431
placebo,808,Severe heatstroke,y24,.3236667950540721
placebo,808,Mild cold hypothermia,y33,.8224766418826264
placebo,808,Moderate cold hypothermia,y34,-.1599206316277105
placebo,809,Workload,y11,.3524260673664291
placebo,809,Overload,y12,-.2427353514876574
placebo,809,Heatstroke,y23,-.6647190143210324
placebo,809,Severe heatstroke,y24,-.3497433097355706
placebo,809,Mild cold hypothermia,y33,-1.25657478472767
placebo,809,Moderate cold hypothermia,y34,.2868265179979826
placebo,810,Workload,y11,.5699923703782812
placebo,810,Overload,y12,1.753623710747269
placebo,810,Heatstroke,y23,-.07373375804548
placebo,810,Severe heatstroke,y24,-.1532369572547449
placebo,810,Mild cold hypothermia,y33,.8914156565737482
placebo,810,Moderate cold hypothermia,y34,-.2230670718108895
placebo,811,Workload,y11,-.1421074183174121
placebo,811,Overload,y12,.9705067747541721
placebo,811,Heatstroke,y23,.0016254335872374
placebo,811,Severe heatstroke,y24,.2560332550078763
placebo,811,Mild cold hypothermia,y33,2.400629208316822
placebo,811,Moderate cold hypothermia,y34,.2968373369489281
placebo,812,Workload,y11,.9944578920385216
placebo,812,Overload,y12,1.561486943758132
placebo,812,Heatstroke,y23,.5829800602018173
placebo,812,Severe heatstroke,y24,.1898919683879833
placebo,812,Mild cold hypothermia,y33,1.683603799521989
placebo,812,Moderate cold hypothermia,y34,.4689555061378914
placebo,813,Workload,y11,-1.692869419784854
placebo,813,Overload,y12,-2.52001153796488
placebo,813,Heatstroke,y23,.1575890220544363
placebo,813,Severe heatstroke,y24,.0513823846623917
placebo,813,Mild cold hypothermia,y33,.9137589494352345
placebo,813,Moderate cold hypothermia,y34,-.2619496748581382
placebo,814,Workload,y11,-.4409305938127725
placebo,814,Overload,y12,.9429748398016151
placebo,814,Heatstroke,y23,.3667392647076201
placebo,814,Severe heatstroke,y24,.1900887680114393
placebo,814,Mild cold hypothermia,y33,.3131924848867537
placebo,814,Moderate cold hypothermia,y34,.1246535216983289
placebo,815,Workload,y11,1.264259504118443
placebo,815,Overload,y12,.0952968880522024
placebo,815,Heatstroke,y23,.8174480497035681
placebo,815,Severe heatstroke,y24,.3817454089578945
placebo,815,Mild cold hypothermia,y33,.3126690841290121
placebo,815,Moderate cold hypothermia,y34,-.0828793828157034
placebo,816,Workload,y11,1.295872303782109
placebo,816,Overload,y12,-.463489408302004
placebo,816,Heatstroke,y23,-.4113613828143889
placebo,816,Severe heatstroke,y24,-.3191161243809078
placebo,816,Mild cold hypothermia,y33,-1.617114399006685
placebo,816,Moderate cold hypothermia,y34,-.4876375325208755
placebo,817,Workload,y11,-.0703704951930422
placebo,817,Overload,y12,-.7793007741817515
placebo,817,Heatstroke,y23,.2269682381196983
placebo,817,Severe heatstroke,y24,.2008619189244215
placebo,817,Mild cold hypothermia,y33,-3.225504737939796
placebo,817,Moderate cold hypothermia,y34,-.6093032176232472
placebo,818,Workload,y11,.8861901132407074
placebo,818,Overload,y12,-.6739096330340366
placebo,818,Heatstroke,y23,.9970690316209213
placebo,818,Severe heatstroke,y24,.2110438819818226
placebo,818,Mild cold hypothermia,y33,.0995124477140415
placebo,818,Moderate cold hypothermia,y34,-.6169138718274181
placebo,819,Workload,y11,-.7153571402775361
placebo,819,Overload,y12,-4.968140291328144
placebo,819,Heatstroke,y23,.3873839563196317
placebo,819,Severe heatstroke,y24,-.011713599683217
placebo,819,Mild cold hypothermia,y33,-1.611663494119699
placebo,819,Moderate cold hypothermia,y34,.1167215797160468
placebo,820,Workload,y11,.0679243092033542
placebo,820,Overload,y12,-.7972690730959252
placebo,820,Heatstroke,y23,-.7935345959299854
placebo,820,Severe heatstroke,y24,-.1458215865455628
placebo,820,Mild cold hypothermia,y33,-1.670756293860941
placebo,820,Moderate cold hypothermia,y34,.2635858473517325
placebo,821,Workload,y11,.5306723836332449
placebo,821,Overload,y12,-.8583476947352661
placebo,821,Heatstroke,y23,.6643589360728445
placebo,821,Severe heatstroke,y24,.2188853085708709
placebo,821,Mild cold hypothermia,y33,-.9035642200741847
placebo,821,Moderate cold hypothermia,y34,-.4425710302528459
placebo,822,Workload,y11,-1.176921234052031
placebo,822,Overload,y12,-2.03911756940459
placebo,822,Heatstroke,y23,.1473754525139286
placebo,822,Severe heatstroke,y24,.3466226349427972
placebo,822,Mild cold hypothermia,y33,.6287877081211883
placebo,822,Moderate cold hypothermia,y34,-.0866810737888998
placebo,823,Workload,y11,-1.37939080522503
placebo,823,Overload,y12,-2.640375228206968
placebo,823,Heatstroke,y23,.1490865923531544
placebo,823,Severe heatstroke,y24,.2379819945391368
placebo,823,Mild cold hypothermia,y33,-1.651080600294957
placebo,823,Moderate cold hypothermia,y34,-.2530958001245766
placebo,824,Workload,y11,.4348414318799029
placebo,824,Overload,y12,1.3736925916267
placebo,824,Heatstroke,y23,.3212560046535384
placebo,824,Severe heatstroke,y24,.1512940797851621
placebo,824,Mild cold hypothermia,y33,-.3104190300292154
placebo,824,Moderate cold hypothermia,y34,.0239462711034271
placebo,825,Workload,y11,.9145193862844667
placebo,825,Overload,y12,2.764788503260338
placebo,825,Heatstroke,y23,-.6117861605508293
placebo,825,Severe heatstroke,y24,-.155784827136058
placebo,825,Mild cold hypothermia,y33,.3916218087084657
placebo,825,Moderate cold hypothermia,y34,.6308891945256003
placebo,826,Workload,y11,1.360309422498411
placebo,826,Overload,y12,2.58014246035942
placebo,826,Heatstroke,y23,.2825746855366601
placebo,826,Severe heatstroke,y24,.1692556049590599
placebo,826,Mild cold hypothermia,y33,-.7343626566423582
placebo,826,Moderate cold hypothermia,y34,-.2587978568675989
placebo,827,Workload,y11,1.148671947537862
placebo,827,Overload,y12,1.149946102062924
placebo,827,Heatstroke,y23,-.4146723376313333
placebo,827,Severe heatstroke,y24,-.0084694772742581
placebo,827,Mild cold hypothermia,y33,.6820937669363718
placebo,827,Moderate cold hypothermia,y34,.3075254874243485
placebo,828,Workload,y11,.9924908527471791
placebo,828,Overload,y12,2.17155278907107
placebo,828,Heatstroke,y23,.0783083875370861
placebo,828,Severe heatstroke,y24,.0224096622903668
placebo,828,Mild cold hypothermia,y33,-1.568729609899192
placebo,828,Moderate cold hypothermia,y34,.1180190706680621
placebo,829,Workload,y11,-.0701564159462339
placebo,829,Overload,y12,-.8126956637430593
placebo,829,Heatstroke,y23,.2847050422527322
placebo,829,Severe heatstroke,y24,.4030121976220394
placebo,829,Mild cold hypothermia,y33,-.5599357243147856
placebo,829,Moderate cold hypothermia,y34,-.2733533119214435
placebo,830,Workload,y11,.0780671802074249
placebo,830,Overload,y12,1.297215345272101
placebo,830,Heatstroke,y23,-.6687082481100556
placebo,830,Severe heatstroke,y24,-.1633046449799506
placebo,830,Mild cold hypothermia,y33,-.1682762852858446
placebo,830,Moderate cold hypothermia,y34,.3133494694157706
placebo,831,Workload,y11,-.6859155525375948
placebo,831,Overload,y12,.9465629135403353
placebo,831,Heatstroke,y23,-.02108485016833
placebo,831,Severe heatstroke,y24,-.3802865543757419
placebo,831,Mild cold hypothermia,y33,.4686195320202967
placebo,831,Moderate cold hypothermia,y34,.4389879594414431
placebo,832,Workload,y11,1.118102599601131
placebo,832,Overload,y12,1.500217640289255
placebo,832,Heatstroke,y23,-.0098229187272964
placebo,832,Severe heatstroke,y24,.3458693746053431
placebo,832,Mild cold hypothermia,y33,-1.014439810089129
placebo,832,Moderate cold hypothermia,y34,-.071614808440832
placebo,833,Workload,y11,-1.17835354312422
placebo,833,Overload,y12,.0352628566836144
placebo,833,Heatstroke,y23,-.5523142729942873
placebo,833,Severe heatstroke,y24,-.3658759562300248
placebo,833,Mild cold hypothermia,y33,.058953157662736
placebo,833,Moderate cold hypothermia,y34,-.8016012360725742
placebo,834,Workload,y11,-.313343054490951
placebo,834,Overload,y12,.8164325776699207
placebo,834,Heatstroke,y23,.0916388795082617
placebo,834,Severe heatstroke,y24,-.1699034385483904
placebo,834,Mild cold hypothermia,y33,-.6468389545293896
placebo,834,Moderate cold hypothermia,y34,-.4687602540426862
placebo,835,Workload,y11,.3294447358443834
placebo,835,Overload,y12,1.902444181052468
placebo,835,Heatstroke,y23,.2911624942802464
placebo,835,Severe heatstroke,y24,.219812504050783
placebo,835,Mild cold hypothermia,y33,.2096703346597046
placebo,835,Moderate cold hypothermia,y34,.1338373936022648
placebo,836,Workload,y11,-1.276783756928777
placebo,836,Overload,y12,-2.747070391264216
placebo,836,Heatstroke,y23,-.2806666130384499
placebo,836,Severe heatstroke,y24,-.1644198574268117
placebo,836,Mild cold hypothermia,y33,-1.17366764184607
placebo,836,Moderate cold hypothermia,y34,.2172403381978444
placebo,837,Workload,y11,1.733738780056645
placebo,837,Overload,y12,.1251228959160257
placebo,837,Heatstroke,y23,.93373327597886
placebo,837,Severe heatstroke,y24,.4420420408445218
placebo,837,Mild cold hypothermia,y33,-.9686617868549117
placebo,837,Moderate cold hypothermia,y34,-.005983474019471
placebo,838,Workload,y11,.5024008379664807
placebo,838,Overload,y12,-3.265686732551615
placebo,838,Heatstroke,y23,-.0990123647085576
placebo,838,Severe heatstroke,y24,.1431539874296962
placebo,838,Mild cold hypothermia,y33,-.0275046254375499
placebo,838,Moderate cold hypothermia,y34,.0979386631668333
placebo,839,Workload,y11,-1.430161815021147
placebo,839,Overload,y12,-1.922761132931709
placebo,839,Heatstroke,y23,-.0053997080747979
placebo,839,Severe heatstroke,y24,-.2042970334777823
placebo,839,Mild cold hypothermia,y33,1.81233957711383
placebo,839,Moderate cold hypothermia,y34,.3289160511995685
placebo,840,Workload,y11,.8133117425662395
placebo,840,Overload,y12,.186208615596708
placebo,840,Heatstroke,y23,-.2359156590651252
placebo,840,Severe heatstroke,y24,-.3275989682394777
placebo,840,Mild cold hypothermia,y33,.9577842923495656
placebo,840,Moderate cold hypothermia,y34,-.0704819412325236
placebo,841,Workload,y11,.1536580629116576
placebo,841,Overload,y12,-.8492999747328637
placebo,841,Heatstroke,y23,-.021211777934302
placebo,841,Severe heatstroke,y24,-.0118552061912557
placebo,841,Mild cold hypothermia,y33,1.893609799059975
placebo,841,Moderate cold hypothermia,y34,.4895917442362531
placebo,842,Workload,y11,-.3058500506310735
placebo,842,Overload,y12,.2274774877238556
placebo,842,Heatstroke,y23,.2894986933287091
placebo,842,Severe heatstroke,y24,.2078218489910373
placebo,842,Mild cold hypothermia,y33,-.0084911760208196
placebo,842,Moderate cold hypothermia,y34,-.2601684601492907
placebo,843,Workload,y11,.8988005095719549
placebo,843,Overload,y12,-.3486368546551256
placebo,843,Heatstroke,y23,.4362844126853336
placebo,843,Severe heatstroke,y24,.1403670570912951
placebo,843,Mild cold hypothermia,y33,-.6691954807785302
placebo,843,Moderate cold hypothermia,y34,-.2203641957961721
placebo,844,Workload,y11,-.2602238260979738
placebo,844,Overload,y12,-2.12265638754387
placebo,844,Heatstroke,y23,-.3207864353848183
placebo,844,Severe heatstroke,y24,-.1721735457780929
placebo,844,Mild cold hypothermia,y33,.2034001017528126
placebo,844,Moderate cold hypothermia,y34,-.6754223694324327
placebo,845,Workload,y11,-.0571794264894241
placebo,845,Overload,y12,-.1760872694342853
placebo,845,Heatstroke,y23,-.3314104415691873
placebo,845,Severe heatstroke,y24,-.3722660443216207
placebo,845,Mild cold hypothermia,y33,.0032399866688226
placebo,845,Moderate cold hypothermia,y34,.4438913099224436
placebo,846,Workload,y11,.1402270357026214
placebo,846,Overload,y12,2.110118646537606
placebo,846,Heatstroke,y23,-.0334158053545795
placebo,846,Severe heatstroke,y24,.0409242843149897
placebo,846,Mild cold hypothermia,y33,-1.68880961917317
placebo,846,Moderate cold hypothermia,y34,-.4317538355150348
placebo,847,Workload,y11,-.7345083595090008
placebo,847,Overload,y12,-3.370286783516935
placebo,847,Heatstroke,y23,.4498453444330633
placebo,847,Severe heatstroke,y24,.3905492417131807
placebo,847,Mild cold hypothermia,y33,1.314392147311268
placebo,847,Moderate cold hypothermia,y34,.1424359983106659
placebo,848,Workload,y11,.2215522280321418
placebo,848,Overload,y12,.119984901372532
placebo,848,Heatstroke,y23,.3019471657163333
placebo,848,Severe heatstroke,y24,.0228101774809987
placebo,848,Mild cold hypothermia,y33,-.7682514575983288
placebo,848,Moderate cold hypothermia,y34,-.4644465464834323
placebo,849,Workload,y11,.447771875582767
placebo,849,Overload,y12,1.92810872962945
placebo,849,Heatstroke,y23,-.508334250905531
placebo,849,Severe heatstroke,y24,-.3672280065560368
placebo,849,Mild cold hypothermia,y33,-.4412996898482414
placebo,849,Moderate cold hypothermia,y34,-.4337332644855698
placebo,850,Workload,y11,-1.439393999322375
placebo,850,Overload,y12,.1334980572016415
placebo,850,Heatstroke,y23,-.5083758782083756
placebo,850,Severe heatstroke,y24,-.1649102506174629
placebo,850,Mild cold hypothermia,y33,.8856482087250955
placebo,850,Moderate cold hypothermia,y34,.0836025419286429
placebo,851,Workload,y11,-.398707334077186
placebo,851,Overload,y12,-.7532336157044868
placebo,851,Heatstroke,y23,-.3399896843903736
placebo,851,Severe heatstroke,y24,-.0015449141751396
placebo,851,Mild cold hypothermia,y33,-.5512036745093508
placebo,851,Moderate cold hypothermia,y34,.1323634791225456
placebo,852,Workload,y11,-.982173958752617
placebo,852,Overload,y12,-1.835242011926106
placebo,852,Heatstroke,y23,.016986585031596
placebo,852,Severe heatstroke,y24,.1953983538295465
placebo,852,Mild cold hypothermia,y33,-.9251071344387795
placebo,852,Moderate cold hypothermia,y34,.1078305050237357
placebo,853,Workload,y11,.2313475045009973
placebo,853,Overload,y12,-.4985030906955611
placebo,853,Heatstroke,y23,.1735800328275258
placebo,853,Severe heatstroke,y24,.1835611261566074
placebo,853,Mild cold hypothermia,y33,.8069990509420992
placebo,853,Moderate cold hypothermia,y34,.6020386919457527
placebo,854,Workload,y11,-1.185185841118113
placebo,854,Overload,y12,-2.578476956018368
placebo,854,Heatstroke,y23,.0556644387569234
placebo,854,Severe heatstroke,y24,-.1315418687845074
placebo,854,Mild cold hypothermia,y33,-1.002070758279617
placebo,854,Moderate cold hypothermia,y34,-.1572987565756648
placebo,855,Workload,y11,.2072263836460449
placebo,855,Overload,y12,-.6486023092270727
placebo,855,Heatstroke,y23,-.3666203332098402
placebo,855,Severe heatstroke,y24,-.337888256068672
placebo,855,Mild cold hypothermia,y33,.8256421596032569
placebo,855,Moderate cold hypothermia,y34,-.0037027641086726
placebo,856,Workload,y11,-.5356380548234098
placebo,856,Overload,y12,-1.373294333884451
placebo,856,Heatstroke,y23,.2439643429012886
placebo,856,Severe heatstroke,y24,.1883657198575764
placebo,856,Mild cold hypothermia,y33,-1.976253451094026
placebo,856,Moderate cold hypothermia,y34,-.3143247987223674
placebo,857,Workload,y11,.4240183143591927
placebo,857,Overload,y12,.6883547360428754
placebo,857,Heatstroke,y23,-.2847164716096969
placebo,857,Severe heatstroke,y24,.0146357124010296
placebo,857,Mild cold hypothermia,y33,-.6877414707940691
placebo,857,Moderate cold hypothermia,y34,-.2724962039833546
placebo,858,Workload,y11,.4273912759421757
placebo,858,Overload,y12,.042364198672436
placebo,858,Heatstroke,y23,.8719180615406167
placebo,858,Severe heatstroke,y24,.4033617757995402
placebo,858,Mild cold hypothermia,y33,-.7625005114084513
placebo,858,Moderate cold hypothermia,y34,.1182373039297684
placebo,859,Workload,y11,.2527294679698885
placebo,859,Overload,y12,-.9135362367522348
placebo,859,Heatstroke,y23,.4086742985815853
placebo,859,Severe heatstroke,y24,.0069700943518005
placebo,859,Mild cold hypothermia,y33,-.7041373255868266
placebo,859,Moderate cold hypothermia,y34,-.6353140698904161
placebo,860,Workload,y11,-.168236456661978
placebo,860,Overload,y12,.6178099320051794
placebo,860,Heatstroke,y23,-.5638372363189242
placebo,860,Severe heatstroke,y24,-.1358700039234206
placebo,860,Mild cold hypothermia,y33,.0857776138435499
placebo,860,Moderate cold hypothermia,y34,-.2499157736849379
placebo,861,Workload,y11,-1.055484135302334
placebo,861,Overload,y12,-4.072049074562961
placebo,861,Heatstroke,y23,.3955326006979691
placebo,861,Severe heatstroke,y24,-.001878016485787
placebo,861,Mild cold hypothermia,y33,.8332356620643691
placebo,861,Moderate cold hypothermia,y34,.0501354052892411
placebo,862,Workload,y11,.533601470579033
placebo,862,Overload,y12,2.708336907952269
placebo,862,Heatstroke,y23,.0764224748413319
placebo,862,Severe heatstroke,y24,.3933232093735025
placebo,862,Mild cold hypothermia,y33,1.904904576578812
placebo,862,Moderate cold hypothermia,y34,.5087696762029761
placebo,863,Workload,y11,.3997952416891429
placebo,863,Overload,y12,.3325121938089626
placebo,863,Heatstroke,y23,.3183575801488529
placebo,863,Severe heatstroke,y24,-.3509759291079647
placebo,863,Mild cold hypothermia,y33,-1.055293976184504
placebo,863,Moderate cold hypothermia,y34,.2068556850304042
placebo,864,Workload,y11,-.3532385223972395
placebo,864,Overload,y12,.392536062857514
placebo,864,Heatstroke,y23,-.0382066862824175
placebo,864,Severe heatstroke,y24,-.1433830995944017
placebo,864,Mild cold hypothermia,y33,.3820665007392463
placebo,864,Moderate cold hypothermia,y34,.493350444522185
placebo,865,Workload,y11,-.6527846899519765
placebo,865,Overload,y12,-.6532171520860232
placebo,865,Heatstroke,y23,-.0307504443755297
placebo,865,Severe heatstroke,y24,-.3450679984108256
placebo,865,Mild cold hypothermia,y33,.8409163308370704
placebo,865,Moderate cold hypothermia,y34,-.2356258746909246
placebo,866,Workload,y11,1.292331531655231
placebo,866,Overload,y12,-.2195695574363838
placebo,866,Heatstroke,y23,-.1646590009130144
placebo,866,Severe heatstroke,y24,.0027508453041495
placebo,866,Mild cold hypothermia,y33,.9112403278947788
placebo,866,Moderate cold hypothermia,y34,-.0962843637429312
placebo,867,Workload,y11,1.015226080754707
placebo,867,Overload,y12,1.095948571079449
placebo,867,Heatstroke,y23,.5492612012471048
placebo,867,Severe heatstroke,y24,.178298884806487
placebo,867,Mild cold hypothermia,y33,.561348466151229
placebo,867,Moderate cold hypothermia,y34,.3456561672594138
placebo,868,Workload,y11,.1239455402106918
placebo,868,Overload,y12,.609120748023267
placebo,868,Heatstroke,y23,.0701538806293084
placebo,868,Severe heatstroke,y24,.2011305329723601
placebo,868,Mild cold hypothermia,y33,.60282746641865
placebo,868,Moderate cold hypothermia,y34,-.2630009438341753
placebo,869,Workload,y11,.5858115415428614
placebo,869,Overload,y12,.5955926936000625
placebo,869,Heatstroke,y23,-.1313086681989612
placebo,869,Severe heatstroke,y24,.0890444524221447
placebo,869,Mild cold hypothermia,y33,.4908921216377621
placebo,869,Moderate cold hypothermia,y34,.6032326513473076
placebo,870,Workload,y11,2.962117276318974
placebo,870,Overload,y12,4.262394626392381
placebo,870,Heatstroke,y23,.5237309719024624
placebo,870,Severe heatstroke,y24,.3591270233866344
placebo,870,Mild cold hypothermia,y33,.2146987055062378
placebo,870,Moderate cold hypothermia,y34,-.4074956469912545
placebo,871,Workload,y11,1.809748867170692
placebo,871,Overload,y12,4.535391950280975
placebo,871,Heatstroke,y23,.0161091338407587
placebo,871,Severe heatstroke,y24,-.1786794731805947
placebo,871,Mild cold hypothermia,y33,-.9203505465752641
placebo,871,Moderate cold hypothermia,y34,.2332008238460765
placebo,872,Workload,y11,.6749882078418163
placebo,872,Overload,y12,3.599871798441156
placebo,872,Heatstroke,y23,-.2508869280116015
placebo,872,Severe heatstroke,y24,.0294620954963095
placebo,872,Mild cold hypothermia,y33,1.497653167769349
placebo,872,Moderate cold hypothermia,y34,.6993643861194653
placebo,873,Workload,y11,.0793855945615211
placebo,873,Overload,y12,.286117065015961
placebo,873,Heatstroke,y23,-.2762470646873216
placebo,873,Severe heatstroke,y24,.228303131971416
placebo,873,Mild cold hypothermia,y33,1.798337982704449
placebo,873,Moderate cold hypothermia,y34,.3574956617620996
placebo,874,Workload,y11,.3053589823394219
placebo,874,Overload,y12,-1.952289975753529
placebo,874,Heatstroke,y23,.1207005959613501
placebo,874,Severe heatstroke,y24,.395173692914141
placebo,874,Mild cold hypothermia,y33,1.694242100669888
placebo,874,Moderate cold hypothermia,y34,.6589206941698507
placebo,875,Workload,y11,-.3493384055821749
placebo,875,Overload,y12,-1.959507779679593
placebo,875,Heatstroke,y23,1.105070521195025
placebo,875,Severe heatstroke,y24,.0429688300198395
placebo,875,Mild cold hypothermia,y33,.3407104802413093
placebo,875,Moderate cold hypothermia,y34,-.2107027274759184
placebo,876,Workload,y11,.5212782747655648
placebo,876,Overload,y12,1.619227958628577
placebo,876,Heatstroke,y23,-.0675714101645142
placebo,876,Severe heatstroke,y24,.0456472254880435
placebo,876,Mild cold hypothermia,y33,.8935947455288755
placebo,876,Moderate cold hypothermia,y34,.2390866697169018
placebo,877,Workload,y11,1.06420639533556
placebo,877,Overload,y12,3.467102838040552
placebo,877,Heatstroke,y23,.3965681807792659
placebo,877,Severe heatstroke,y24,.0546789028815455
placebo,877,Mild cold hypothermia,y33,.4651243539363371
placebo,877,Moderate cold hypothermia,y34,-.629014408076809
placebo,878,Workload,y11,.2323458552779893
placebo,878,Overload,y12,.7860585729877683
placebo,878,Heatstroke,y23,-.0285119166188092
placebo,878,Severe heatstroke,y24,-.1957042740501444
placebo,878,Mild cold hypothermia,y33,2.447401246765844
placebo,878,Moderate cold hypothermia,y34,.0552268719473444
placebo,879,Workload,y11,.2389112318824271
placebo,879,Overload,y12,1.056851359452137
placebo,879,Heatstroke,y23,-.151479499828423
placebo,879,Severe heatstroke,y24,-.1704779442180457
placebo,879,Mild cold hypothermia,y33,.1461385789716928
placebo,879,Moderate cold hypothermia,y34,-.1373305656183437
placebo,880,Workload,y11,-1.265679285237342
placebo,880,Overload,y12,-.9277604219035815
placebo,880,Heatstroke,y23,-.5985018964843013
placebo,880,Severe heatstroke,y24,-.3145940996627666
placebo,880,Mild cold hypothermia,y33,-1.894003175645672
placebo,880,Moderate cold hypothermia,y34,-.1121052726818585
placebo,881,Workload,y11,.5659875680033143
placebo,881,Overload,y12,.6200892000330399
placebo,881,Heatstroke,y23,.0494461242145844
placebo,881,Severe heatstroke,y24,.0314417480708198
placebo,881,Mild cold hypothermia,y33,-2.36715170720582
placebo,881,Moderate cold hypothermia,y34,-.1417702231109189
placebo,882,Workload,y11,-.7835212051340008
placebo,882,Overload,y12,-1.248223263390607
placebo,882,Heatstroke,y23,-.067003137099083
placebo,882,Severe heatstroke,y24,.2058536039113642
placebo,882,Mild cold hypothermia,y33,.2386900916427556
placebo,882,Moderate cold hypothermia,y34,.9648903323237042
placebo,883,Workload,y11,.8710164278429029
placebo,883,Overload,y12,1.238379174847684
placebo,883,Heatstroke,y23,-.1516343191352849
placebo,883,Severe heatstroke,y24,.1962687992044287
placebo,883,Mild cold hypothermia,y33,-1.641566047080578
placebo,883,Moderate cold hypothermia,y34,-.4624770042869038
placebo,884,Workload,y11,1.253642713334322
placebo,884,Overload,y12,1.840801374836612
placebo,884,Heatstroke,y23,-.162913803789117
placebo,884,Severe heatstroke,y24,-.1906429695956753
placebo,884,Mild cold hypothermia,y33,.3516144577554035
placebo,884,Moderate cold hypothermia,y34,-.4633169923380193
placebo,885,Workload,y11,-.5349780573531555
placebo,885,Overload,y12,-.5881397399393409
placebo,885,Heatstroke,y23,-.6861680982533446
placebo,885,Severe heatstroke,y24,-.305490435634404
placebo,885,Mild cold hypothermia,y33,.9417206913924401
placebo,885,Moderate cold hypothermia,y34,-.203959742063879
placebo,886,Workload,y11,1.209925497033628
placebo,886,Overload,y12,.5160185967823582
placebo,886,Heatstroke,y23,-.3394965519856151
placebo,886,Severe heatstroke,y24,-.1785594170747926
placebo,886,Mild cold hypothermia,y33,.7084606308620461
placebo,886,Moderate cold hypothermia,y34,-.066008361799285
placebo,887,Workload,y11,-1.337157803054481
placebo,887,Overload,y12,-2.631226345055026
placebo,887,Heatstroke,y23,-.469778824492901
placebo,887,Severe heatstroke,y24,-.1692510947053847
placebo,887,Mild cold hypothermia,y33,.4833618750232329
placebo,887,Moderate cold hypothermia,y34,-.4024630511207681
placebo,888,Workload,y11,-1.07874460701448
placebo,888,Overload,y12,-4.333230208075371
placebo,888,Heatstroke,y23,-.3510216400870787
placebo,888,Severe heatstroke,y24,-.0138556356390889
placebo,888,Mild cold hypothermia,y33,-.2212194231364973
placebo,888,Moderate cold hypothermia,y34,-.1253063951880969
placebo,889,Workload,y11,.760630414185247
placebo,889,Overload,y12,1.19443964437103
placebo,889,Heatstroke,y23,-.2212139288938595
placebo,889,Severe heatstroke,y24,.2303457056624792
placebo,889,Mild cold hypothermia,y33,1.070724562376299
placebo,889,Moderate cold hypothermia,y34,.6806125414370597
placebo,890,Workload,y11,1.095946279040424
placebo,890,Overload,y12,4.023296836418323
placebo,890,Heatstroke,y23,-.0347878359541997
placebo,890,Severe heatstroke,y24,.1510515764768738
placebo,890,Mild cold hypothermia,y33,-.1001131077181045
placebo,890,Moderate cold hypothermia,y34,.2446200782033029
placebo,891,Workload,y11,.7742833194622588
placebo,891,Overload,y12,1.909328049321926
placebo,891,Heatstroke,y23,-.0010995634274146
placebo,891,Severe heatstroke,y24,-.01455265453238
placebo,891,Mild cold hypothermia,y33,1.62258358035991
placebo,891,Moderate cold hypothermia,y34,.7857961414538446
placebo,892,Workload,y11,-.6310896772270174
placebo,892,Overload,y12,-1.456931965294443
placebo,892,Heatstroke,y23,-.2970488502056367
placebo,892,Severe heatstroke,y24,-.1764286442257343
placebo,892,Mild cold hypothermia,y33,-1.014791489393575
placebo,892,Moderate cold hypothermia,y34,.0147647852820641
placebo,893,Workload,y11,1.063411036220614
placebo,893,Overload,y12,.8532939111823873
placebo,893,Heatstroke,y23,-.0625537851101862
placebo,893,Severe heatstroke,y24,-.1576123180544065
placebo,893,Mild cold hypothermia,y33,-1.029674136846963
placebo,893,Moderate cold hypothermia,y34,-.4331031910121743
placebo,894,Workload,y11,.5638576236250474
placebo,894,Overload,y12,1.834734625450288
placebo,894,Heatstroke,y23,-.405823636988835
placebo,894,Severe heatstroke,y24,.0487464237362747
placebo,894,Mild cold hypothermia,y33,2.738578510412937
placebo,894,Moderate cold hypothermia,y34,-.0697835356947916
placebo,895,Workload,y11,.8652530788609454
placebo,895,Overload,y12,3.108974448004945
placebo,895,Heatstroke,y23,-.2138975306359862
placebo,895,Severe heatstroke,y24,-.1457162909471488
placebo,895,Mild cold hypothermia,y33,-.2541801946527655
placebo,895,Moderate cold hypothermia,y34,-.4303614782112798
placebo,896,Workload,y11,-.4892737590540537
placebo,896,Overload,y12,-.9076374023283963
placebo,896,Heatstroke,y23,-.5377090146219304
placebo,896,Severe heatstroke,y24,-.1833490141756131
placebo,896,Mild cold hypothermia,y33,-1.862105779322184
placebo,896,Moderate cold hypothermia,y34,.2823024662264441
placebo,897,Workload,y11,.2236203507988701
placebo,897,Overload,y12,.9694554318147913
placebo,897,Heatstroke,y23,.4550258196351037
placebo,897,Severe heatstroke,y24,.2025769064659749
placebo,897,Mild cold hypothermia,y33,.5089643016850611
placebo,897,Moderate cold hypothermia,y34,-.0288391694038431
placebo,898,Workload,y11,.6562041875898884
placebo,898,Overload,y12,-.5808826551320615
placebo,898,Heatstroke,y23,-.2466062133705325
placebo,898,Severe heatstroke,y24,-.14088076994488
placebo,898,Mild cold hypothermia,y33,.5044604289989771
placebo,898,Moderate cold hypothermia,y34,-.0076360994497698
placebo,899,Workload,y11,.3386101211260045
placebo,899,Overload,y12,.1064300195701982
placebo,899,Heatstroke,y23,-.5209375275953838
placebo,899,Severe heatstroke,y24,-.1878989668644218
placebo,899,Mild cold hypothermia,y33,-.5534907270846158
placebo,899,Moderate cold hypothermia,y34,-.4478506366370028
placebo,900,Workload,y11,.3665849588376813
placebo,900,Overload,y12,-.8868204152307936
placebo,900,Heatstroke,y23,.0596495104979647
placebo,900,Severe heatstroke,y24,.1886824774387382
placebo,900,Mild cold hypothermia,y33,-.0702741795874433
placebo,900,Moderate cold hypothermia,y34,-.4919264753108281
placebo,901,Workload,y11,-.7159929195196648
placebo,901,Overload,y12,-.9029001105941272
placebo,901,Heatstroke,y23,-.2475565848899044
placebo,901,Severe heatstroke,y24,.2496224158353967
placebo,901,Mild cold hypothermia,y33,1.172086802892509
placebo,901,Moderate cold hypothermia,y34,-.2345402273752524
placebo,902,Workload,y11,-.1738807487656374
placebo,902,Overload,y12,-.8977878534893179
placebo,902,Heatstroke,y23,-.2572227385809969
placebo,902,Severe heatstroke,y24,-.3484102137798481
placebo,902,Mild cold hypothermia,y33,-.1892659749399482
placebo,902,Moderate cold hypothermia,y34,.2565277200651055
placebo,903,Workload,y11,2.962628562420872
placebo,903,Overload,y12,4.04847061019417
placebo,903,Heatstroke,y23,.4126465940683275
placebo,903,Severe heatstroke,y24,.5581136959929042
placebo,903,Mild cold hypothermia,y33,1.702995438456415
placebo,903,Moderate cold hypothermia,y34,-.0696905843227646
placebo,904,Workload,y11,.8789574756605735
placebo,904,Overload,y12,1.464330269001493
placebo,904,Heatstroke,y23,-.0607773107983372
placebo,904,Severe heatstroke,y24,-.1517651271993257
placebo,904,Mild cold hypothermia,y33,-1.371621553529348
placebo,904,Moderate cold hypothermia,y34,.1345467311667609
placebo,905,Workload,y11,.7100605700310774
placebo,905,Overload,y12,-.3948187978285966
placebo,905,Heatstroke,y23,.4653642896294916
placebo,905,Severe heatstroke,y24,.0735230171485338
placebo,905,Mild cold hypothermia,y33,1.133169478210717
placebo,905,Moderate cold hypothermia,y34,-.0190662120785382
placebo,906,Workload,y11,1.036333318040091
placebo,906,Overload,y12,2.50536481950297
placebo,906,Heatstroke,y23,-.2771525006546298
placebo,906,Severe heatstroke,y24,.2171276982389878
placebo,906,Mild cold hypothermia,y33,-.6266867750239069
placebo,906,Moderate cold hypothermia,y34,.3172247262950783
placebo,907,Workload,y11,.2318117471603893
placebo,907,Overload,y12,.6898273354778105
placebo,907,Heatstroke,y23,.0287377358658282
placebo,907,Severe heatstroke,y24,.1808255026122377
placebo,907,Mild cold hypothermia,y33,.8855846239216277
placebo,907,Moderate cold hypothermia,y34,-.2593519767410336
placebo,908,Workload,y11,.3893744558754603
placebo,908,Overload,y12,-1.200378922616888
placebo,908,Heatstroke,y23,-.3533657942762583
placebo,908,Severe heatstroke,y24,-.0108329740231595
placebo,908,Mild cold hypothermia,y33,1.936477049884104
placebo,908,Moderate cold hypothermia,y34,.0446207252876771
placebo,909,Workload,y11,-1.775558901918962
placebo,909,Overload,y12,-2.819062400527034
placebo,909,Heatstroke,y23,-.4403170309290431
placebo,909,Severe heatstroke,y24,-.336028600677603
placebo,909,Mild cold hypothermia,y33,-1.439808003343617
placebo,909,Moderate cold hypothermia,y34,-.2795042265372172
placebo,910,Workload,y11,-.3614286957463123
placebo,910,Overload,y12,-.3321608249960264
placebo,910,Heatstroke,y23,.0313399653238596
placebo,910,Severe heatstroke,y24,.1936234670354863
placebo,910,Mild cold hypothermia,y33,-1.27692606906108
placebo,910,Moderate cold hypothermia,y34,-.0557738718323772
placebo,911,Workload,y11,.0330845483473352
placebo,911,Overload,y12,.1424801890822219
placebo,911,Heatstroke,y23,-.2033070287803454
placebo,911,Severe heatstroke,y24,-.0015850962472908
placebo,911,Mild cold hypothermia,y33,-1.307218522678247
placebo,911,Moderate cold hypothermia,y34,-.6672418303095744
placebo,912,Workload,y11,-.3035086285686839
placebo,912,Overload,y12,-1.649470779275256
placebo,912,Heatstroke,y23,-.1771650778844836
placebo,912,Severe heatstroke,y24,-.0016855665371507
placebo,912,Mild cold hypothermia,y33,.136245750461822
placebo,912,Moderate cold hypothermia,y34,-.6214657147976328
placebo,913,Workload,y11,1.09177313487385
placebo,913,Overload,y12,2.616320614857699
placebo,913,Heatstroke,y23,-.1095309350570497
placebo,913,Severe heatstroke,y24,.1961982140967505
placebo,913,Mild cold hypothermia,y33,.2277291839916313
placebo,913,Moderate cold hypothermia,y34,-.6385626105431915
placebo,914,Workload,y11,1.481023584146603
placebo,914,Overload,y12,1.310363361876179
placebo,914,Heatstroke,y23,-.5263468628896801
placebo,914,Severe heatstroke,y24,-.3856337847164857
placebo,914,Mild cold hypothermia,y33,.3462025167950832
placebo,914,Moderate cold hypothermia,y34,-.021487878458015
placebo,915,Workload,y11,1.245124456937024
placebo,915,Overload,y12,2.641344169963696
placebo,915,Heatstroke,y23,-.1865759478972613
placebo,915,Severe heatstroke,y24,.0515448761813422
placebo,915,Mild cold hypothermia,y33,.3828402514300835
placebo,915,Moderate cold hypothermia,y34,.5109065714166989
placebo,916,Workload,y11,-.443013486514251
placebo,916,Overload,y12,.5648602688333546
placebo,916,Heatstroke,y23,-.2867026913545995
placebo,916,Severe heatstroke,y24,.0184080990025149
placebo,916,Mild cold hypothermia,y33,-.1267613737705017
placebo,916,Moderate cold hypothermia,y34,.3100571053168016
placebo,917,Workload,y11,.5697412049865878
placebo,917,Overload,y12,.0333007407002647
placebo,917,Heatstroke,y23,.5076303076076346
placebo,917,Severe heatstroke,y24,.6994494373441468
placebo,917,Mild cold hypothermia,y33,-.1471638286488525
placebo,917,Moderate cold hypothermia,y34,-.627605862827291
placebo,918,Workload,y11,-1.289617848791143
placebo,918,Overload,y12,-1.444953558379277
placebo,918,Heatstroke,y23,-.1685158720110322
placebo,918,Severe heatstroke,y24,.1851413062632493
placebo,918,Mild cold hypothermia,y33,-1.336847091961736
placebo,918,Moderate cold hypothermia,y34,-.1047612165840453
placebo,919,Workload,y11,.8998999841458555
placebo,919,Overload,y12,1.219275001058263
placebo,919,Heatstroke,y23,.4328173838370499
placebo,919,Severe heatstroke,y24,.3758896869221827
placebo,919,Mild cold hypothermia,y33,.0736587171731261
placebo,919,Moderate cold hypothermia,y34,.1059913286661698
placebo,920,Workload,y11,-.5686932414210747
placebo,920,Overload,y12,-3.406465561350385
placebo,920,Heatstroke,y23,-.1480366438129694
placebo,920,Severe heatstroke,y24,-.3689828811581387
placebo,920,Mild cold hypothermia,y33,-.3983606954056356
placebo,920,Moderate cold hypothermia,y34,.0700357282370604
placebo,921,Workload,y11,-.4794266966811414
placebo,921,Overload,y12,1.508738987737611
placebo,921,Heatstroke,y23,-.5735656959397968
placebo,921,Severe heatstroke,y24,-.1340958932545715
placebo,921,Mild cold hypothermia,y33,.5995975176581622
placebo,921,Moderate cold hypothermia,y34,.0116042190144941
placebo,922,Workload,y11,1.326293048051417
placebo,922,Overload,y12,1.798512912001283
placebo,922,Heatstroke,y23,.2864778206110977
placebo,922,Severe heatstroke,y24,.0203207644369497
placebo,922,Mild cold hypothermia,y33,1.391227110875108
placebo,922,Moderate cold hypothermia,y34,.4062499334110348
placebo,923,Workload,y11,-.1602282520989211
placebo,923,Overload,y12,-2.409455085052667
placebo,923,Heatstroke,y23,-.3824183970138118
placebo,923,Severe heatstroke,y24,.1439723455345525
placebo,923,Mild cold hypothermia,y33,-1.017361512968599
placebo,923,Moderate cold hypothermia,y34,.026519454153927
placebo,924,Workload,y11,.9172678411996331
placebo,924,Overload,y12,.9922326415177849
placebo,924,Heatstroke,y23,-.0393929732414068
placebo,924,Severe heatstroke,y24,-.1432291151099072
placebo,924,Mild cold hypothermia,y33,1.359276501418698
placebo,924,Moderate cold hypothermia,y34,.7161691357142254
placebo,925,Workload,y11,1.136141726989886
placebo,925,Overload,y12,2.587553619211291
placebo,925,Heatstroke,y23,.0264570961746744
placebo,925,Severe heatstroke,y24,.0242888860423085
placebo,925,Mild cold hypothermia,y33,.9579450748629555
placebo,925,Moderate cold hypothermia,y34,.0881821491151177
placebo,926,Workload,y11,.0547284773795061
placebo,926,Overload,y12,-1.831680236881708
placebo,926,Heatstroke,y23,.0035826787069295
placebo,926,Severe heatstroke,y24,.181397404680604
placebo,926,Mild cold hypothermia,y33,-.6658250827009931
placebo,926,Moderate cold hypothermia,y34,-.2605740334910904
placebo,927,Workload,y11,1.410090790125548
placebo,927,Overload,y12,1.621051097507334
placebo,927,Heatstroke,y23,.0728107786861087
placebo,927,Severe heatstroke,y24,.1915292184268306
placebo,927,Mild cold hypothermia,y33,-1.317554313892768
placebo,927,Moderate cold hypothermia,y34,.8022625726513538
placebo,928,Workload,y11,-2.181455957764714
placebo,928,Overload,y12,-3.69973725996863
placebo,928,Heatstroke,y23,-.5382933275751527
placebo,928,Severe heatstroke,y24,.0143416858823384
placebo,928,Mild cold hypothermia,y33,.4945619413059714
placebo,928,Moderate cold hypothermia,y34,-.4933240245508332
placebo,929,Workload,y11,-.4205931815261407
placebo,929,Overload,y12,.4389235530897046
placebo,929,Heatstroke,y23,-.3771789526158299
placebo,929,Severe heatstroke,y24,-.202269903303164
placebo,929,Mild cold hypothermia,y33,-1.431109781192789
placebo,929,Moderate cold hypothermia,y34,-.4726194108204047
placebo,930,Workload,y11,.393042217764881
placebo,930,Overload,y12,1.241561764690767
placebo,930,Heatstroke,y23,.1656770035666717
placebo,930,Severe heatstroke,y24,-.1441971769061813
placebo,930,Mild cold hypothermia,y33,2.821606252774559
placebo,930,Moderate cold hypothermia,y34,.1060418876582572
placebo,931,Workload,y11,-1.206381817271641
placebo,931,Overload,y12,-1.72754528370981
placebo,931,Heatstroke,y23,.4950907992520133
placebo,931,Severe heatstroke,y24,.2250821735827899
placebo,931,Mild cold hypothermia,y33,-1.19203028571502
placebo,931,Moderate cold hypothermia,y34,.296137267627138
placebo,932,Workload,y11,-.0868385040265118
placebo,932,Overload,y12,-.4209240008470151
placebo,932,Heatstroke,y23,.4891977617794622
placebo,932,Severe heatstroke,y24,.2104794812473041
placebo,932,Mild cold hypothermia,y33,-1.109440909868844
placebo,932,Moderate cold hypothermia,y34,.593166424323482
placebo,933,Workload,y11,-.803009672819568
placebo,933,Overload,y12,-.5321465683059386
placebo,933,Heatstroke,y23,-.2036054035606439
placebo,933,Severe heatstroke,y24,-.2040985827929609
placebo,933,Mild cold hypothermia,y33,.8276764089285974
placebo,933,Moderate cold hypothermia,y34,.2712404285965439
placebo,934,Workload,y11,-1.35861340971494
placebo,934,Overload,y12,-3.227526884227281
placebo,934,Heatstroke,y23,-.5729769051691698
placebo,934,Severe heatstroke,y24,-.1859784681293315
placebo,934,Mild cold hypothermia,y33,-.9264206222885882
placebo,934,Moderate cold hypothermia,y34,.2333977160661097
placebo,935,Workload,y11,.6335410423768436
placebo,935,Overload,y12,.1450761641309903
placebo,935,Heatstroke,y23,.4722333417673705
placebo,935,Severe heatstroke,y24,.391276260139838
placebo,935,Mild cold hypothermia,y33,-1.889063481851516
placebo,935,Moderate cold hypothermia,y34,-.2642457005212199
placebo,936,Workload,y11,-.1917747530540102
placebo,936,Overload,y12,.2057922919738996
placebo,936,Heatstroke,y23,.2460408375024885
placebo,936,Severe heatstroke,y24,.3796969155193282
placebo,936,Mild cold hypothermia,y33,.82957377482119
placebo,936,Moderate cold hypothermia,y34,-.3020670938622059
placebo,937,Workload,y11,1.848968754407737
placebo,937,Overload,y12,2.504941836971293
placebo,937,Heatstroke,y23,.0269767816842346
placebo,937,Severe heatstroke,y24,.2002174985926429
placebo,937,Mild cold hypothermia,y33,-.229352185151995
placebo,937,Moderate cold hypothermia,y34,-.2533710222272818
placebo,938,Workload,y11,.7629068356006127
placebo,938,Overload,y12,2.132079598733189
placebo,938,Heatstroke,y23,.4063158207354625
placebo,938,Severe heatstroke,y24,-.0013706374823224
placebo,938,Mild cold hypothermia,y33,-.8097897713086859
placebo,938,Moderate cold hypothermia,y34,.7060868999183605
placebo,939,Workload,y11,-.3810017714553444
placebo,939,Overload,y12,-2.377063924508332
placebo,939,Heatstroke,y23,.3102065698845289
placebo,939,Severe heatstroke,y24,.3972614701483728
placebo,939,Mild cold hypothermia,y33,-.4873496078110831
placebo,939,Moderate cold hypothermia,y34,.231825916834409
placebo,940,Workload,y11,.2454297831739864
placebo,940,Overload,y12,-.4019865877791571
placebo,940,Heatstroke,y23,-.4134079430284242
placebo,940,Severe heatstroke,y24,-.1510844456729429
placebo,940,Mild cold hypothermia,y33,-.902096209140182
placebo,940,Moderate cold hypothermia,y34,-.0984553761752865
placebo,941,Workload,y11,-.903038260285479
placebo,941,Overload,y12,-.2113115322926568
placebo,941,Heatstroke,y23,.3242815751688101
placebo,941,Severe heatstroke,y24,-.148469441797907
placebo,941,Mild cold hypothermia,y33,1.459031025391648
placebo,941,Moderate cold hypothermia,y34,-.4350118361394958
placebo,942,Workload,y11,.9948978356286745
placebo,942,Overload,y12,1.017882116674402
placebo,942,Heatstroke,y23,.1550429577984727
placebo,942,Severe heatstroke,y24,-.19780019686275
placebo,942,Mild cold hypothermia,y33,.3369935506046531
placebo,942,Moderate cold hypothermia,y34,-.1268042099452926
placebo,943,Workload,y11,-.8803843139712447
placebo,943,Overload,y12,-.0575302285188254
placebo,943,Heatstroke,y23,-.7187895085226019
placebo,943,Severe heatstroke,y24,-.3798199385954931
placebo,943,Mild cold hypothermia,y33,-.0309740025824075
placebo,943,Moderate cold hypothermia,y34,.4457828235488254
placebo,944,Workload,y11,.3560139529928766
placebo,944,Overload,y12,2.057483701243463
placebo,944,Heatstroke,y23,-.1097476521820451
placebo,944,Severe heatstroke,y24,.0106960720931195
placebo,944,Mild cold hypothermia,y33,.9173374401652697
placebo,944,Moderate cold hypothermia,y34,-.3166965573415565
placebo,945,Workload,y11,.201847653580658
placebo,945,Overload,y12,.748354500831387
placebo,945,Heatstroke,y23,-.1633003090919073
placebo,945,Severe heatstroke,y24,-.1853687268072236
placebo,945,Mild cold hypothermia,y33,-.5295225153373829
placebo,945,Moderate cold hypothermia,y34,.0050024852721307
placebo,946,Workload,y11,.1550111068074948
placebo,946,Overload,y12,1.377638396509635
placebo,946,Heatstroke,y23,.3967126018937982
placebo,946,Severe heatstroke,y24,-.3593178576302943
placebo,946,Mild cold hypothermia,y33,.1602503310158841
placebo,946,Moderate cold hypothermia,y34,.7501204343857834
placebo,947,Workload,y11,-1.165296950438103
placebo,947,Overload,y12,-1.760581927657589
placebo,947,Heatstroke,y23,-.3393573508777078
placebo,947,Severe heatstroke,y24,.0247574455047204
placebo,947,Mild cold hypothermia,y33,.8783966462918407
placebo,947,Moderate cold hypothermia,y34,-.2574766725413321
placebo,948,Workload,y11,.7444293649630817
placebo,948,Overload,y12,-1.457848802158958
placebo,948,Heatstroke,y23,-.2922646046232097
placebo,948,Severe heatstroke,y24,.0046234134680902
placebo,948,Mild cold hypothermia,y33,.8217643579673986
placebo,948,Moderate cold hypothermia,y34,-.000531566571301
placebo,949,Workload,y11,.6887222605020895
placebo,949,Overload,y12,2.199045387088128
placebo,949,Heatstroke,y23,-.0588470840740618
placebo,949,Severe heatstroke,y24,-.1440259354199966
placebo,949,Mild cold hypothermia,y33,-.2572052826021949
placebo,949,Moderate cold hypothermia,y34,.1069283345185102
placebo,950,Workload,y11,.857848344107367
placebo,950,Overload,y12,-2.140480124933946
placebo,950,Heatstroke,y23,.4913781783742419
placebo,950,Severe heatstroke,y24,.3468411006840318
placebo,950,Mild cold hypothermia,y33,-.2904504837706198
placebo,950,Moderate cold hypothermia,y34,-.2685392922307341
placebo,951,Workload,y11,.239373555432757
placebo,951,Overload,y12,.3446020766033574
placebo,951,Heatstroke,y23,-.3328471243540541
placebo,951,Severe heatstroke,y24,.0160570846812329
placebo,951,Mild cold hypothermia,y33,-2.588639948740627
placebo,951,Moderate cold hypothermia,y34,.1558933244801572
placebo,952,Workload,y11,-.458527494409608
placebo,952,Overload,y12,-.8495660245042298
placebo,952,Heatstroke,y23,.5382791542415554
placebo,952,Severe heatstroke,y24,.1648386316884651
placebo,952,Mild cold hypothermia,y33,-1.708528236303825
placebo,952,Moderate cold hypothermia,y34,-.2668499322358757
placebo,953,Workload,y11,.0341534744349997
placebo,953,Overload,y12,2.377858800100576
placebo,953,Heatstroke,y23,-.2367399169855158
placebo,953,Severe heatstroke,y24,-.3360916057252313
placebo,953,Mild cold hypothermia,y33,.7247497953530592
placebo,953,Moderate cold hypothermia,y34,1.274548170920041
placebo,954,Workload,y11,.1203700594148601
placebo,954,Overload,y12,.6167244063708516
placebo,954,Heatstroke,y23,.295935564779386
placebo,954,Severe heatstroke,y24,.2119340897715239
placebo,954,Mild cold hypothermia,y33,-2.073566473819575
placebo,954,Moderate cold hypothermia,y34,-.0650964151117591
placebo,955,Workload,y11,.7988137966580432
placebo,955,Overload,y12,2.184501427562143
placebo,955,Heatstroke,y23,.0573328564537092
placebo,955,Severe heatstroke,y24,-.1618931474439941
placebo,955,Mild cold hypothermia,y33,2.159013989531774
placebo,955,Moderate cold hypothermia,y34,-.304168319432656
placebo,956,Workload,y11,-.4263530183872884
placebo,956,Overload,y12,.3952138864830235
placebo,956,Heatstroke,y23,.0747232765507495
placebo,956,Severe heatstroke,y24,-.1759325618492298
placebo,956,Mild cold hypothermia,y33,-1.103896377629838
placebo,956,Moderate cold hypothermia,y34,-.2819946344604593
placebo,957,Workload,y11,.8398025887345228
placebo,957,Overload,y12,1.896379526973578
placebo,957,Heatstroke,y23,-.1533076635455669
placebo,957,Severe heatstroke,y24,-.1765492037205121
placebo,957,Mild cold hypothermia,y33,1.223039647813457
placebo,957,Moderate cold hypothermia,y34,.0988369704361235
placebo,958,Workload,y11,-.483521856571451
placebo,958,Overload,y12,-1.186446258613496
placebo,958,Heatstroke,y23,-.3099990233928158
placebo,958,Severe heatstroke,y24,.2083952824937875
placebo,958,Mild cold hypothermia,y33,-1.834749760780922
placebo,958,Moderate cold hypothermia,y34,-.2251016969513878
placebo,959,Workload,y11,-.1320376295323639
placebo,959,Overload,y12,-.9771862679254205
placebo,959,Heatstroke,y23,.3366054633861437
placebo,959,Severe heatstroke,y24,.1596759187840285
placebo,959,Mild cold hypothermia,y33,-1.695028643334336
placebo,959,Moderate cold hypothermia,y34,-.2475541161960506
placebo,960,Workload,y11,.6155702566487697
placebo,960,Overload,y12,.2229395655699118
placebo,960,Heatstroke,y23,.3009880047731674
placebo,960,Severe heatstroke,y24,.4000590989896391
placebo,960,Mild cold hypothermia,y33,-.8955327990594977
placebo,960,Moderate cold hypothermia,y34,.0918247596103205
placebo,961,Workload,y11,-.0740245673448437
placebo,961,Overload,y12,-1.977992657063958
placebo,961,Heatstroke,y23,-.4012960896571833
placebo,961,Severe heatstroke,y24,.0492249926508565
placebo,961,Mild cold hypothermia,y33,.1872978820770513
placebo,961,Moderate cold hypothermia,y34,-.2344867703621185
placebo,962,Workload,y11,-1.227592500593995
placebo,962,Overload,y12,-.5260363827079965
placebo,962,Heatstroke,y23,-.3575784808997184
placebo,962,Severe heatstroke,y24,-.1871348631780078
placebo,962,Mild cold hypothermia,y33,-3.253383040188515
placebo,962,Moderate cold hypothermia,y34,-.4965167635457366
placebo,963,Workload,y11,.8074760943452557
placebo,963,Overload,y12,1.585743973156596
placebo,963,Heatstroke,y23,-.1812074356371456
placebo,963,Severe heatstroke,y24,.2568112494185777
placebo,963,Mild cold hypothermia,y33,.7990586759779067
placebo,963,Moderate cold hypothermia,y34,.1270131209781167
placebo,964,Workload,y11,.3778372308236296
placebo,964,Overload,y12,.7204415948478434
placebo,964,Heatstroke,y23,.5682563951101643
placebo,964,Severe heatstroke,y24,.3571815630496499
placebo,964,Mild cold hypothermia,y33,-.9983132058251819
placebo,964,Moderate cold hypothermia,y34,-.4888264665745655
placebo,965,Workload,y11,-.0348124966276755
placebo,965,Overload,y12,1.466116932902215
placebo,965,Heatstroke,y23,-.3195251860180257
placebo,965,Severe heatstroke,y24,-.1821441890863895
placebo,965,Mild cold hypothermia,y33,-.2391002482182895
placebo,965,Moderate cold hypothermia,y34,.1196705927013051
placebo,966,Workload,y11,.00444877989068
placebo,966,Overload,y12,-.6562774762868825
placebo,966,Heatstroke,y23,-.2186332467300536
placebo,966,Severe heatstroke,y24,.0664015476024434
placebo,966,Mild cold hypothermia,y33,-2.616568460552881
placebo,966,Moderate cold hypothermia,y34,-.609342207622927
placebo,967,Workload,y11,.5608955038035561
placebo,967,Overload,y12,.8442069885564784
placebo,967,Heatstroke,y23,-.0092233455263319
placebo,967,Severe heatstroke,y24,-.1981485442661518
placebo,967,Mild cold hypothermia,y33,-.3082511168412859
placebo,967,Moderate cold hypothermia,y34,-.1140483456801849
placebo,968,Workload,y11,-1.789118609678594
placebo,968,Overload,y12,-4.474001054237423
placebo,968,Heatstroke,y23,-.2492653340743287
placebo,968,Severe heatstroke,y24,.0655566707010624
placebo,968,Mild cold hypothermia,y33,.309991936188432
placebo,968,Moderate cold hypothermia,y34,-.0207665962632339
placebo,969,Workload,y11,-.3894299742429935
placebo,969,Overload,y12,.6048674432403801
placebo,969,Heatstroke,y23,-.3545143595792717
placebo,969,Severe heatstroke,y24,-.183276322018284
placebo,969,Mild cold hypothermia,y33,.8586560119988415
placebo,969,Moderate cold hypothermia,y34,.8142790129003656
placebo,970,Workload,y11,-1.110144358180361
placebo,970,Overload,y12,-1.181788646426496
placebo,970,Heatstroke,y23,-.8596822683762059
placebo,970,Severe heatstroke,y24,-.3515826190242201
placebo,970,Mild cold hypothermia,y33,.9630270531646897
placebo,970,Moderate cold hypothermia,y34,.6713383248996123
placebo,971,Workload,y11,-.3129276195279506
placebo,971,Overload,y12,-1.69566502356699
placebo,971,Heatstroke,y23,.0540950717114451
placebo,971,Severe heatstroke,y24,.0061468488325206
placebo,971,Mild cold hypothermia,y33,.7035207409450864
placebo,971,Moderate cold hypothermia,y34,-.4605597958703213
placebo,972,Workload,y11,-.094420397245385
placebo,972,Overload,y12,-1.56955923632108
placebo,972,Heatstroke,y23,.0228030861555411
placebo,972,Severe heatstroke,y24,.1948439054114975
placebo,972,Mild cold hypothermia,y33,-.0351640034791974
placebo,972,Moderate cold hypothermia,y34,.3282253537773853
placebo,973,Workload,y11,.6050377889219338
placebo,973,Overload,y12,.0480220769125381
placebo,973,Heatstroke,y23,.4289716075322628
placebo,973,Severe heatstroke,y24,.0135984060149868
placebo,973,Mild cold hypothermia,y33,-.970177481484217
placebo,973,Moderate cold hypothermia,y34,.679468415197623
placebo,974,Workload,y11,-.5980291021062545
placebo,974,Overload,y12,-2.078065413926071
placebo,974,Heatstroke,y23,.4529100218793914
placebo,974,Severe heatstroke,y24,.2204035263842069
placebo,974,Mild cold hypothermia,y33,-2.223911400661057
placebo,974,Moderate cold hypothermia,y34,.3291667865278031
placebo,975,Workload,y11,-.9606371218854353
placebo,975,Overload,y12,2.178663548989207
placebo,975,Heatstroke,y23,-.1556729875146628
placebo,975,Severe heatstroke,y24,-.1749053243972097
placebo,975,Mild cold hypothermia,y33,-.6104251426696796
placebo,975,Moderate cold hypothermia,y34,.0013942788250656
placebo,976,Workload,y11,.503617028084075
placebo,976,Overload,y12,3.119948947529553
placebo,976,Heatstroke,y23,.5210855451680652
placebo,976,Severe heatstroke,y24,.5253506655288241
placebo,976,Mild cold hypothermia,y33,1.044303276358302
placebo,976,Moderate cold hypothermia,y34,.0913905898915424
placebo,977,Workload,y11,.4031658070443538
placebo,977,Overload,y12,.4955613086838009
placebo,977,Heatstroke,y23,.2394034574551642
placebo,977,Severe heatstroke,y24,.013514065569622
placebo,977,Mild cold hypothermia,y33,-.3836387316494151
placebo,977,Moderate cold hypothermia,y34,-.0222858854134131
placebo,978,Workload,y11,.396271371927638
placebo,978,Overload,y12,.9375199424537098
placebo,978,Heatstroke,y23,.0176386747912175
placebo,978,Severe heatstroke,y24,.0115253331063765
placebo,978,Mild cold hypothermia,y33,-1.216182151360514
placebo,978,Moderate cold hypothermia,y34,-.6213291517209695
placebo,979,Workload,y11,-.8020113184442151
placebo,979,Overload,y12,.1627077425486123
placebo,979,Heatstroke,y23,.0616874408471976
placebo,979,Severe heatstroke,y24,.0065715134882657
placebo,979,Mild cold hypothermia,y33,.336270879726121
placebo,979,Moderate cold hypothermia,y34,.2357373907385074
placebo,980,Workload,y11,-.3303410438798199
placebo,980,Overload,y12,.5667571100551393
placebo,980,Heatstroke,y23,.0865617568976748
placebo,980,Severe heatstroke,y24,.2034308766311827
placebo,980,Mild cold hypothermia,y33,.9090310676108246
placebo,980,Moderate cold hypothermia,y34,.2667194890586784
placebo,981,Workload,y11,.47179174317073
placebo,981,Overload,y12,.110142246675586
placebo,981,Heatstroke,y23,-.2331651222963415
placebo,981,Severe heatstroke,y24,-.0311128400154214
placebo,981,Mild cold hypothermia,y33,-1.373408466917353
placebo,981,Moderate cold hypothermia,y34,.2688774806418454
placebo,982,Workload,y11,-.3031354238724369
placebo,982,Overload,y12,-1.83845294467942
placebo,982,Heatstroke,y23,-.6699111396727766
placebo,982,Severe heatstroke,y24,-.1605289628520591
placebo,982,Mild cold hypothermia,y33,-.3240436562275451
placebo,982,Moderate cold hypothermia,y34,.3809319930364372
placebo,983,Workload,y11,1.087850820153296
placebo,983,Overload,y12,1.248182354720151
placebo,983,Heatstroke,y23,1.349951054927783
placebo,983,Severe heatstroke,y24,.1853267353976673
placebo,983,Mild cold hypothermia,y33,-.115236266960624
placebo,983,Moderate cold hypothermia,y34,-.2636880780951125
placebo,984,Workload,y11,-.6648526891720415
placebo,984,Overload,y12,-2.868579877546724
placebo,984,Heatstroke,y23,-.0966259222825999
placebo,984,Severe heatstroke,y24,-.1737198127079284
placebo,984,Mild cold hypothermia,y33,-.6556990764755312
placebo,984,Moderate cold hypothermia,y34,-.0701132869335554
placebo,985,Workload,y11,.1595740395260844
placebo,985,Overload,y12,3.85886528698303
placebo,985,Heatstroke,y23,-.007185029110747
placebo,985,Severe heatstroke,y24,-.1343297118531064
placebo,985,Mild cold hypothermia,y33,.0207340865894315
placebo,985,Moderate cold hypothermia,y34,.130938538806198
placebo,986,Workload,y11,-.244016598039849
placebo,986,Overload,y12,-.2658298992541557
placebo,986,Heatstroke,y23,.1182348081425493
placebo,986,Severe heatstroke,y24,.0251197223382757
placebo,986,Mild cold hypothermia,y33,.0128816077648852
placebo,986,Moderate cold hypothermia,y34,-.0494189018458253
placebo,987,Workload,y11,.3349437119682289
placebo,987,Overload,y12,-.6371687855043755
placebo,987,Heatstroke,y23,.3153908675613062
placebo,987,Severe heatstroke,y24,-.3624447095961276
placebo,987,Mild cold hypothermia,y33,-.0372018677618663
placebo,987,Moderate cold hypothermia,y34,-.4093020018310076
placebo,988,Workload,y11,.4139696471171072
placebo,988,Overload,y12,.3163085491041553
placebo,988,Heatstroke,y23,-.2176949864683498
placebo,988,Severe heatstroke,y24,.2557183320127776
placebo,988,Mild cold hypothermia,y33,.6545464493750025
placebo,988,Moderate cold hypothermia,y34,.4180370378817306
placebo,989,Workload,y11,-.0449857293386904
placebo,989,Overload,y12,-1.958965552969229
placebo,989,Heatstroke,y23,.0179862757579085
placebo,989,Severe heatstroke,y24,.0192098649619734
placebo,989,Mild cold hypothermia,y33,.840809586000833
placebo,989,Moderate cold hypothermia,y34,.2202660763145758
placebo,990,Workload,y11,.2980703277909751
placebo,990,Overload,y12,.8968667362122879
placebo,990,Heatstroke,y23,.2404142306554047
placebo,990,Severe heatstroke,y24,.0214188472375443
placebo,990,Mild cold hypothermia,y33,.142156257238484
placebo,990,Moderate cold hypothermia,y34,.2965622175890831
placebo,991,Workload,y11,.3512005121746377
placebo,991,Overload,y12,2.486865262642477
placebo,991,Heatstroke,y23,-.8453412249951218
placebo,991,Severe heatstroke,y24,-.1738109270681273
placebo,991,Mild cold hypothermia,y33,.0042990380187921
placebo,991,Moderate cold hypothermia,y34,.2496393463132859
placebo,992,Workload,y11,-.0020723054368776
placebo,992,Overload,y12,3.610412471596041
placebo,992,Heatstroke,y23,-.1229449583032266
placebo,992,Severe heatstroke,y24,-.1177758916681436
placebo,992,Mild cold hypothermia,y33,1.182856322548872
placebo,992,Moderate cold hypothermia,y34,.2036935789691719
placebo,993,Workload,y11,-.9892976905141767
placebo,993,Overload,y12,-1.779199869068075
placebo,993,Heatstroke,y23,.1186361636286596
placebo,993,Severe heatstroke,y24,-.2236893068008594
placebo,993,Mild cold hypothermia,y33,-.308637904110266
placebo,993,Moderate cold hypothermia,y34,-.6582225118269336
placebo,994,Workload,y11,.37516961183784
placebo,994,Overload,y12,.192945527543046
placebo,994,Heatstroke,y23,.0174174378081238
placebo,994,Severe heatstroke,y24,.3782345199023225
placebo,994,Mild cold hypothermia,y33,-.2728883521833228
placebo,994,Moderate cold hypothermia,y34,-.0117549608584134
placebo,995,Workload,y11,-.8590187274732155
placebo,995,Overload,y12,-1.662372169924321
placebo,995,Heatstroke,y23,.0843894306962389
placebo,995,Severe heatstroke,y24,-.1746702858631558
placebo,995,Mild cold hypothermia,y33,-.0793678251889023
placebo,995,Moderate cold hypothermia,y34,-.051742768667012
placebo,996,Workload,y11,.8758085215473392
placebo,996,Overload,y12,1.322838336272895
placebo,996,Heatstroke,y23,.7389139110061573
placebo,996,Severe heatstroke,y24,.6196395450259519
placebo,996,Mild cold hypothermia,y33,-1.993620217224286
placebo,996,Moderate cold hypothermia,y34,-.0248928092042147
placebo,997,Workload,y11,-1.692731463690335
placebo,997,Overload,y12,-1.689975391235308
placebo,997,Heatstroke,y23,-.1011969143884284
placebo,997,Severe heatstroke,y24,.0169350971344735
placebo,997,Mild cold hypothermia,y33,-.3006362604386769
placebo,997,Moderate cold hypothermia,y34,.3406533482378312
placebo,998,Workload,y11,1.585878973071109
placebo,998,Overload,y12,2.720021430168465
placebo,998,Heatstroke,y23,.0149976099256734
placebo,998,Severe heatstroke,y24,.2500712975312758
placebo,998,Mild cold hypothermia,y33,1.382777376169064
placebo,998,Moderate cold hypothermia,y34,.1407010527929685
placebo,999,Workload,y11,.737940684180427
placebo,999,Overload,y12,-2.511607386735829
placebo,999,Heatstroke,y23,-.0729948393831136
placebo,999,Severe heatstroke,y24,.4051737227035811
placebo,999,Mild cold hypothermia,y33,1.534333781566925
placebo,999,Moderate cold hypothermia,y34,-.0454583469728759
placebo,1000,Workload,y11,-.2802649557949044
placebo,1000,Overload,y12,.86001108449081
placebo,1000,Heatstroke,y23,-.0933422766012355
placebo,1000,Severe heatstroke,y24,-.3606798158884891
placebo,1000,Mild cold hypothermia,y33,-.2350078612558273
placebo,1000,Moderate cold hypothermia,y34,-.0698861384143394
