type,rep,outcome,yvar,coef
true,0,Workload,y11,5.621769478856383
true,0,Overload,y12,17.86270298737458
true,0,Heatstroke,y23,1.716099821009708
true,0,Severe heatstroke,y24,.7301907486017771
true,0,Mild cold hypothermia,y33,4.225801642881657
true,0,Moderate cold hypothermia,y34,.9867202155030013
placebo,1,Workload,y11,.3191395783835385
placebo,1,Overload,y12,.0676379425945204
placebo,1,Heatstroke,y23,-.1335766777383552
placebo,1,Severe heatstroke,y24,-.1198055975176165
placebo,1,Mild cold hypothermia,y33,.0522120521942856
placebo,1,Moderate cold hypothermia,y34,-.1157152818628917
placebo,2,Workload,y11,.3510418082247456
placebo,2,Overload,y12,.5295380763817035
placebo,2,Heatstroke,y23,.1384963728931173
placebo,2,Severe heatstroke,y24,-.0654786138789343
placebo,2,Mild cold hypothermia,y33,-.3760245575617156
placebo,2,Moderate cold hypothermia,y34,.2516713106014815
placebo,3,Workload,y11,-.2380312304234364
placebo,3,Overload,y12,.7686235645346722
placebo,3,Heatstroke,y23,-.3531196676535975
placebo,3,Severe heatstroke,y24,-.128606016879776
placebo,3,Mild cold hypothermia,y33,-.0501239269717529
placebo,3,Moderate cold hypothermia,y34,-.208036378973386
placebo,4,Workload,y11,1.204669124536953
placebo,4,Overload,y12,1.320222977920797
placebo,4,Heatstroke,y23,.1298438965085347
placebo,4,Severe heatstroke,y24,-.0664240076411393
placebo,4,Mild cold hypothermia,y33,-1.287441248914819
placebo,4,Moderate cold hypothermia,y34,-.1967060140085849
placebo,5,Workload,y11,-.4410433366725658
placebo,5,Overload,y12,-.7686807116976072
placebo,5,Heatstroke,y23,-.311943690583725
placebo,5,Severe heatstroke,y24,-.1146313293045219
placebo,5,Mild cold hypothermia,y33,.6636990237869952
placebo,5,Moderate cold hypothermia,y34,.4002390602836988
placebo,6,Workload,y11,-.520202160681645
placebo,6,Overload,y12,-1.606934823518411
placebo,6,Heatstroke,y23,-.3180142535978418
placebo,6,Severe heatstroke,y24,-.1160308975052223
placebo,6,Mild cold hypothermia,y33,.7279487056890824
placebo,6,Moderate cold hypothermia,y34,-.1620739693101546
placebo,7,Workload,y11,-.6820849029296037
placebo,7,Overload,y12,-2.197036347526134
placebo,7,Heatstroke,y23,-.2939243621836422
placebo,7,Severe heatstroke,y24,-.1078691053548254
placebo,7,Mild cold hypothermia,y33,.1037620102216582
placebo,7,Moderate cold hypothermia,y34,-.0371533025789155
placebo,8,Workload,y11,.2616531254469415
placebo,8,Overload,y12,-.9812991328244201
placebo,8,Heatstroke,y23,.4592826522194494
placebo,8,Severe heatstroke,y24,.3503465523087741
placebo,8,Mild cold hypothermia,y33,-.0936681442764578
placebo,8,Moderate cold hypothermia,y34,.1952560335058773
placebo,9,Workload,y11,.2764261024818123
placebo,9,Overload,y12,.7878537132520532
placebo,9,Heatstroke,y23,-.3294372385462503
placebo,9,Severe heatstroke,y24,-.1198841573760632
placebo,9,Mild cold hypothermia,y33,-1.144318863807017
placebo,9,Moderate cold hypothermia,y34,-.2184810724706478
placebo,10,Workload,y11,-.4127606962890852
placebo,10,Overload,y12,-.424065600381291
placebo,10,Heatstroke,y23,.6365073409068716
placebo,10,Severe heatstroke,y24,.3478453481086528
placebo,10,Mild cold hypothermia,y33,.2800788322378716
placebo,10,Moderate cold hypothermia,y34,-.2231092549331381
placebo,11,Workload,y11,-.0261015565580286
placebo,11,Overload,y12,.5191944618642643
placebo,11,Heatstroke,y23,-.3090583626475362
placebo,11,Severe heatstroke,y24,-.1132893103102431
placebo,11,Mild cold hypothermia,y33,.0926919433308982
placebo,11,Moderate cold hypothermia,y34,-.0290877697942678
placebo,12,Workload,y11,1.366528868898488
placebo,12,Overload,y12,2.747586647187885
placebo,12,Heatstroke,y23,.9148010068630024
placebo,12,Severe heatstroke,y24,.4049333445942198
placebo,12,Mild cold hypothermia,y33,-.1746681233759101
placebo,12,Moderate cold hypothermia,y34,-.0292230217742591
placebo,13,Workload,y11,-.1962529788402408
placebo,13,Overload,y12,-.5209660009884194
placebo,13,Heatstroke,y23,-.3223137511202441
placebo,13,Severe heatstroke,y24,-.1179050158502231
placebo,13,Mild cold hypothermia,y33,.3607857531027561
placebo,13,Moderate cold hypothermia,y34,.0400982809500164
placebo,14,Workload,y11,-.4217608873872339
placebo,14,Overload,y12,.2762909908611677
placebo,14,Heatstroke,y23,-.3347888532890623
placebo,14,Severe heatstroke,y24,-.122302093464345
placebo,14,Mild cold hypothermia,y33,-.8238074149614432
placebo,14,Moderate cold hypothermia,y34,-.1195748997034506
placebo,15,Workload,y11,-.3653943960618785
placebo,15,Overload,y12,-.4668745800992206
placebo,15,Heatstroke,y23,-.3260345231462601
placebo,15,Severe heatstroke,y24,-.1188178252458796
placebo,15,Mild cold hypothermia,y33,-.0440172141761253
placebo,15,Moderate cold hypothermia,y34,-.1843121614197959
placebo,16,Workload,y11,-.1463061320921464
placebo,16,Overload,y12,.7764715685783816
placebo,16,Heatstroke,y23,-.186804402790539
placebo,16,Severe heatstroke,y24,-.1362131504186098
placebo,16,Mild cold hypothermia,y33,.4420960811764679
placebo,16,Moderate cold hypothermia,y34,.3079043037800417
placebo,17,Workload,y11,.3893892934773007
placebo,17,Overload,y12,1.973438740907347
placebo,17,Heatstroke,y23,-.3270630113986736
placebo,17,Severe heatstroke,y24,-.1196506527425164
placebo,17,Mild cold hypothermia,y33,-.2288946304242892
placebo,17,Moderate cold hypothermia,y34,-.0903851578540312
placebo,18,Workload,y11,.1046436165966327
placebo,18,Overload,y12,-.8885835429356751
placebo,18,Heatstroke,y23,-.3212937092928233
placebo,18,Severe heatstroke,y24,-.1174398194830391
placebo,18,Mild cold hypothermia,y33,-.6143910025502057
placebo,18,Moderate cold hypothermia,y34,-.1649278238805842
placebo,19,Workload,y11,.0949671185333432
placebo,19,Overload,y12,2.031470627572264
placebo,19,Heatstroke,y23,-.3523106418963886
placebo,19,Severe heatstroke,y24,-.1282825048136473
placebo,19,Mild cold hypothermia,y33,1.704926120446763
placebo,19,Moderate cold hypothermia,y34,.2056098518167889
placebo,20,Workload,y11,-.6308570906527552
placebo,20,Overload,y12,-2.086877235619528
placebo,20,Heatstroke,y23,-.322999213195817
placebo,20,Severe heatstroke,y24,-.1175843447468446
placebo,20,Mild cold hypothermia,y33,-.3945930541674173
placebo,20,Moderate cold hypothermia,y34,-.0787518604392889
placebo,21,Workload,y11,-.213013041020845
placebo,21,Overload,y12,-.178315270927082
placebo,21,Heatstroke,y23,-.3440146393485965
placebo,21,Severe heatstroke,y24,-.1256240889356456
placebo,21,Mild cold hypothermia,y33,1.054971135745997
placebo,21,Moderate cold hypothermia,y34,.2529383943185873
placebo,22,Workload,y11,-.1239725792094194
placebo,22,Overload,y12,-.7888816817589757
placebo,22,Heatstroke,y23,.1615084623121433
placebo,22,Severe heatstroke,y24,-.0553532396363061
placebo,22,Mild cold hypothermia,y33,-.059329485217986
placebo,22,Moderate cold hypothermia,y34,.0841242320783574
placebo,23,Workload,y11,-.1199042613021056
placebo,23,Overload,y12,.0195670827588293
placebo,23,Heatstroke,y23,-.3517107898647595
placebo,23,Severe heatstroke,y24,-.1285818462242822
placebo,23,Mild cold hypothermia,y33,.5768194400648857
placebo,23,Moderate cold hypothermia,y34,.3346213775175302
placebo,24,Workload,y11,.3517559302875383
placebo,24,Overload,y12,1.691941532489666
placebo,24,Heatstroke,y23,.3100117974757849
placebo,24,Severe heatstroke,y24,-.0710522609870306
placebo,24,Mild cold hypothermia,y33,.0288675298213924
placebo,24,Moderate cold hypothermia,y34,.1974857943886594
placebo,25,Workload,y11,-.7226623541892245
placebo,25,Overload,y12,-1.210259416606134
placebo,25,Heatstroke,y23,-.3095105651196631
placebo,25,Severe heatstroke,y24,-.1134260755832549
placebo,25,Mild cold hypothermia,y33,-.2724517826989356
placebo,25,Moderate cold hypothermia,y34,.0770499039319458
placebo,26,Workload,y11,-.1726719568077219
placebo,26,Overload,y12,-.3259139624127017
placebo,26,Heatstroke,y23,-.3114842327927507
placebo,26,Severe heatstroke,y24,-.1141865453597671
placebo,26,Mild cold hypothermia,y33,-.7659072388521381
placebo,26,Moderate cold hypothermia,y34,-.2263578087152982
placebo,27,Workload,y11,-.5250090592470039
placebo,27,Overload,y12,-.7249260748238905
placebo,27,Heatstroke,y23,.1352194636658618
placebo,27,Severe heatstroke,y24,-.0681027345663728
placebo,27,Mild cold hypothermia,y33,-.086451165530156
placebo,27,Moderate cold hypothermia,y34,-.0767815545073118
placebo,28,Workload,y11,-.1842779141398155
placebo,28,Overload,y12,-2.223748362892567
placebo,28,Heatstroke,y23,-.3244256172710798
placebo,28,Severe heatstroke,y24,-.1182593926872334
placebo,28,Mild cold hypothermia,y33,-.3575292649081481
placebo,28,Moderate cold hypothermia,y34,-.0834395534447169
placebo,29,Workload,y11,-.2731227485124046
placebo,29,Overload,y12,-.6138293986604221
placebo,29,Heatstroke,y23,-.3168055302408834
placebo,29,Severe heatstroke,y24,-.1160014079730741
placebo,29,Mild cold hypothermia,y33,.1489762329807724
placebo,29,Moderate cold hypothermia,y34,.1012742705589114
placebo,30,Workload,y11,-.437461842083042
placebo,30,Overload,y12,-.4546227120717445
placebo,30,Heatstroke,y23,-.3473242696774591
placebo,30,Severe heatstroke,y24,-.1267191703034189
placebo,30,Mild cold hypothermia,y33,.4857524100719088
placebo,30,Moderate cold hypothermia,y34,-.0424975096572231
placebo,31,Workload,y11,-.2607948663469786
placebo,31,Overload,y12,1.227489685366137
placebo,31,Heatstroke,y23,-.3281184551976769
placebo,31,Severe heatstroke,y24,-.1200453147278779
placebo,31,Mild cold hypothermia,y33,.8246498575038925
placebo,31,Moderate cold hypothermia,y34,.2488327798830612
placebo,32,Workload,y11,.6072493013172064
placebo,32,Overload,y12,.0642145902317133
placebo,32,Heatstroke,y23,.4207868129615937
placebo,32,Severe heatstroke,y24,.3388087600366388
placebo,32,Mild cold hypothermia,y33,-.8137107750012257
placebo,32,Moderate cold hypothermia,y34,-.1947944098528625
placebo,33,Workload,y11,.3530409387009414
placebo,33,Overload,y12,.7264073269166268
placebo,33,Heatstroke,y23,.1175255067103555
placebo,33,Severe heatstroke,y24,-.0733491899741465
placebo,33,Mild cold hypothermia,y33,.2688128953911444
placebo,33,Moderate cold hypothermia,y34,-.0885229313374158
placebo,34,Workload,y11,.5146926361877697
placebo,34,Overload,y12,-1.076626497959231
placebo,34,Heatstroke,y23,.9291453825201322
placebo,34,Severe heatstroke,y24,.4089172340464456
placebo,34,Mild cold hypothermia,y33,.1621894789800226
placebo,34,Moderate cold hypothermia,y34,.1907946888904477
placebo,35,Workload,y11,.4768869934321224
placebo,35,Overload,y12,1.677943008696202
placebo,35,Heatstroke,y23,.1497714830208443
placebo,35,Severe heatstroke,y24,-.0615399820420579
placebo,35,Mild cold hypothermia,y33,-.2099890506308625
placebo,35,Moderate cold hypothermia,y34,.2053319840039458
placebo,36,Workload,y11,.5427686183810611
placebo,36,Overload,y12,.3883953684065765
placebo,36,Heatstroke,y23,.1960799941865071
placebo,36,Severe heatstroke,y24,-.046394732853439
placebo,36,Mild cold hypothermia,y33,-.5042620180777511
placebo,36,Moderate cold hypothermia,y34,-.0155439872617123
placebo,37,Workload,y11,1.290840522153009
placebo,37,Overload,y12,1.359360723758863
placebo,37,Heatstroke,y23,1.100860525300731
placebo,37,Severe heatstroke,y24,.4024375536517236
placebo,37,Mild cold hypothermia,y33,-.3190410687855487
placebo,37,Moderate cold hypothermia,y34,-.1954189081902102
placebo,38,Workload,y11,-1.012470580911338
placebo,38,Overload,y12,.0436599105638762
placebo,38,Heatstroke,y23,-.3597858464221146
placebo,38,Severe heatstroke,y24,-.1306488753540938
placebo,38,Mild cold hypothermia,y33,.3126112527840677
placebo,38,Moderate cold hypothermia,y34,-.0019697157532256
placebo,39,Workload,y11,.1833159292631876
placebo,39,Overload,y12,.6910859417211341
placebo,39,Heatstroke,y23,-.317070527073269
placebo,39,Severe heatstroke,y24,-.115745706841999
placebo,39,Mild cold hypothermia,y33,-.0203174829060802
placebo,39,Moderate cold hypothermia,y34,.0288496956790359
placebo,40,Workload,y11,.5448337095124574
placebo,40,Overload,y12,.2356009212967895
placebo,40,Heatstroke,y23,-.3640396653387746
placebo,40,Severe heatstroke,y24,-.1323498031979486
placebo,40,Mild cold hypothermia,y33,.3978795738369633
placebo,40,Moderate cold hypothermia,y34,-.1724907511053256
placebo,41,Workload,y11,-.3960570369377385
placebo,41,Overload,y12,-.2137336554117677
placebo,41,Heatstroke,y23,-.3468476771711277
placebo,41,Severe heatstroke,y24,-.1266408719981576
placebo,41,Mild cold hypothermia,y33,-.3827644762298732
placebo,41,Moderate cold hypothermia,y34,-.1244074364178106
placebo,42,Workload,y11,-.7932358981462776
placebo,42,Overload,y12,-2.159422751135621
placebo,42,Heatstroke,y23,-.3196792954618213
placebo,42,Severe heatstroke,y24,-.11702396547434
placebo,42,Mild cold hypothermia,y33,-.6748827289305691
placebo,42,Moderate cold hypothermia,y34,-.2002616829076534
placebo,43,Workload,y11,.3567768372433855
placebo,43,Overload,y12,.1309035357079457
placebo,43,Heatstroke,y23,-.3211900740802014
placebo,43,Severe heatstroke,y24,-.117530933013385
placebo,43,Mild cold hypothermia,y33,.3360167916069381
placebo,43,Moderate cold hypothermia,y34,.0996314258064846
placebo,44,Workload,y11,.4120401850285101
placebo,44,Overload,y12,1.159383637841443
placebo,44,Heatstroke,y23,-.3458613345442468
placebo,44,Severe heatstroke,y24,-.125721088104641
placebo,44,Mild cold hypothermia,y33,-.5799314071943755
placebo,44,Moderate cold hypothermia,y34,.0684431675805176
placebo,45,Workload,y11,-.051311329530133
placebo,45,Overload,y12,-.1553578308594165
placebo,45,Heatstroke,y23,-.3033447942302767
placebo,45,Severe heatstroke,y24,-.1111471777219168
placebo,45,Mild cold hypothermia,y33,-.3086988710103493
placebo,45,Moderate cold hypothermia,y34,-.1621723039795216
placebo,46,Workload,y11,.4324864016978901
placebo,46,Overload,y12,.1010107527048261
placebo,46,Heatstroke,y23,.3374926105652966
placebo,46,Severe heatstroke,y24,-.0631292933348814
placebo,46,Mild cold hypothermia,y33,.0765865327918631
placebo,46,Moderate cold hypothermia,y34,.0411624401105049
placebo,47,Workload,y11,-.3688278167518966
placebo,47,Overload,y12,-1.242032730233921
placebo,47,Heatstroke,y23,-.1325704414622247
placebo,47,Severe heatstroke,y24,-.120447086667596
placebo,47,Mild cold hypothermia,y33,-.8639411315510332
placebo,47,Moderate cold hypothermia,y34,-.2163767888222023
placebo,48,Workload,y11,.6543158764755694
placebo,48,Overload,y12,.2523948516417661
placebo,48,Heatstroke,y23,1.089986949466693
placebo,48,Severe heatstroke,y24,.397349228138326
placebo,48,Mild cold hypothermia,y33,-.3274852432131589
placebo,48,Moderate cold hypothermia,y34,-.1917867054430892
placebo,49,Workload,y11,.4734678066157596
placebo,49,Overload,y12,1.255165612623467
placebo,49,Heatstroke,y23,-.12665316499623
placebo,49,Severe heatstroke,y24,-.1168818366251394
placebo,49,Mild cold hypothermia,y33,-.6506268903824834
placebo,49,Moderate cold hypothermia,y34,-.1262788573447774
placebo,50,Workload,y11,.9449142300873919
placebo,50,Overload,y12,2.542515842785193
placebo,50,Heatstroke,y23,.1665343930830886
placebo,50,Severe heatstroke,y24,-.0549960868148695
placebo,50,Mild cold hypothermia,y33,.740048037662038
placebo,50,Moderate cold hypothermia,y34,.316299207324344
placebo,51,Workload,y11,-.1266707923886509
placebo,51,Overload,y12,.2120608535855174
placebo,51,Heatstroke,y23,.4200173969703905
placebo,51,Severe heatstroke,y24,.3416574463718369
placebo,51,Mild cold hypothermia,y33,.2724733676718829
placebo,51,Moderate cold hypothermia,y34,-.0518437568722501
placebo,52,Workload,y11,.6823426783059909
placebo,52,Overload,y12,.5735788226084054
placebo,52,Heatstroke,y23,1.106847732542197
placebo,52,Severe heatstroke,y24,.4042112242489518
placebo,52,Mild cold hypothermia,y33,.2583524574318303
placebo,52,Moderate cold hypothermia,y34,.5101294319032039
placebo,53,Workload,y11,.019738616290945
placebo,53,Overload,y12,.4710640095628588
placebo,53,Heatstroke,y23,.3254877387480326
placebo,53,Severe heatstroke,y24,-.0672408183501545
placebo,53,Mild cold hypothermia,y33,-.7088934497513405
placebo,53,Moderate cold hypothermia,y34,-.1206431384610032
placebo,54,Workload,y11,-.5544713222734008
placebo,54,Overload,y12,-1.11583456185599
placebo,54,Heatstroke,y23,-.3159757469651175
placebo,54,Severe heatstroke,y24,-.1152776647516892
placebo,54,Mild cold hypothermia,y33,.1965079948624069
placebo,54,Moderate cold hypothermia,y34,.2160560233955962
placebo,55,Workload,y11,-.5483212075099317
placebo,55,Overload,y12,-1.561667615845227
placebo,55,Heatstroke,y23,-.3490094718938405
placebo,55,Severe heatstroke,y24,-.1270263251427622
placebo,55,Mild cold hypothermia,y33,.0290732227206092
placebo,55,Moderate cold hypothermia,y34,-.0687143343280257
placebo,56,Workload,y11,-.5786277056701631
placebo,56,Overload,y12,.2322178529466939
placebo,56,Heatstroke,y23,-.3561378601923879
placebo,56,Severe heatstroke,y24,-.1301123679927348
placebo,56,Mild cold hypothermia,y33,-.8840761906744528
placebo,56,Moderate cold hypothermia,y34,-.2040498530193875
placebo,57,Workload,y11,-.0033406701172456
placebo,57,Overload,y12,.4128918513480656
placebo,57,Heatstroke,y23,-.331131523301063
placebo,57,Severe heatstroke,y24,-.1208044302464738
placebo,57,Mild cold hypothermia,y33,.1631826245333501
placebo,57,Moderate cold hypothermia,y34,.0716532992124057
placebo,58,Workload,y11,1.050101890194368
placebo,58,Overload,y12,2.352426290722843
placebo,58,Heatstroke,y23,.445351963395327
placebo,58,Severe heatstroke,y24,.3473812156900822
placebo,58,Mild cold hypothermia,y33,.453152275331882
placebo,58,Moderate cold hypothermia,y34,-.1336285668914501
placebo,59,Workload,y11,.2135015412652129
placebo,59,Overload,y12,1.748758336471649
placebo,59,Heatstroke,y23,-.354897264404332
placebo,59,Severe heatstroke,y24,-.1290068852609961
placebo,59,Mild cold hypothermia,y33,-.0717769776027387
placebo,59,Moderate cold hypothermia,y34,.1862058920103901
placebo,60,Workload,y11,-.0782122407158139
placebo,60,Overload,y12,-.0691635701813484
placebo,60,Heatstroke,y23,.1241803910876689
placebo,60,Severe heatstroke,y24,-.0691903336371598
placebo,60,Mild cold hypothermia,y33,.4507478948252133
placebo,60,Moderate cold hypothermia,y34,-.1358350581321803
placebo,61,Workload,y11,-.0695027657747405
placebo,61,Overload,y12,.3308539136957288
placebo,61,Heatstroke,y23,-.2971951962865633
placebo,61,Severe heatstroke,y24,-.1092507345750269
placebo,61,Mild cold hypothermia,y33,.1680811532227746
placebo,61,Moderate cold hypothermia,y34,.0478970502857635
placebo,62,Workload,y11,.3383046782958
placebo,62,Overload,y12,-.2449799061132395
placebo,62,Heatstroke,y23,.4266518691591522
placebo,62,Severe heatstroke,y24,.3427938081910752
placebo,62,Mild cold hypothermia,y33,-.0938401176550381
placebo,62,Moderate cold hypothermia,y34,-.140559389608517
placebo,63,Workload,y11,-.1775611259709439
placebo,63,Overload,y12,-1.471080424095927
placebo,63,Heatstroke,y23,-.3228915660682251
placebo,63,Severe heatstroke,y24,-.1183866725791373
placebo,63,Mild cold hypothermia,y33,-.4058333211327522
placebo,63,Moderate cold hypothermia,y34,-.2110344255724091
placebo,64,Workload,y11,.4945293683532583
placebo,64,Overload,y12,.5430845120731427
placebo,64,Heatstroke,y23,.414030634628952
placebo,64,Severe heatstroke,y24,.3355470602213806
placebo,64,Mild cold hypothermia,y33,.1466353566264677
placebo,64,Moderate cold hypothermia,y34,.0084573725716308
placebo,65,Workload,y11,-.0300357657506494
placebo,65,Overload,y12,.2793920923597536
placebo,65,Heatstroke,y23,-.155294214817007
placebo,65,Severe heatstroke,y24,-.1267045787442223
placebo,65,Mild cold hypothermia,y33,-.3096310633219713
placebo,65,Moderate cold hypothermia,y34,-.0985468878913416
placebo,66,Workload,y11,-.2233596888692256
placebo,66,Overload,y12,-1.228415613175035
placebo,66,Heatstroke,y23,.6019328826490484
placebo,66,Severe heatstroke,y24,.3350533937264882
placebo,66,Mild cold hypothermia,y33,.5092128066519612
placebo,66,Moderate cold hypothermia,y34,-.0066354431300641
placebo,67,Workload,y11,-.6401542043110293
placebo,67,Overload,y12,-.9694568298215002
placebo,67,Heatstroke,y23,-.3634998045171061
placebo,67,Severe heatstroke,y24,-.1319442966694322
placebo,67,Mild cold hypothermia,y33,.1680616768074546
placebo,67,Moderate cold hypothermia,y34,.1802696948828394
placebo,68,Workload,y11,.6945163344756191
placebo,68,Overload,y12,1.607266387096019
placebo,68,Heatstroke,y23,.4124131762820805
placebo,68,Severe heatstroke,y24,.3327898835915279
placebo,68,Mild cold hypothermia,y33,-.5559397588725172
placebo,68,Moderate cold hypothermia,y34,-.1460331403000071
placebo,69,Workload,y11,-.3303718681783328
placebo,69,Overload,y12,-1.077826971463815
placebo,69,Heatstroke,y23,-.3335966590431905
placebo,69,Severe heatstroke,y24,-.121975654175499
placebo,69,Mild cold hypothermia,y33,-.0523509695040931
placebo,69,Moderate cold hypothermia,y34,-.0480465722970077
placebo,70,Workload,y11,.4005593510154049
placebo,70,Overload,y12,.6144789192061166
placebo,70,Heatstroke,y23,.4591033139492331
placebo,70,Severe heatstroke,y24,.3498844870292164
placebo,70,Mild cold hypothermia,y33,-.6990179369924563
placebo,70,Moderate cold hypothermia,y34,-.0891916217904951
placebo,71,Workload,y11,.1272975989073497
placebo,71,Overload,y12,.3977144969278695
placebo,71,Heatstroke,y23,-.3928714863324607
placebo,71,Severe heatstroke,y24,-.1420172466932037
placebo,71,Mild cold hypothermia,y33,.9551202397763698
placebo,71,Moderate cold hypothermia,y34,-.0886301179770661
placebo,72,Workload,y11,-.2218965958767023
placebo,72,Overload,y12,.2717103443609429
placebo,72,Heatstroke,y23,.3298349059350315
placebo,72,Severe heatstroke,y24,-.0676584336354698
placebo,72,Mild cold hypothermia,y33,.2097218598772048
placebo,72,Moderate cold hypothermia,y34,.1796099116860284
placebo,73,Workload,y11,-1.047105670413288
placebo,73,Overload,y12,-1.761648647015372
placebo,73,Heatstroke,y23,-.3744205128143056
placebo,73,Severe heatstroke,y24,-.1359930200307302
placebo,73,Mild cold hypothermia,y33,-.5846450784637475
placebo,73,Moderate cold hypothermia,y34,.1524437399327057
placebo,74,Workload,y11,.0150245313918121
placebo,74,Overload,y12,-1.311244329828555
placebo,74,Heatstroke,y23,-.2983706683530704
placebo,74,Severe heatstroke,y24,-.1099788330214407
placebo,74,Mild cold hypothermia,y33,-.7124540166502934
placebo,74,Moderate cold hypothermia,y34,-.0073624590359701
placebo,75,Workload,y11,.1537617504128545
placebo,75,Overload,y12,.7237970713063201
placebo,75,Heatstroke,y23,-.3434825098129106
placebo,75,Severe heatstroke,y24,-.1254348181781286
placebo,75,Mild cold hypothermia,y33,1.027755470189391
placebo,75,Moderate cold hypothermia,y34,.1879476912103152
placebo,76,Workload,y11,1.406762178211667
placebo,76,Overload,y12,2.189388492523725
placebo,76,Heatstroke,y23,.9067165998719661
placebo,76,Severe heatstroke,y24,.3993245152416227
placebo,76,Mild cold hypothermia,y33,-.1220701121120123
placebo,76,Moderate cold hypothermia,y34,-.1207354007072056
placebo,77,Workload,y11,-.0052314161066941
placebo,77,Overload,y12,.3359857510882516
placebo,77,Heatstroke,y23,-.3733031706124401
placebo,77,Severe heatstroke,y24,-.1352830134023251
placebo,77,Mild cold hypothermia,y33,-.5749350925423987
placebo,77,Moderate cold hypothermia,y34,-.1756410326857815
placebo,78,Workload,y11,.1807098309265632
placebo,78,Overload,y12,.259610836338978
placebo,78,Heatstroke,y23,-.1205791994950633
placebo,78,Severe heatstroke,y24,-.1156425819083747
placebo,78,Mild cold hypothermia,y33,-.2057375048046259
placebo,78,Moderate cold hypothermia,y34,-.0847099483007598
placebo,79,Workload,y11,.8833118122930413
placebo,79,Overload,y12,1.844042725852527
placebo,79,Heatstroke,y23,.4722577980733735
placebo,79,Severe heatstroke,y24,.3590195379648609
placebo,79,Mild cold hypothermia,y33,.7097545795851158
placebo,79,Moderate cold hypothermia,y34,-.0719702196904518
placebo,80,Workload,y11,.0855194302348133
placebo,80,Overload,y12,.5415922144595039
placebo,80,Heatstroke,y23,.1746555904145356
placebo,80,Severe heatstroke,y24,-.0508871524571846
placebo,80,Mild cold hypothermia,y33,-.9656681682746222
placebo,80,Moderate cold hypothermia,y34,-.1862820392562474
placebo,81,Workload,y11,.2992574168571122
placebo,81,Overload,y12,.808307942650722
placebo,81,Heatstroke,y23,-.3278533442446595
placebo,81,Severe heatstroke,y24,-.1199364721926336
placebo,81,Mild cold hypothermia,y33,.0798262739033378
placebo,81,Moderate cold hypothermia,y34,.1986842473322148
placebo,82,Workload,y11,-.0529475402285795
placebo,82,Overload,y12,-1.292017096247183
placebo,82,Heatstroke,y23,-.3427692325072765
placebo,82,Severe heatstroke,y24,-.125291124548169
placebo,82,Mild cold hypothermia,y33,-.7784248878935354
placebo,82,Moderate cold hypothermia,y34,-.0675905930866031
placebo,83,Workload,y11,-.2043368289515765
placebo,83,Overload,y12,-1.32937378269966
placebo,83,Heatstroke,y23,.1636539226241648
placebo,83,Severe heatstroke,y24,-.0573990140596443
placebo,83,Mild cold hypothermia,y33,-.232625635145253
placebo,83,Moderate cold hypothermia,y34,-.2012820382811239
placebo,84,Workload,y11,-.3597036119937513
placebo,84,Overload,y12,-1.371100477478234
placebo,84,Heatstroke,y23,.4799051915462485
placebo,84,Severe heatstroke,y24,.3598021554369704
placebo,84,Mild cold hypothermia,y33,-.1749987110275942
placebo,84,Moderate cold hypothermia,y34,-.12124097448031
placebo,85,Workload,y11,-.6189193432509005
placebo,85,Overload,y12,-.6967916268846047
placebo,85,Heatstroke,y23,-.1601461000544873
placebo,85,Severe heatstroke,y24,-.1290654908616519
placebo,85,Mild cold hypothermia,y33,-.0343993474011248
placebo,85,Moderate cold hypothermia,y34,.0015796288163585
placebo,86,Workload,y11,1.000738324053746
placebo,86,Overload,y12,1.149833146598645
placebo,86,Heatstroke,y23,.4155627410197341
placebo,86,Severe heatstroke,y24,.3364903104633176
placebo,86,Mild cold hypothermia,y33,.5408491334492711
placebo,86,Moderate cold hypothermia,y34,-.0662238708163963
placebo,87,Workload,y11,-.6438454424341408
placebo,87,Overload,y12,-1.371172164929519
placebo,87,Heatstroke,y23,-.3477253231061733
placebo,87,Severe heatstroke,y24,-.1260768079654329
placebo,87,Mild cold hypothermia,y33,-.0598320726046288
placebo,87,Moderate cold hypothermia,y34,-.1931059377247792
placebo,88,Workload,y11,-.0845728732612434
placebo,88,Overload,y12,.8824628657596684
placebo,88,Heatstroke,y23,-.3447863504887821
placebo,88,Severe heatstroke,y24,-.1255211378960413
placebo,88,Mild cold hypothermia,y33,1.046096328716058
placebo,88,Moderate cold hypothermia,y34,.0600803350052831
placebo,89,Workload,y11,.0345162142317696
placebo,89,Overload,y12,1.169626153902584
placebo,89,Heatstroke,y23,-.377351806655069
placebo,89,Severe heatstroke,y24,-.1369913033758962
placebo,89,Mild cold hypothermia,y33,-.2843896661462483
placebo,89,Moderate cold hypothermia,y34,-.0354668748118387
placebo,90,Workload,y11,.0608880102053896
placebo,90,Overload,y12,.8368618946545037
placebo,90,Heatstroke,y23,-.3329547218279179
placebo,90,Severe heatstroke,y24,-.121306579903333
placebo,90,Mild cold hypothermia,y33,-.5468185758659898
placebo,90,Moderate cold hypothermia,y34,-.1174886623116077
placebo,91,Workload,y11,.3620355496813562
placebo,91,Overload,y12,.2000300521577589
placebo,91,Heatstroke,y23,.4355204394878971
placebo,91,Severe heatstroke,y24,.3444465557789882
placebo,91,Mild cold hypothermia,y33,.6099715998207974
placebo,91,Moderate cold hypothermia,y34,.1068655005734981
placebo,92,Workload,y11,-.814610576841682
placebo,92,Overload,y12,-.5502001740760868
placebo,92,Heatstroke,y23,-.3325450397426025
placebo,92,Severe heatstroke,y24,-.1216151972215024
placebo,92,Mild cold hypothermia,y33,.4323668788314725
placebo,92,Moderate cold hypothermia,y34,.3269370274066521
placebo,93,Workload,y11,.4709885925627292
placebo,93,Overload,y12,1.269786499173226
placebo,93,Heatstroke,y23,-.3315177785032458
placebo,93,Severe heatstroke,y24,-.12087480717669
placebo,93,Mild cold hypothermia,y33,-.079107530295324
placebo,93,Moderate cold hypothermia,y34,.0699460417982471
placebo,94,Workload,y11,-.0087797681199106
placebo,94,Overload,y12,-.050378116937067
placebo,94,Heatstroke,y23,-.35590224735141
placebo,94,Severe heatstroke,y24,-.129642737898115
placebo,94,Mild cold hypothermia,y33,-.2524684073917105
placebo,94,Moderate cold hypothermia,y34,-.1269192774214707
placebo,95,Workload,y11,-.338789415764742
placebo,95,Overload,y12,-.4653171329490913
placebo,95,Heatstroke,y23,-.3555027768441118
placebo,95,Severe heatstroke,y24,-.1296536777579524
placebo,95,Mild cold hypothermia,y33,-.5465910311827848
placebo,95,Moderate cold hypothermia,y34,.1988362603375986
placebo,96,Workload,y11,.0310121312738885
placebo,96,Overload,y12,-.7098988712964945
placebo,96,Heatstroke,y23,-.3429709357391112
placebo,96,Severe heatstroke,y24,-.1249393580850378
placebo,96,Mild cold hypothermia,y33,-.3320664772582074
placebo,96,Moderate cold hypothermia,y34,-.198864925362713
placebo,97,Workload,y11,-.5622891145897663
placebo,97,Overload,y12,-1.585247407722384
placebo,97,Heatstroke,y23,.170343456670462
placebo,97,Severe heatstroke,y24,-.0500020157817127
placebo,97,Mild cold hypothermia,y33,-.3557879733154515
placebo,97,Moderate cold hypothermia,y34,-.1453966101978151
placebo,98,Workload,y11,-.46813287614574
placebo,98,Overload,y12,-1.260787175995657
placebo,98,Heatstroke,y23,-.3489144483876923
placebo,98,Severe heatstroke,y24,-.1274961508778825
placebo,98,Mild cold hypothermia,y33,.3083372498596221
placebo,98,Moderate cold hypothermia,y34,-.2136293543913762
placebo,99,Workload,y11,-1.424523601108845
placebo,99,Overload,y12,-2.69864721058542
placebo,99,Heatstroke,y23,-.3289579426892243
placebo,99,Severe heatstroke,y24,-.1199785848769962
placebo,99,Mild cold hypothermia,y33,.8400756899963226
placebo,99,Moderate cold hypothermia,y34,-.0069057004382427
placebo,100,Workload,y11,.3597950500733703
placebo,100,Overload,y12,.8267801287745382
placebo,100,Heatstroke,y23,.9311548847935449
placebo,100,Severe heatstroke,y24,.4087402295925226
placebo,100,Mild cold hypothermia,y33,.7769058801947827
placebo,100,Moderate cold hypothermia,y34,-.1484441737244533
placebo,101,Workload,y11,-.0120486298846213
placebo,101,Overload,y12,-.6683423341867321
placebo,101,Heatstroke,y23,-.315648047623503
placebo,101,Severe heatstroke,y24,-.1155235079519011
placebo,101,Mild cold hypothermia,y33,.4541932346329432
placebo,101,Moderate cold hypothermia,y34,-.1260297779739362
placebo,102,Workload,y11,.0752146343326444
placebo,102,Overload,y12,-.7902566000782605
placebo,102,Heatstroke,y23,-.1110718652243036
placebo,102,Severe heatstroke,y24,-.1092176222838743
placebo,102,Mild cold hypothermia,y33,-.3656364029603293
placebo,102,Moderate cold hypothermia,y34,-.1753932187235875
placebo,103,Workload,y11,-.544922663349532
placebo,103,Overload,y12,-.9095110100957751
placebo,103,Heatstroke,y23,-.3587571236219674
placebo,103,Severe heatstroke,y24,-.1305333055768189
placebo,103,Mild cold hypothermia,y33,.3205719365089444
placebo,103,Moderate cold hypothermia,y34,.4290818573606638
placebo,104,Workload,y11,-.4172507770003322
placebo,104,Overload,y12,-1.14349391420281
placebo,104,Heatstroke,y23,.345159086598712
placebo,104,Severe heatstroke,y24,-.058734689926974
placebo,104,Mild cold hypothermia,y33,-.268587131021068
placebo,104,Moderate cold hypothermia,y34,-.1261903947850148
placebo,105,Workload,y11,.1608154371477612
placebo,105,Overload,y12,.7589072913037916
placebo,105,Heatstroke,y23,-.3132997150078635
placebo,105,Severe heatstroke,y24,-.1153161227961162
placebo,105,Mild cold hypothermia,y33,.1785042839563761
placebo,105,Moderate cold hypothermia,y34,.3453482838487802
placebo,106,Workload,y11,-.4150057732284027
placebo,106,Overload,y12,-1.121978751107447
placebo,106,Heatstroke,y23,-.1409009172146017
placebo,106,Severe heatstroke,y24,-.1203373863038359
placebo,106,Mild cold hypothermia,y33,.1285175634110334
placebo,106,Moderate cold hypothermia,y34,.0451309998564205
placebo,107,Workload,y11,-1.119714632872929
placebo,107,Overload,y12,-2.207937963639728
placebo,107,Heatstroke,y23,-.3417916674516071
placebo,107,Severe heatstroke,y24,-.1240374020723353
placebo,107,Mild cold hypothermia,y33,-.6416858015363349
placebo,107,Moderate cold hypothermia,y34,-.214096702936635
placebo,108,Workload,y11,.8809737236417976
placebo,108,Overload,y12,.9683778033730864
placebo,108,Heatstroke,y23,.6695791195428816
placebo,108,Severe heatstroke,y24,.358687276027082
placebo,108,Mild cold hypothermia,y33,-.1683182400079967
placebo,108,Moderate cold hypothermia,y34,-.0499753233901386
placebo,109,Workload,y11,-.8466996605322804
placebo,109,Overload,y12,-1.968367243756745
placebo,109,Heatstroke,y23,-.1335099240920549
placebo,109,Severe heatstroke,y24,-.1182955204508537
placebo,109,Mild cold hypothermia,y33,.2025838756676883
placebo,109,Moderate cold hypothermia,y34,-.0904254635710507
placebo,110,Workload,y11,-.5089706317874396
placebo,110,Overload,y12,-.2472198961496795
placebo,110,Heatstroke,y23,-.3385678837401879
placebo,110,Severe heatstroke,y24,-.1235175940387835
placebo,110,Mild cold hypothermia,y33,.2458581745507967
placebo,110,Moderate cold hypothermia,y34,-.051883789739572
placebo,111,Workload,y11,-.1232267487709833
placebo,111,Overload,y12,.7264168387509463
placebo,111,Heatstroke,y23,-.1441546493459357
placebo,111,Severe heatstroke,y24,-.1248256909502722
placebo,111,Mild cold hypothermia,y33,-.1378348868941549
placebo,111,Moderate cold hypothermia,y34,-.2271108823011535
placebo,112,Workload,y11,-.3863728563716618
placebo,112,Overload,y12,-1.272122184253908
placebo,112,Heatstroke,y23,-.330059007751913
placebo,112,Severe heatstroke,y24,-.1205568105805777
placebo,112,Mild cold hypothermia,y33,.4134891578718942
placebo,112,Moderate cold hypothermia,y34,.2026959611442021
placebo,113,Workload,y11,-.5245435561723668
placebo,113,Overload,y12,-1.595866270066547
placebo,113,Heatstroke,y23,-.3597194752918887
placebo,113,Severe heatstroke,y24,-.1305875601442727
placebo,113,Mild cold hypothermia,y33,.2768527083097445
placebo,113,Moderate cold hypothermia,y34,-.0972986408361609
placebo,114,Workload,y11,.1486299426521771
placebo,114,Overload,y12,-.4605263478407759
placebo,114,Heatstroke,y23,-.3027195574530144
placebo,114,Severe heatstroke,y24,-.111028172349927
placebo,114,Mild cold hypothermia,y33,-.2139329473797126
placebo,114,Moderate cold hypothermia,y34,-.1681371061618076
placebo,115,Workload,y11,-.5475124616138404
placebo,115,Overload,y12,-1.374830293474153
placebo,115,Heatstroke,y23,-.1715236454731695
placebo,115,Severe heatstroke,y24,-.1318970557447359
placebo,115,Mild cold hypothermia,y33,.3148526036649532
placebo,115,Moderate cold hypothermia,y34,-.1809126974496464
placebo,116,Workload,y11,-1.026846415558821
placebo,116,Overload,y12,-2.478082329357237
placebo,116,Heatstroke,y23,-.3446671244880422
placebo,116,Severe heatstroke,y24,-.1257436316299689
placebo,116,Mild cold hypothermia,y33,1.011348327666365
placebo,116,Moderate cold hypothermia,y34,.3094791819147323
placebo,117,Workload,y11,.5471766908721281
placebo,117,Overload,y12,.8738203322062505
placebo,117,Heatstroke,y23,.13229416586826
placebo,117,Severe heatstroke,y24,-.0679550643363317
placebo,117,Mild cold hypothermia,y33,-1.009434936232181
placebo,117,Moderate cold hypothermia,y34,.1608436062137321
placebo,118,Workload,y11,-.8128557285224671
placebo,118,Overload,y12,-1.535149209343298
placebo,118,Heatstroke,y23,-.1590898172153157
placebo,118,Severe heatstroke,y24,-.1271020304066744
placebo,118,Mild cold hypothermia,y33,-.0599172662453574
placebo,118,Moderate cold hypothermia,y34,-.1969885262142878
placebo,119,Workload,y11,-.723456871481002
placebo,119,Overload,y12,-2.107271942758286
placebo,119,Heatstroke,y23,.3124013077944189
placebo,119,Severe heatstroke,y24,-.0746335387280203
placebo,119,Mild cold hypothermia,y33,.2446931602664018
placebo,119,Moderate cold hypothermia,y34,-.1094639562608148
placebo,120,Workload,y11,-.9154180905258822
placebo,120,Overload,y12,-1.128397142757663
placebo,120,Heatstroke,y23,-.3344519228668576
placebo,120,Severe heatstroke,y24,-.1222432194331711
placebo,120,Mild cold hypothermia,y33,-.2084992936260356
placebo,120,Moderate cold hypothermia,y34,.1501296112404771
placebo,121,Workload,y11,.0794130636579923
placebo,121,Overload,y12,-.7489368932625532
placebo,121,Heatstroke,y23,-.3076577098168919
placebo,121,Severe heatstroke,y24,-.1130301514400725
placebo,121,Mild cold hypothermia,y33,.5497293433180143
placebo,121,Moderate cold hypothermia,y34,-.1155163435403857
placebo,122,Workload,y11,1.055062123106676
placebo,122,Overload,y12,1.102322986387086
placebo,122,Heatstroke,y23,.5804099734657994
placebo,122,Severe heatstroke,y24,.325497912323962
placebo,122,Mild cold hypothermia,y33,-.8674056995701225
placebo,122,Moderate cold hypothermia,y34,-.2327466052442329
placebo,123,Workload,y11,1.011545052140909
placebo,123,Overload,y12,1.667664209381647
placebo,123,Heatstroke,y23,.4201361060899098
placebo,123,Severe heatstroke,y24,.3388937331560704
placebo,123,Mild cold hypothermia,y33,-.0626556685819514
placebo,123,Moderate cold hypothermia,y34,.01529317435537
placebo,124,Workload,y11,-.2643653116688202
placebo,124,Overload,y12,-.6659126035866368
placebo,124,Heatstroke,y23,-.3811314605460587
placebo,124,Severe heatstroke,y24,-.1392310754224146
placebo,124,Mild cold hypothermia,y33,.579114307821822
placebo,124,Moderate cold hypothermia,y34,.1320236452893658
placebo,125,Workload,y11,.2295910346370526
placebo,125,Overload,y12,.5096498730510196
placebo,125,Heatstroke,y23,-.3140777309660113
placebo,125,Severe heatstroke,y24,-.1149921898947983
placebo,125,Mild cold hypothermia,y33,.5163746191563173
placebo,125,Moderate cold hypothermia,y34,.3696321708339619
placebo,126,Workload,y11,-.1449996921329787
placebo,126,Overload,y12,-1.003201681088556
placebo,126,Heatstroke,y23,-.3104952080617613
placebo,126,Severe heatstroke,y24,-.1141322331008795
placebo,126,Mild cold hypothermia,y33,.1651923647262065
placebo,126,Moderate cold hypothermia,y34,.0088781994376118
placebo,127,Workload,y11,.1575216003058888
placebo,127,Overload,y12,-.7847587990641626
placebo,127,Heatstroke,y23,.1337624690720645
placebo,127,Severe heatstroke,y24,-.0681093036580233
placebo,127,Mild cold hypothermia,y33,-1.042763439303524
placebo,127,Moderate cold hypothermia,y34,-.144704974048672
placebo,128,Workload,y11,.4257531878350062
placebo,128,Overload,y12,1.449493710619417
placebo,128,Heatstroke,y23,-.3291057909432539
placebo,128,Severe heatstroke,y24,-.1202402075418481
placebo,128,Mild cold hypothermia,y33,.2600510863299545
placebo,128,Moderate cold hypothermia,y34,-.0288569014608616
placebo,129,Workload,y11,-.0821496788388751
placebo,129,Overload,y12,.3409229165305988
placebo,129,Heatstroke,y23,-.1463934667030915
placebo,129,Severe heatstroke,y24,-.123347811365391
placebo,129,Mild cold hypothermia,y33,.2775586264907656
placebo,129,Moderate cold hypothermia,y34,.3215605362315725
placebo,130,Workload,y11,-.3168687642572776
placebo,130,Overload,y12,-.7302638368943104
placebo,130,Heatstroke,y23,-.3078185341040921
placebo,130,Severe heatstroke,y24,-.1132252810911175
placebo,130,Mild cold hypothermia,y33,-.5414524800380796
placebo,130,Moderate cold hypothermia,y34,-.0954102336066682
placebo,131,Workload,y11,.0217440188303811
placebo,131,Overload,y12,-.6974162281276309
placebo,131,Heatstroke,y23,.4182026895279748
placebo,131,Severe heatstroke,y24,.3401682881453397
placebo,131,Mild cold hypothermia,y33,.6799654058355278
placebo,131,Moderate cold hypothermia,y34,.4494305258043437
placebo,132,Workload,y11,.4828929486282746
placebo,132,Overload,y12,2.186467394261298
placebo,132,Heatstroke,y23,-.3112563872168606
placebo,132,Severe heatstroke,y24,-.1136807083300902
placebo,132,Mild cold hypothermia,y33,.090861991978497
placebo,132,Moderate cold hypothermia,y34,.1677064432121604
placebo,133,Workload,y11,-.5234644591655964
placebo,133,Overload,y12,-1.433587417115262
placebo,133,Heatstroke,y23,.1806826434982415
placebo,133,Severe heatstroke,y24,-.052939920620275
placebo,133,Mild cold hypothermia,y33,.5984493615402359
placebo,133,Moderate cold hypothermia,y34,-.2107501255229113
placebo,134,Workload,y11,.4383947099505781
placebo,134,Overload,y12,1.035629568818307
placebo,134,Heatstroke,y23,-.3599331372623713
placebo,134,Severe heatstroke,y24,-.1307253840735327
placebo,134,Mild cold hypothermia,y33,.1142090987260017
placebo,134,Moderate cold hypothermia,y34,.2093348032921662
placebo,135,Workload,y11,-.9704852809431245
placebo,135,Overload,y12,-2.409662401783215
placebo,135,Heatstroke,y23,-.3391593402200167
placebo,135,Severe heatstroke,y24,-.1236025988831793
placebo,135,Mild cold hypothermia,y33,-.0735867193528097
placebo,135,Moderate cold hypothermia,y34,-.0166967517327352
placebo,136,Workload,y11,.2041342551661093
placebo,136,Overload,y12,-.5577321814807841
placebo,136,Heatstroke,y23,.1120965645326964
placebo,136,Severe heatstroke,y24,-.0728307639169593
placebo,136,Mild cold hypothermia,y33,.1810316804113302
placebo,136,Moderate cold hypothermia,y34,-.1434757547400257
placebo,137,Workload,y11,.0542304158658741
placebo,137,Overload,y12,.258159640732857
placebo,137,Heatstroke,y23,-.1069660204644587
placebo,137,Severe heatstroke,y24,-.1098143625395032
placebo,137,Mild cold hypothermia,y33,.3446822666831392
placebo,137,Moderate cold hypothermia,y34,-.1965963774823079
placebo,138,Workload,y11,.0184517579370228
placebo,138,Overload,y12,-.5351342820109442
placebo,138,Heatstroke,y23,-.1279300047999153
placebo,138,Severe heatstroke,y24,-.1160626062337553
placebo,138,Mild cold hypothermia,y33,-.4651514479851158
placebo,138,Moderate cold hypothermia,y34,-.1429387181457142
placebo,139,Workload,y11,.0549930363762282
placebo,139,Overload,y12,.8834207075071813
placebo,139,Heatstroke,y23,-.3533896517654622
placebo,139,Severe heatstroke,y24,-.1287908510410082
placebo,139,Mild cold hypothermia,y33,-.7840662282786992
placebo,139,Moderate cold hypothermia,y34,.2219785601714498
placebo,140,Workload,y11,-.7685660687426524
placebo,140,Overload,y12,-1.89094835800828
placebo,140,Heatstroke,y23,-.3218299908835193
placebo,140,Severe heatstroke,y24,-.1182338390004604
placebo,140,Mild cold hypothermia,y33,-.2526819446656279
placebo,140,Moderate cold hypothermia,y34,.1991321708326616
placebo,141,Workload,y11,.1355039083265306
placebo,141,Overload,y12,.0058346393686417
placebo,141,Heatstroke,y23,-.33727086241439
placebo,141,Severe heatstroke,y24,-.1232359395396518
placebo,141,Mild cold hypothermia,y33,-.198244161831505
placebo,141,Moderate cold hypothermia,y34,-.0565350341120111
placebo,142,Workload,y11,-.9728897351150759
placebo,142,Overload,y12,-2.786753976517479
placebo,142,Heatstroke,y23,-.3286429289168018
placebo,142,Severe heatstroke,y24,-.1201300673438985
placebo,142,Mild cold hypothermia,y33,-.3331262224774849
placebo,142,Moderate cold hypothermia,y34,.2347705818867376
placebo,143,Workload,y11,.5127313235549185
placebo,143,Overload,y12,1.365910430047396
placebo,143,Heatstroke,y23,.4326586480536037
placebo,143,Severe heatstroke,y24,.3462983715867586
placebo,143,Mild cold hypothermia,y33,-.3890180419132588
placebo,143,Moderate cold hypothermia,y34,-.191281760006219
placebo,144,Workload,y11,-.3009927589471977
placebo,144,Overload,y12,.9353980813324088
placebo,144,Heatstroke,y23,-.3817526874209016
placebo,144,Severe heatstroke,y24,-.1383895393092576
placebo,144,Mild cold hypothermia,y33,-.4648205542093823
placebo,144,Moderate cold hypothermia,y34,-.0421291564590781
placebo,145,Workload,y11,.2866943317504098
placebo,145,Overload,y12,1.893240264725196
placebo,145,Heatstroke,y23,-.3369815721361334
placebo,145,Severe heatstroke,y24,-.1223811260603636
placebo,145,Mild cold hypothermia,y33,-.9568044574651262
placebo,145,Moderate cold hypothermia,y34,.1366382588548584
placebo,146,Workload,y11,.3787031587524872
placebo,146,Overload,y12,-1.775556492661764
placebo,146,Heatstroke,y23,.1182741437257104
placebo,146,Severe heatstroke,y24,-.0719199686262011
placebo,146,Mild cold hypothermia,y33,-.5079855074855908
placebo,146,Moderate cold hypothermia,y34,-.2398478609146441
placebo,147,Workload,y11,.6638771140504303
placebo,147,Overload,y12,-.5843289657096451
placebo,147,Heatstroke,y23,.6075874830992691
placebo,147,Severe heatstroke,y24,.3375199396380663
placebo,147,Mild cold hypothermia,y33,-.9903290428136244
placebo,147,Moderate cold hypothermia,y34,-.2238753508857193
placebo,148,Workload,y11,.0222854786251695
placebo,148,Overload,y12,-1.002045854578732
placebo,148,Heatstroke,y23,-.3464058259117441
placebo,148,Severe heatstroke,y24,-.1259119393238958
placebo,148,Mild cold hypothermia,y33,-.2396731801824242
placebo,148,Moderate cold hypothermia,y34,-.1619329569434411
placebo,149,Workload,y11,.7072561453132075
placebo,149,Overload,y12,2.189637986434235
placebo,149,Heatstroke,y23,.6564263921419105
placebo,149,Severe heatstroke,y24,.3556901912407225
placebo,149,Mild cold hypothermia,y33,.613986479334759
placebo,149,Moderate cold hypothermia,y34,-.0627014231911555
placebo,150,Workload,y11,.4121375629551689
placebo,150,Overload,y12,1.450880818994445
placebo,150,Heatstroke,y23,.4663513943056042
placebo,150,Severe heatstroke,y24,.3548225049933209
placebo,150,Mild cold hypothermia,y33,-.8082556011291406
placebo,150,Moderate cold hypothermia,y34,-.1110497648815885
placebo,151,Workload,y11,.0969107943005827
placebo,151,Overload,y12,.2779011670760459
placebo,151,Heatstroke,y23,-.374872114012882
placebo,151,Severe heatstroke,y24,-.1363293689866641
placebo,151,Mild cold hypothermia,y33,.3549130294979164
placebo,151,Moderate cold hypothermia,y34,-.0705760233232012
placebo,152,Workload,y11,.4819975535856684
placebo,152,Overload,y12,1.578484217740153
placebo,152,Heatstroke,y23,-.3573568042926513
placebo,152,Severe heatstroke,y24,-.1302440637565956
placebo,152,Mild cold hypothermia,y33,-.5941844890865281
placebo,152,Moderate cold hypothermia,y34,-.1548670836163244
placebo,153,Workload,y11,.1399757058369317
placebo,153,Overload,y12,-1.108935742805594
placebo,153,Heatstroke,y23,.8969022404099855
placebo,153,Severe heatstroke,y24,.3979467653971064
placebo,153,Mild cold hypothermia,y33,-.3753298437429165
placebo,153,Moderate cold hypothermia,y34,-.1883897102301795
placebo,154,Workload,y11,.4308482931856546
placebo,154,Overload,y12,.8549324459379318
placebo,154,Heatstroke,y23,-.1482130535861073
placebo,154,Severe heatstroke,y24,-.1235682880915839
placebo,154,Mild cold hypothermia,y33,.0440577882290468
placebo,154,Moderate cold hypothermia,y34,-.0618394884567095
placebo,155,Workload,y11,.0523878973659618
placebo,155,Overload,y12,1.888694258887673
placebo,155,Heatstroke,y23,-.1353817180994588
placebo,155,Severe heatstroke,y24,-.1198440949200329
placebo,155,Mild cold hypothermia,y33,.0359470562921937
placebo,155,Moderate cold hypothermia,y34,-.1402899663225139
placebo,156,Workload,y11,-.7268335831485818
placebo,156,Overload,y12,-.8957842185024705
placebo,156,Heatstroke,y23,-.1588754866215432
placebo,156,Severe heatstroke,y24,-.1275376517108838
placebo,156,Mild cold hypothermia,y33,1.62093100090802
placebo,156,Moderate cold hypothermia,y34,.5624702552231081
placebo,157,Workload,y11,.317880197757539
placebo,157,Overload,y12,.2985238688715789
placebo,157,Heatstroke,y23,-.3508509579006998
placebo,157,Severe heatstroke,y24,-.1278777153858983
placebo,157,Mild cold hypothermia,y33,-.3238851305732988
placebo,157,Moderate cold hypothermia,y34,-.1211971866895714
placebo,158,Workload,y11,.4927661698565442
placebo,158,Overload,y12,-.3244332305052068
placebo,158,Heatstroke,y23,.4635650236758559
placebo,158,Severe heatstroke,y24,.3558830734951913
placebo,158,Mild cold hypothermia,y33,.8029120439682234
placebo,158,Moderate cold hypothermia,y34,.3989226703843018
placebo,159,Workload,y11,.8773371794766119
placebo,159,Overload,y12,.7412934466009574
placebo,159,Heatstroke,y23,.9025868174831403
placebo,159,Severe heatstroke,y24,.3988947810506625
placebo,159,Mild cold hypothermia,y33,-.4502810908663913
placebo,159,Moderate cold hypothermia,y34,-.0120530483821279
placebo,160,Workload,y11,.8206584003292616
placebo,160,Overload,y12,2.292466548504119
placebo,160,Heatstroke,y23,-.3451834532782562
placebo,160,Severe heatstroke,y24,-.1261687999747917
placebo,160,Mild cold hypothermia,y33,.0414711914939215
placebo,160,Moderate cold hypothermia,y34,.3804464880188258
placebo,161,Workload,y11,.4627089491615451
placebo,161,Overload,y12,2.130099364290565
placebo,161,Heatstroke,y23,-.3550905821027581
placebo,161,Severe heatstroke,y24,-.129517366825718
placebo,161,Mild cold hypothermia,y33,.4310120092760955
placebo,161,Moderate cold hypothermia,y34,.1207588032021072
placebo,162,Workload,y11,-1.28375882946274
placebo,162,Overload,y12,-2.600312423527569
placebo,162,Heatstroke,y23,-.1557764372118022
placebo,162,Severe heatstroke,y24,-.1283178425479794
placebo,162,Mild cold hypothermia,y33,-.1283366938968915
placebo,162,Moderate cold hypothermia,y34,-.230995808099858
placebo,163,Workload,y11,-.4611336256792586
placebo,163,Overload,y12,-.1722257666561102
placebo,163,Heatstroke,y23,-.1445238991410426
placebo,163,Severe heatstroke,y24,-.1224765851019771
placebo,163,Mild cold hypothermia,y33,.9695104686389322
placebo,163,Moderate cold hypothermia,y34,-.1379123634400559
placebo,164,Workload,y11,-.0182120383767496
placebo,164,Overload,y12,.6616444896207524
placebo,164,Heatstroke,y23,-.1583959306652751
placebo,164,Severe heatstroke,y24,-.1272484822452083
placebo,164,Mild cold hypothermia,y33,.177470992467132
placebo,164,Moderate cold hypothermia,y34,.0124193983385709
placebo,165,Workload,y11,.4365227951266997
placebo,165,Overload,y12,2.291381850142775
placebo,165,Heatstroke,y23,.2939090405711514
placebo,165,Severe heatstroke,y24,-.072479339584351
placebo,165,Mild cold hypothermia,y33,.7629150573625527
placebo,165,Moderate cold hypothermia,y34,-.1218477800879743
placebo,166,Workload,y11,-.0070321779614873
placebo,166,Overload,y12,-.6649164533559968
placebo,166,Heatstroke,y23,-.0937543381329994
placebo,166,Severe heatstroke,y24,-.1043279252536558
placebo,166,Mild cold hypothermia,y33,-.4731811830106319
placebo,166,Moderate cold hypothermia,y34,-.1972875627351789
placebo,167,Workload,y11,.0286647431611238
placebo,167,Overload,y12,1.190924448277286
placebo,167,Heatstroke,y23,-.371547816265039
placebo,167,Severe heatstroke,y24,-.1344015479999802
placebo,167,Mild cold hypothermia,y33,1.005845909743455
placebo,167,Moderate cold hypothermia,y34,.0302515706132195
placebo,168,Workload,y11,-.6000468844092471
placebo,168,Overload,y12,-1.672163871679527
placebo,168,Heatstroke,y23,-.3387795014887281
placebo,168,Severe heatstroke,y24,-.1236651756485505
placebo,168,Mild cold hypothermia,y33,-.1195079378241741
placebo,168,Moderate cold hypothermia,y34,-.13471927858907
placebo,169,Workload,y11,-.3910070683285435
placebo,169,Overload,y12,-.0628878448024168
placebo,169,Heatstroke,y23,-.2908870974769141
placebo,169,Severe heatstroke,y24,-.1070859817236481
placebo,169,Mild cold hypothermia,y33,.7578665082774534
placebo,169,Moderate cold hypothermia,y34,-.0543567832795358
placebo,170,Workload,y11,.6000828383647139
placebo,170,Overload,y12,1.558715933382485
placebo,170,Heatstroke,y23,-.1298856651117521
placebo,170,Severe heatstroke,y24,-.1158943238860471
placebo,170,Mild cold hypothermia,y33,.1122040755281062
placebo,170,Moderate cold hypothermia,y34,-.0010914442253802
placebo,171,Workload,y11,.6637222765403997
placebo,171,Overload,y12,.4643851747332266
placebo,171,Heatstroke,y23,.6259147648552391
placebo,171,Severe heatstroke,y24,.3433409207315881
placebo,171,Mild cold hypothermia,y33,-.6413963246663066
placebo,171,Moderate cold hypothermia,y34,-.2142185970948316
placebo,172,Workload,y11,.5972754689101613
placebo,172,Overload,y12,.2652320793790452
placebo,172,Heatstroke,y23,-.358901526581725
placebo,172,Severe heatstroke,y24,-.1304162775314189
placebo,172,Mild cold hypothermia,y33,-.4274532453218976
placebo,172,Moderate cold hypothermia,y34,-.1725815468087093
placebo,173,Workload,y11,-.1172188250715176
placebo,173,Overload,y12,.489904323254543
placebo,173,Heatstroke,y23,-.3513082150093566
placebo,173,Severe heatstroke,y24,-.127868701472824
placebo,173,Mild cold hypothermia,y33,-.1595657960688396
placebo,173,Moderate cold hypothermia,y34,.1607315235657438
placebo,174,Workload,y11,1.018122924546389
placebo,174,Overload,y12,1.317106041746946
placebo,174,Heatstroke,y23,.9267100108572028
placebo,174,Severe heatstroke,y24,.4091014767488598
placebo,174,Mild cold hypothermia,y33,.3255953207177583
placebo,174,Moderate cold hypothermia,y34,.0897034912596584
placebo,175,Workload,y11,.8287586228652003
placebo,175,Overload,y12,1.625883544116179
placebo,175,Heatstroke,y23,.4320983158888246
placebo,175,Severe heatstroke,y24,.3440572406309348
placebo,175,Mild cold hypothermia,y33,-.1183841290719367
placebo,175,Moderate cold hypothermia,y34,.0761682860658425
placebo,176,Workload,y11,-.2750374726594154
placebo,176,Overload,y12,-.2166311405548039
placebo,176,Heatstroke,y23,.153613187678445
placebo,176,Severe heatstroke,y24,-.060025999925988
placebo,176,Mild cold hypothermia,y33,.7588840266922775
placebo,176,Moderate cold hypothermia,y34,-.1413902348081732
placebo,177,Workload,y11,-.3931575172124816
placebo,177,Overload,y12,-2.058724590387448
placebo,177,Heatstroke,y23,-.3160286158672853
placebo,177,Severe heatstroke,y24,-.1157106159841153
placebo,177,Mild cold hypothermia,y33,.0042105585107729
placebo,177,Moderate cold hypothermia,y34,.2436278130730498
placebo,178,Workload,y11,.5916867963139649
placebo,178,Overload,y12,.5137228863442047
placebo,178,Heatstroke,y23,.153619279383346
placebo,178,Severe heatstroke,y24,-.0614308933198295
placebo,178,Mild cold hypothermia,y33,.2770372101709787
placebo,178,Moderate cold hypothermia,y34,-.2289871578582489
placebo,179,Workload,y11,.6394186395405024
placebo,179,Overload,y12,1.016873015105954
placebo,179,Heatstroke,y23,.4727379435266878
placebo,179,Severe heatstroke,y24,.3638103194920044
placebo,179,Mild cold hypothermia,y33,-.0606589130554256
placebo,179,Moderate cold hypothermia,y34,.0039629816420302
placebo,180,Workload,y11,.4954197903084162
placebo,180,Overload,y12,2.021163167204717
placebo,180,Heatstroke,y23,.1573444042631333
placebo,180,Severe heatstroke,y24,-.0606330253041037
placebo,180,Mild cold hypothermia,y33,.0579248809619994
placebo,180,Moderate cold hypothermia,y34,-.0972248780586381
placebo,181,Workload,y11,1.406812784315479
placebo,181,Overload,y12,2.758424555847821
placebo,181,Heatstroke,y23,.4477291367514039
placebo,181,Severe heatstroke,y24,.3454147562512911
placebo,181,Mild cold hypothermia,y33,-.3010008838024005
placebo,181,Moderate cold hypothermia,y34,-.1339327323896621
placebo,182,Workload,y11,-.3069342530852452
placebo,182,Overload,y12,-2.251327935512709
placebo,182,Heatstroke,y23,-.1387178781442928
placebo,182,Severe heatstroke,y24,-.1206566853586265
placebo,182,Mild cold hypothermia,y33,-.5831486941099295
placebo,182,Moderate cold hypothermia,y34,-.1326754228305455
placebo,183,Workload,y11,.20676250138303
placebo,183,Overload,y12,1.584364237769016
placebo,183,Heatstroke,y23,.1245992764196199
placebo,183,Severe heatstroke,y24,-.0690609218917742
placebo,183,Mild cold hypothermia,y33,.7501657486168047
placebo,183,Moderate cold hypothermia,y34,.1791975576105979
placebo,184,Workload,y11,.8267104825032201
placebo,184,Overload,y12,-.6337374813950709
placebo,184,Heatstroke,y23,.5876838032768457
placebo,184,Severe heatstroke,y24,.329064732282075
placebo,184,Mild cold hypothermia,y33,-.116171290390563
placebo,184,Moderate cold hypothermia,y34,.0218719085386569
placebo,185,Workload,y11,-.2137789419542571
placebo,185,Overload,y12,-.8528712920235524
placebo,185,Heatstroke,y23,-.3506322107627726
placebo,185,Severe heatstroke,y24,-.127774718995779
placebo,185,Mild cold hypothermia,y33,.4569155998712605
placebo,185,Moderate cold hypothermia,y34,-.1181630060520541
placebo,186,Workload,y11,-.664682885648982
placebo,186,Overload,y12,-.5702286150584446
placebo,186,Heatstroke,y23,-.1140225008614204
placebo,186,Severe heatstroke,y24,-.1136359382668929
placebo,186,Mild cold hypothermia,y33,-.7163090300796879
placebo,186,Moderate cold hypothermia,y34,.2345109051765278
placebo,187,Workload,y11,-.3801146453060528
placebo,187,Overload,y12,-.746950893304194
placebo,187,Heatstroke,y23,-.3227512501088607
placebo,187,Severe heatstroke,y24,-.1180374370920661
placebo,187,Mild cold hypothermia,y33,-.0640994685921314
placebo,187,Moderate cold hypothermia,y34,-.0060128465737179
placebo,188,Workload,y11,.0672698329233994
placebo,188,Overload,y12,1.250635823986244
placebo,188,Heatstroke,y23,-.3619670260088239
placebo,188,Severe heatstroke,y24,-.1317642395283054
placebo,188,Mild cold hypothermia,y33,.1584736049421754
placebo,188,Moderate cold hypothermia,y34,.0115181968881039
placebo,189,Workload,y11,.8994494177812521
placebo,189,Overload,y12,1.762338359997951
placebo,189,Heatstroke,y23,.4456811538803522
placebo,189,Severe heatstroke,y24,.3457624075565248
placebo,189,Mild cold hypothermia,y33,-.6994678573240459
placebo,189,Moderate cold hypothermia,y34,-.1910934080491151
placebo,190,Workload,y11,-.9614831573041607
placebo,190,Overload,y12,-.1014341607253512
placebo,190,Heatstroke,y23,-.3296984651260631
placebo,190,Severe heatstroke,y24,-.1207970084469132
placebo,190,Mild cold hypothermia,y33,.235651231986014
placebo,190,Moderate cold hypothermia,y34,-.1882244552529336
placebo,191,Workload,y11,-.5443190526509759
placebo,191,Overload,y12,-.3780995591739014
placebo,191,Heatstroke,y23,-.3333250197752479
placebo,191,Severe heatstroke,y24,-.1216107477428521
placebo,191,Mild cold hypothermia,y33,.5240401571613565
placebo,191,Moderate cold hypothermia,y34,.3143156025099463
placebo,192,Workload,y11,-.8883567275022621
placebo,192,Overload,y12,-.9955728560912005
placebo,192,Heatstroke,y23,-.3534795868966645
placebo,192,Severe heatstroke,y24,-.1288044318097478
placebo,192,Mild cold hypothermia,y33,-.5114704852082333
placebo,192,Moderate cold hypothermia,y34,-.2311987584940231
placebo,193,Workload,y11,-.2874492424456065
placebo,193,Overload,y12,-.4859017089867265
placebo,193,Heatstroke,y23,-.3272371365745099
placebo,193,Severe heatstroke,y24,-.119631273598205
placebo,193,Mild cold hypothermia,y33,-.0353041797479351
placebo,193,Moderate cold hypothermia,y34,.1574380418777642
placebo,194,Workload,y11,-.2597596590986766
placebo,194,Overload,y12,-1.946829487857477
placebo,194,Heatstroke,y23,-.3286112669344049
placebo,194,Severe heatstroke,y24,-.1199135306285034
placebo,194,Mild cold hypothermia,y33,-.8851369900410895
placebo,194,Moderate cold hypothermia,y34,-.1212635781031072
placebo,195,Workload,y11,-1.380688605682102
placebo,195,Overload,y12,-2.199841176276467
placebo,195,Heatstroke,y23,-.3426226677517331
placebo,195,Severe heatstroke,y24,-.1251576577643283
placebo,195,Mild cold hypothermia,y33,.2302118229272699
placebo,195,Moderate cold hypothermia,y34,-.0111107077510396
placebo,196,Workload,y11,-.6317403691396
placebo,196,Overload,y12,-1.215752971526525
placebo,196,Heatstroke,y23,-.1301384636401496
placebo,196,Severe heatstroke,y24,-.1191070086582311
placebo,196,Mild cold hypothermia,y33,.1608441041579983
placebo,196,Moderate cold hypothermia,y34,-.1495354038784898
placebo,197,Workload,y11,.0562961377769822
placebo,197,Overload,y12,.6308188054121415
placebo,197,Heatstroke,y23,-.3585147848849213
placebo,197,Severe heatstroke,y24,-.1304791369629896
placebo,197,Mild cold hypothermia,y33,-.7129181865848635
placebo,197,Moderate cold hypothermia,y34,.3053751041090125
placebo,198,Workload,y11,.383207614037026
placebo,198,Overload,y12,1.149489176996449
placebo,198,Heatstroke,y23,-.3450954894827656
placebo,198,Severe heatstroke,y24,-.1257729015347492
placebo,198,Mild cold hypothermia,y33,-.2039480687924919
placebo,198,Moderate cold hypothermia,y34,.2993944733216781
placebo,199,Workload,y11,-.0752914750399352
placebo,199,Overload,y12,.9461383350403558
placebo,199,Heatstroke,y23,-.3037681998981268
placebo,199,Severe heatstroke,y24,-.1117157900793368
placebo,199,Mild cold hypothermia,y33,-.0026909143334663
placebo,199,Moderate cold hypothermia,y34,.0771291393131935
placebo,200,Workload,y11,-.651259217789753
placebo,200,Overload,y12,-1.712853995308098
placebo,200,Heatstroke,y23,-.362972162854159
placebo,200,Severe heatstroke,y24,-.1318619903223108
placebo,200,Mild cold hypothermia,y33,.0727715614827931
placebo,200,Moderate cold hypothermia,y34,.026037562064666
placebo,201,Workload,y11,-.2220970134043074
placebo,201,Overload,y12,-.728662643847772
placebo,201,Heatstroke,y23,-.1317971969889585
placebo,201,Severe heatstroke,y24,-.1184589673533744
placebo,201,Mild cold hypothermia,y33,1.842965535287534
placebo,201,Moderate cold hypothermia,y34,-.0192832621398762
placebo,202,Workload,y11,-.85297921242073
placebo,202,Overload,y12,-1.433952282003375
placebo,202,Heatstroke,y23,-.1340094392406719
placebo,202,Severe heatstroke,y24,-.1203882579906135
placebo,202,Mild cold hypothermia,y33,.0135521519150331
placebo,202,Moderate cold hypothermia,y34,-.1426799942187729
placebo,203,Workload,y11,-.5025493401183144
placebo,203,Overload,y12,-.900675475236998
placebo,203,Heatstroke,y23,.4511042237783984
placebo,203,Severe heatstroke,y24,.3510915447018212
placebo,203,Mild cold hypothermia,y33,1.288608611665993
placebo,203,Moderate cold hypothermia,y34,.2634888147556615
placebo,204,Workload,y11,-.0672008451651686
placebo,204,Overload,y12,.4660483775413216
placebo,204,Heatstroke,y23,-.1490978956977339
placebo,204,Severe heatstroke,y24,-.1260635920772691
placebo,204,Mild cold hypothermia,y33,.3479892430519009
placebo,204,Moderate cold hypothermia,y34,.0476675699674318
placebo,205,Workload,y11,.1669510348300547
placebo,205,Overload,y12,.5279363311646729
placebo,205,Heatstroke,y23,-.3480921480773641
placebo,205,Severe heatstroke,y24,-.1265612707403112
placebo,205,Mild cold hypothermia,y33,-.2972299329331371
placebo,205,Moderate cold hypothermia,y34,-.0635667857643137
placebo,206,Workload,y11,-.2133769205334542
placebo,206,Overload,y12,.5126674646907224
placebo,206,Heatstroke,y23,-.3701215994864532
placebo,206,Severe heatstroke,y24,-.1346506134313165
placebo,206,Mild cold hypothermia,y33,.3900302278612955
placebo,206,Moderate cold hypothermia,y34,.4611068411827389
placebo,207,Workload,y11,-.1189836059885747
placebo,207,Overload,y12,-.5339964088363183
placebo,207,Heatstroke,y23,.1533537855746995
placebo,207,Severe heatstroke,y24,-.0598276710635507
placebo,207,Mild cold hypothermia,y33,-.7743962299870745
placebo,207,Moderate cold hypothermia,y34,-.1099228428112992
placebo,208,Workload,y11,-.6875229700163288
placebo,208,Overload,y12,.0120857248764499
placebo,208,Heatstroke,y23,-.1425033365632943
placebo,208,Severe heatstroke,y24,-.1225174923161449
placebo,208,Mild cold hypothermia,y33,-.5260348956942633
placebo,208,Moderate cold hypothermia,y34,-.1960729744126452
placebo,209,Workload,y11,.0472619364960348
placebo,209,Overload,y12,-.1909115367365853
placebo,209,Heatstroke,y23,-.1087632190769748
placebo,209,Severe heatstroke,y24,-.1091767418831188
placebo,209,Mild cold hypothermia,y33,-.2023096851987135
placebo,209,Moderate cold hypothermia,y34,.1444449955406448
placebo,210,Workload,y11,-.013764933137376
placebo,210,Overload,y12,-.3588208039484266
placebo,210,Heatstroke,y23,-.1903347350747569
placebo,210,Severe heatstroke,y24,-.1385769679048321
placebo,210,Mild cold hypothermia,y33,.9341709330662242
placebo,210,Moderate cold hypothermia,y34,.4720821773006846
placebo,211,Workload,y11,.1438411064540888
placebo,211,Overload,y12,.1286549269458424
placebo,211,Heatstroke,y23,-.1637065983270508
placebo,211,Severe heatstroke,y24,-.1301029949129356
placebo,211,Mild cold hypothermia,y33,.2923103797633805
placebo,211,Moderate cold hypothermia,y34,.14251936412564
placebo,212,Workload,y11,-1.069266992346694
placebo,212,Overload,y12,-2.231290033172422
placebo,212,Heatstroke,y23,-.149775486806707
placebo,212,Severe heatstroke,y24,-.1247616186314725
placebo,212,Mild cold hypothermia,y33,.8739637866585693
placebo,212,Moderate cold hypothermia,y34,-.0910969817267512
placebo,213,Workload,y11,.3130312580929342
placebo,213,Overload,y12,.5812113807825213
placebo,213,Heatstroke,y23,-.3273607075883146
placebo,213,Severe heatstroke,y24,-.1194454645020149
placebo,213,Mild cold hypothermia,y33,-.853236695369231
placebo,213,Moderate cold hypothermia,y34,-.1096308559110064
placebo,214,Workload,y11,-.14607796535817
placebo,214,Overload,y12,.0310776407495807
placebo,214,Heatstroke,y23,.4749856027695019
placebo,214,Severe heatstroke,y24,.3590281766204827
placebo,214,Mild cold hypothermia,y33,-.8206043023056061
placebo,214,Moderate cold hypothermia,y34,-.1993054581213175
placebo,215,Workload,y11,-.5187595365454419
placebo,215,Overload,y12,-.8043055378735658
placebo,215,Heatstroke,y23,-.325602444331053
placebo,215,Severe heatstroke,y24,-.1192396096257505
placebo,215,Mild cold hypothermia,y33,-.3069282005203046
placebo,215,Moderate cold hypothermia,y34,-.0664215320966391
placebo,216,Workload,y11,-.2207935130841261
placebo,216,Overload,y12,-.4144962667212255
placebo,216,Heatstroke,y23,.1087412343256505
placebo,216,Severe heatstroke,y24,-.0751998324730137
placebo,216,Mild cold hypothermia,y33,.1150185903313403
placebo,216,Moderate cold hypothermia,y34,-.132472388424427
placebo,217,Workload,y11,.520620227459768
placebo,217,Overload,y12,-.2115989959011118
placebo,217,Heatstroke,y23,-.1100608974592435
placebo,217,Severe heatstroke,y24,-.1103794094966773
placebo,217,Mild cold hypothermia,y33,-.6781103867271109
placebo,217,Moderate cold hypothermia,y34,-.1855206204727259
placebo,218,Workload,y11,-.9160831246585001
placebo,218,Overload,y12,-1.346377887549965
placebo,218,Heatstroke,y23,-.3649891271472827
placebo,218,Severe heatstroke,y24,-.1330171704789195
placebo,218,Mild cold hypothermia,y33,-.0955466022567668
placebo,218,Moderate cold hypothermia,y34,.0374216824525327
placebo,219,Workload,y11,-.4035176202357477
placebo,219,Overload,y12,1.347300230796515
placebo,219,Heatstroke,y23,-.3495112058105497
placebo,219,Severe heatstroke,y24,-.1275162436527046
placebo,219,Mild cold hypothermia,y33,.7713211220558653
placebo,219,Moderate cold hypothermia,y34,.3436178661341313
placebo,220,Workload,y11,.0445588109693881
placebo,220,Overload,y12,1.132483717206033
placebo,220,Heatstroke,y23,-.3594712869026584
placebo,220,Severe heatstroke,y24,-.1309500285668772
placebo,220,Mild cold hypothermia,y33,.2616219339456444
placebo,220,Moderate cold hypothermia,y34,.1466423789767523
placebo,221,Workload,y11,.5292926557842368
placebo,221,Overload,y12,.1788670498523415
placebo,221,Heatstroke,y23,.4880227749056191
placebo,221,Severe heatstroke,y24,.3632975284600792
placebo,221,Mild cold hypothermia,y33,-.3936224071591553
placebo,221,Moderate cold hypothermia,y34,-.1917597112292366
placebo,222,Workload,y11,-.2476065289857925
placebo,222,Overload,y12,-.2920545276143968
placebo,222,Heatstroke,y23,-.350537515811679
placebo,222,Severe heatstroke,y24,-.1276582126281766
placebo,222,Mild cold hypothermia,y33,.8262661331541414
placebo,222,Moderate cold hypothermia,y34,.0690456862723024
placebo,223,Workload,y11,.7059104008727934
placebo,223,Overload,y12,2.847756159975997
placebo,223,Heatstroke,y23,-.3339117298958079
placebo,223,Severe heatstroke,y24,-.1228730174549559
placebo,223,Mild cold hypothermia,y33,-.7663427633673732
placebo,223,Moderate cold hypothermia,y34,-.2000362744189127
placebo,224,Workload,y11,.5744197111283584
placebo,224,Overload,y12,1.358254726207938
placebo,224,Heatstroke,y23,.620321039509181
placebo,224,Severe heatstroke,y24,.3412084877286428
placebo,224,Mild cold hypothermia,y33,.5265715296649041
placebo,224,Moderate cold hypothermia,y34,-.0293180906354377
placebo,225,Workload,y11,-.4216770910884551
placebo,225,Overload,y12,-.5053664787012923
placebo,225,Heatstroke,y23,-.3153058345125276
placebo,225,Severe heatstroke,y24,-.1154539393884497
placebo,225,Mild cold hypothermia,y33,.542241969868601
placebo,225,Moderate cold hypothermia,y34,.3642686514107866
placebo,226,Workload,y11,.930260038057061
placebo,226,Overload,y12,.0651225790723196
placebo,226,Heatstroke,y23,.4239665479031989
placebo,226,Severe heatstroke,y24,.3377116813030047
placebo,226,Mild cold hypothermia,y33,-.4107869696244422
placebo,226,Moderate cold hypothermia,y34,-.0141361460304108
placebo,227,Workload,y11,.4424332249652958
placebo,227,Overload,y12,-.5328652759730335
placebo,227,Heatstroke,y23,.6197467162095076
placebo,227,Severe heatstroke,y24,.3404594382720574
placebo,227,Mild cold hypothermia,y33,-1.162044600971136
placebo,227,Moderate cold hypothermia,y34,-.2242340687920199
placebo,228,Workload,y11,.2286106082491252
placebo,228,Overload,y12,1.091027516525479
placebo,228,Heatstroke,y23,-.322199665627107
placebo,228,Severe heatstroke,y24,-.1180064224571275
placebo,228,Mild cold hypothermia,y33,.5055317492335565
placebo,228,Moderate cold hypothermia,y34,.3151611596794915
placebo,229,Workload,y11,-.0763216362648494
placebo,229,Overload,y12,.4107414580478054
placebo,229,Heatstroke,y23,-.31707547022905
placebo,229,Severe heatstroke,y24,-.1160985986066871
placebo,229,Mild cold hypothermia,y33,.823908465884735
placebo,229,Moderate cold hypothermia,y34,.3400001483423776
placebo,230,Workload,y11,.6344567804751248
placebo,230,Overload,y12,1.366717634525375
placebo,230,Heatstroke,y23,.1358873957950979
placebo,230,Severe heatstroke,y24,-.0656244701680647
placebo,230,Mild cold hypothermia,y33,-.2134943038715418
placebo,230,Moderate cold hypothermia,y34,-.0068920536469699
placebo,231,Workload,y11,.3152437061237029
placebo,231,Overload,y12,.6561519082469772
placebo,231,Heatstroke,y23,.1042698793388797
placebo,231,Severe heatstroke,y24,-.07711947931071
placebo,231,Mild cold hypothermia,y33,.2970892765476648
placebo,231,Moderate cold hypothermia,y34,.5042444550262642
placebo,232,Workload,y11,.3912857530863244
placebo,232,Overload,y12,1.138154434075514
placebo,232,Heatstroke,y23,.1504238512710902
placebo,232,Severe heatstroke,y24,-.0608583246121449
placebo,232,Mild cold hypothermia,y33,.558439968329892
placebo,232,Moderate cold hypothermia,y34,.3455458595513308
placebo,233,Workload,y11,-.3356829709366492
placebo,233,Overload,y12,.5517706545219765
placebo,233,Heatstroke,y23,-.3280792715518383
placebo,233,Severe heatstroke,y24,-.1198232128933826
placebo,233,Mild cold hypothermia,y33,-.8888044969662564
placebo,233,Moderate cold hypothermia,y34,.0437633898501495
placebo,234,Workload,y11,-.6631476045572372
placebo,234,Overload,y12,-1.808465303478852
placebo,234,Heatstroke,y23,-.3657349916847358
placebo,234,Severe heatstroke,y24,-.132994452410512
placebo,234,Mild cold hypothermia,y33,.7609722610387842
placebo,234,Moderate cold hypothermia,y34,.4461308772312489
placebo,235,Workload,y11,.2479484152995172
placebo,235,Overload,y12,-.4182265729992466
placebo,235,Heatstroke,y23,-.1507687654934268
placebo,235,Severe heatstroke,y24,-.1238238199214515
placebo,235,Mild cold hypothermia,y33,.2567781033347854
placebo,235,Moderate cold hypothermia,y34,-.110343718615538
placebo,236,Workload,y11,.4581030019042251
placebo,236,Overload,y12,.6852400397804101
placebo,236,Heatstroke,y23,.1467692425910792
placebo,236,Severe heatstroke,y24,-.062968414847096
placebo,236,Mild cold hypothermia,y33,.5494801297444852
placebo,236,Moderate cold hypothermia,y34,-.0312439084606076
placebo,237,Workload,y11,.1294641945244146
placebo,237,Overload,y12,-.4256852568215654
placebo,237,Heatstroke,y23,.158252092538665
placebo,237,Severe heatstroke,y24,-.0575834866263671
placebo,237,Mild cold hypothermia,y33,-.7652732103536874
placebo,237,Moderate cold hypothermia,y34,-.1908414456362303
placebo,238,Workload,y11,.2707310370403334
placebo,238,Overload,y12,1.177221925621493
placebo,238,Heatstroke,y23,.1723485129346384
placebo,238,Severe heatstroke,y24,-.0570798533895815
placebo,238,Mild cold hypothermia,y33,.6148698724578066
placebo,238,Moderate cold hypothermia,y34,-.0025760100381581
placebo,239,Workload,y11,-.2270709435263919
placebo,239,Overload,y12,-.9989715459732401
placebo,239,Heatstroke,y23,-.294378965395015
placebo,239,Severe heatstroke,y24,-.1084178438910639
placebo,239,Mild cold hypothermia,y33,-.4441119986171866
placebo,239,Moderate cold hypothermia,y34,-.011251631756548
placebo,240,Workload,y11,.6521367644650057
placebo,240,Overload,y12,1.247328174184647
placebo,240,Heatstroke,y23,-.3636745712189882
placebo,240,Severe heatstroke,y24,-.1320920692608108
placebo,240,Mild cold hypothermia,y33,.0883927117581624
placebo,240,Moderate cold hypothermia,y34,.0967013160781692
placebo,241,Workload,y11,1.340379122592098
placebo,241,Overload,y12,2.128834715304844
placebo,241,Heatstroke,y23,.9293663279888561
placebo,241,Severe heatstroke,y24,.4077151642276297
placebo,241,Mild cold hypothermia,y33,.3098964524310248
placebo,241,Moderate cold hypothermia,y34,-.147964419876853
placebo,242,Workload,y11,.5166505159254331
placebo,242,Overload,y12,-.3053258914539356
placebo,242,Heatstroke,y23,.9024533785538558
placebo,242,Severe heatstroke,y24,.3976580100992319
placebo,242,Mild cold hypothermia,y33,.5134221851197317
placebo,242,Moderate cold hypothermia,y34,.4163061316050812
placebo,243,Workload,y11,.1856181588632647
placebo,243,Overload,y12,.1218888960344347
placebo,243,Heatstroke,y23,.1435426231454644
placebo,243,Severe heatstroke,y24,-.0621443791024569
placebo,243,Mild cold hypothermia,y33,.2272050228027116
placebo,243,Moderate cold hypothermia,y34,.0104695320488266
placebo,244,Workload,y11,-1.037605795684092
placebo,244,Overload,y12,-1.578174733367481
placebo,244,Heatstroke,y23,-.3140490956981632
placebo,244,Severe heatstroke,y24,-.1151901118305153
placebo,244,Mild cold hypothermia,y33,-.5806647255782302
placebo,244,Moderate cold hypothermia,y34,-.1104050141657485
placebo,245,Workload,y11,.1401090493008003
placebo,245,Overload,y12,.4848282016200953
placebo,245,Heatstroke,y23,.3331607507414086
placebo,245,Severe heatstroke,y24,-.0659530547002009
placebo,245,Mild cold hypothermia,y33,.7432942634325059
placebo,245,Moderate cold hypothermia,y34,-.2036738698991151
placebo,246,Workload,y11,.5887445625349396
placebo,246,Overload,y12,1.166890154811237
placebo,246,Heatstroke,y23,.4207646794396146
placebo,246,Severe heatstroke,y24,.3349680988429906
placebo,246,Mild cold hypothermia,y33,-.4541429767888299
placebo,246,Moderate cold hypothermia,y34,-.0690502892519752
placebo,247,Workload,y11,.2758132507435289
placebo,247,Overload,y12,.4205128161778892
placebo,247,Heatstroke,y23,-.3771237863993406
placebo,247,Severe heatstroke,y24,-.1372291212462489
placebo,247,Mild cold hypothermia,y33,.4671485615031421
placebo,247,Moderate cold hypothermia,y34,-.0108144166945522
placebo,248,Workload,y11,.3810269352417823
placebo,248,Overload,y12,2.524372957541709
placebo,248,Heatstroke,y23,-.378016964579926
placebo,248,Severe heatstroke,y24,-.1370983218000832
placebo,248,Mild cold hypothermia,y33,-.1759391503020107
placebo,248,Moderate cold hypothermia,y34,-.0320259367678029
placebo,249,Workload,y11,.7330675183095922
placebo,249,Overload,y12,1.315412882729606
placebo,249,Heatstroke,y23,.6196833329616575
placebo,249,Severe heatstroke,y24,.338243407343727
placebo,249,Mild cold hypothermia,y33,-.4634750882035607
placebo,249,Moderate cold hypothermia,y34,.2256477051261585
placebo,250,Workload,y11,.0512743300564431
placebo,250,Overload,y12,.706852942552339
placebo,250,Heatstroke,y23,.1642948027981597
placebo,250,Severe heatstroke,y24,-.057612746451273
placebo,250,Mild cold hypothermia,y33,1.159616564832518
placebo,250,Moderate cold hypothermia,y34,.1317550508783349
placebo,251,Workload,y11,-.1324719459992105
placebo,251,Overload,y12,-.4692884582738663
placebo,251,Heatstroke,y23,-.3690418030039312
placebo,251,Severe heatstroke,y24,-.1339644236520347
placebo,251,Mild cold hypothermia,y33,-.3747455803597243
placebo,251,Moderate cold hypothermia,y34,-.1744770216062057
placebo,252,Workload,y11,.0826010743582841
placebo,252,Overload,y12,.6558700470770829
placebo,252,Heatstroke,y23,-.3219722012874083
placebo,252,Severe heatstroke,y24,-.1178235302948216
placebo,252,Mild cold hypothermia,y33,-.9684989370627687
placebo,252,Moderate cold hypothermia,y34,-.1711421621515135
placebo,253,Workload,y11,-.3004865716042338
placebo,253,Overload,y12,-1.941383729041329
placebo,253,Heatstroke,y23,-.3319785800274306
placebo,253,Severe heatstroke,y24,-.1209576071779748
placebo,253,Mild cold hypothermia,y33,-.607170834501467
placebo,253,Moderate cold hypothermia,y34,-.1970628780426408
placebo,254,Workload,y11,-.6722049860232551
placebo,254,Overload,y12,-1.150386815899421
placebo,254,Heatstroke,y23,-.350709941581797
placebo,254,Severe heatstroke,y24,-.1279400007120207
placebo,254,Mild cold hypothermia,y33,.1150896459621397
placebo,254,Moderate cold hypothermia,y34,-.035998577411183
placebo,255,Workload,y11,-.111995614399366
placebo,255,Overload,y12,-1.40441698371563
placebo,255,Heatstroke,y23,-.2743336624451667
placebo,255,Severe heatstroke,y24,-.101187530584676
placebo,255,Mild cold hypothermia,y33,-.2502827719573747
placebo,255,Moderate cold hypothermia,y34,-.1356589435003888
placebo,256,Workload,y11,-.6626624321893686
placebo,256,Overload,y12,-1.67353890942909
placebo,256,Heatstroke,y23,-.3130689783057729
placebo,256,Severe heatstroke,y24,-.1152166238413584
placebo,256,Mild cold hypothermia,y33,.4935826598309903
placebo,256,Moderate cold hypothermia,y34,.0392216396094918
placebo,257,Workload,y11,-.9499178609353213
placebo,257,Overload,y12,-1.410029159972604
placebo,257,Heatstroke,y23,-.3157669085277036
placebo,257,Severe heatstroke,y24,-.1152973839406974
placebo,257,Mild cold hypothermia,y33,-.0650177256396045
placebo,257,Moderate cold hypothermia,y34,.074921194030423
placebo,258,Workload,y11,1.697666018777905
placebo,258,Overload,y12,2.045508809466593
placebo,258,Heatstroke,y23,.8969141488991911
placebo,258,Severe heatstroke,y24,.3972701199868849
placebo,258,Mild cold hypothermia,y33,-.2711381625673779
placebo,258,Moderate cold hypothermia,y34,.0265361335059863
placebo,259,Workload,y11,.4705042864254557
placebo,259,Overload,y12,1.09498823951829
placebo,259,Heatstroke,y23,.4646932113747782
placebo,259,Severe heatstroke,y24,.3538032553708124
placebo,259,Mild cold hypothermia,y33,-.0761399842518241
placebo,259,Moderate cold hypothermia,y34,.1309883988659795
placebo,260,Workload,y11,-.4133445069551347
placebo,260,Overload,y12,-1.295353884745952
placebo,260,Heatstroke,y23,-.2993791596095808
placebo,260,Severe heatstroke,y24,-.1099332688039481
placebo,260,Mild cold hypothermia,y33,-.2829108158127903
placebo,260,Moderate cold hypothermia,y34,.0738653517416111
placebo,261,Workload,y11,-.4729984281524579
placebo,261,Overload,y12,-1.704011764581952
placebo,261,Heatstroke,y23,-.0954221177079387
placebo,261,Severe heatstroke,y24,-.1088889768023603
placebo,261,Mild cold hypothermia,y33,-.1814053794005636
placebo,261,Moderate cold hypothermia,y34,.1309584060796002
placebo,262,Workload,y11,-.1307221652172484
placebo,262,Overload,y12,1.003527549756812
placebo,262,Heatstroke,y23,-.1703309960621724
placebo,262,Severe heatstroke,y24,-.133101876430196
placebo,262,Mild cold hypothermia,y33,-.0337437808269278
placebo,262,Moderate cold hypothermia,y34,-.2039545394095569
placebo,263,Workload,y11,-.6779356586720257
placebo,263,Overload,y12,-1.584216157145159
placebo,263,Heatstroke,y23,-.2969669997741787
placebo,263,Severe heatstroke,y24,-.1095361478321248
placebo,263,Mild cold hypothermia,y33,.2198534422214166
placebo,263,Moderate cold hypothermia,y34,-.2101040645544237
placebo,264,Workload,y11,-.1019415490780306
placebo,264,Overload,y12,1.503003173291812
placebo,264,Heatstroke,y23,-.3105804890763386
placebo,264,Severe heatstroke,y24,-.113730688380218
placebo,264,Mild cold hypothermia,y33,.0054091923692898
placebo,264,Moderate cold hypothermia,y34,-.10189432278101
placebo,265,Workload,y11,.36141679538205
placebo,265,Overload,y12,.4123445296586059
placebo,265,Heatstroke,y23,.1313345699216234
placebo,265,Severe heatstroke,y24,-.0661133615044266
placebo,265,Mild cold hypothermia,y33,.3537131985124941
placebo,265,Moderate cold hypothermia,y34,.3815441546308807
placebo,266,Workload,y11,.2925574967735295
placebo,266,Overload,y12,1.940644080623448
placebo,266,Heatstroke,y23,-.3274649648585453
placebo,266,Severe heatstroke,y24,-.1199761098231057
placebo,266,Mild cold hypothermia,y33,-.3590590044181604
placebo,266,Moderate cold hypothermia,y34,.0375805927947803
placebo,267,Workload,y11,-.5028854073222566
placebo,267,Overload,y12,-.699250092819893
placebo,267,Heatstroke,y23,.1038137509332119
placebo,267,Severe heatstroke,y24,-.0750064737191212
placebo,267,Mild cold hypothermia,y33,-.0747020655978806
placebo,267,Moderate cold hypothermia,y34,-.0417922585930959
placebo,268,Workload,y11,.1610847940842854
placebo,268,Overload,y12,.2687157698107587
placebo,268,Heatstroke,y23,.1268039123853651
placebo,268,Severe heatstroke,y24,-.0683493639138585
placebo,268,Mild cold hypothermia,y33,.425927296880097
placebo,268,Moderate cold hypothermia,y34,-.1330371160406983
placebo,269,Workload,y11,.2862866270848311
placebo,269,Overload,y12,1.318694731583085
placebo,269,Heatstroke,y23,-.330500228751629
placebo,269,Severe heatstroke,y24,-.1207347529708867
placebo,269,Mild cold hypothermia,y33,.2977333004461429
placebo,269,Moderate cold hypothermia,y34,-.06744472783744
placebo,270,Workload,y11,1.331459000911503
placebo,270,Overload,y12,3.185382212774565
placebo,270,Heatstroke,y23,.4838337448350249
placebo,270,Severe heatstroke,y24,.3611156685013449
placebo,270,Mild cold hypothermia,y33,.7099292034245112
placebo,270,Moderate cold hypothermia,y34,-.0932420425164879
placebo,271,Workload,y11,.1031775567779784
placebo,271,Overload,y12,1.720108569353444
placebo,271,Heatstroke,y23,-.3657564552207768
placebo,271,Severe heatstroke,y24,-.1327924378734246
placebo,271,Mild cold hypothermia,y33,-.1385956111540451
placebo,271,Moderate cold hypothermia,y34,-.0396214246706268
placebo,272,Workload,y11,-.3895819103137453
placebo,272,Overload,y12,-1.144871714664894
placebo,272,Heatstroke,y23,-.3438475369926463
placebo,272,Severe heatstroke,y24,-.1252797673599845
placebo,272,Mild cold hypothermia,y33,.0918143932644732
placebo,272,Moderate cold hypothermia,y34,-.0583185669268265
placebo,273,Workload,y11,-.1963278844556
placebo,273,Overload,y12,-.4210315311839516
placebo,273,Heatstroke,y23,-.3074162791557781
placebo,273,Severe heatstroke,y24,-.1127315543523383
placebo,273,Mild cold hypothermia,y33,-.0416607325226748
placebo,273,Moderate cold hypothermia,y34,-.09095547041959
placebo,274,Workload,y11,.0109636718550096
placebo,274,Overload,y12,.7747842244277484
placebo,274,Heatstroke,y23,-.3557553097968622
placebo,274,Severe heatstroke,y24,-.12933605549817
placebo,274,Mild cold hypothermia,y33,.1423704130186577
placebo,274,Moderate cold hypothermia,y34,-.0311786975486742
placebo,275,Workload,y11,.3484179359725673
placebo,275,Overload,y12,-.1117887483697444
placebo,275,Heatstroke,y23,.1720427666264203
placebo,275,Severe heatstroke,y24,-.0547828449396544
placebo,275,Mild cold hypothermia,y33,.859996850645167
placebo,275,Moderate cold hypothermia,y34,-.1672629814989537
placebo,276,Workload,y11,.4891747181639192
placebo,276,Overload,y12,.9131218226040092
placebo,276,Heatstroke,y23,-.1319373437024582
placebo,276,Severe heatstroke,y24,-.1186003408131467
placebo,276,Mild cold hypothermia,y33,-.476238565969104
placebo,276,Moderate cold hypothermia,y34,-.0697901606279708
placebo,277,Workload,y11,.4152674382797617
placebo,277,Overload,y12,1.648883909276878
placebo,277,Heatstroke,y23,-.3015148144673982
placebo,277,Severe heatstroke,y24,-.1108337178202065
placebo,277,Mild cold hypothermia,y33,.4831282872301717
placebo,277,Moderate cold hypothermia,y34,.1926004978784144
placebo,278,Workload,y11,.0322856063575025
placebo,278,Overload,y12,-.145558672700521
placebo,278,Heatstroke,y23,-.3185304891958152
placebo,278,Severe heatstroke,y24,-.1165454241784914
placebo,278,Mild cold hypothermia,y33,-.3459397786758666
placebo,278,Moderate cold hypothermia,y34,-.0878713991171491
placebo,279,Workload,y11,.6889078765217382
placebo,279,Overload,y12,2.034024689400753
placebo,279,Heatstroke,y23,1.061344234897208
placebo,279,Severe heatstroke,y24,.387774026326447
placebo,279,Mild cold hypothermia,y33,-.1628142589280423
placebo,279,Moderate cold hypothermia,y34,.2512427573932658
placebo,280,Workload,y11,-.100534929116973
placebo,280,Overload,y12,.9213563617377981
placebo,280,Heatstroke,y23,-.3413182906713179
placebo,280,Severe heatstroke,y24,-.1244118790933053
placebo,280,Mild cold hypothermia,y33,.1408524915249059
placebo,280,Moderate cold hypothermia,y34,-.1663550179417644
placebo,281,Workload,y11,-.5066232751363673
placebo,281,Overload,y12,-.9874818541510995
placebo,281,Heatstroke,y23,-.3267332626176835
placebo,281,Severe heatstroke,y24,-.1192151136876004
placebo,281,Mild cold hypothermia,y33,.4352087472776473
placebo,281,Moderate cold hypothermia,y34,.4353221715792585
placebo,282,Workload,y11,.3166813264598461
placebo,282,Overload,y12,.3818406440554696
placebo,282,Heatstroke,y23,-.2957980359819811
placebo,282,Severe heatstroke,y24,-.1086477405198621
placebo,282,Mild cold hypothermia,y33,-.1962561557233745
placebo,282,Moderate cold hypothermia,y34,.0413747795811603
placebo,283,Workload,y11,-.1744200339204258
placebo,283,Overload,y12,.2601712863391233
placebo,283,Heatstroke,y23,-.1676707597932526
placebo,283,Severe heatstroke,y24,-.1303343607744609
placebo,283,Mild cold hypothermia,y33,.4710341671065948
placebo,283,Moderate cold hypothermia,y34,.1044280209477606
placebo,284,Workload,y11,.3766364887868973
placebo,284,Overload,y12,-.3485353564821027
placebo,284,Heatstroke,y23,.3139668506893096
placebo,284,Severe heatstroke,y24,-.065871574522943
placebo,284,Mild cold hypothermia,y33,-.5399417388432967
placebo,284,Moderate cold hypothermia,y34,.1768520639032739
placebo,285,Workload,y11,-.5930476236134004
placebo,285,Overload,y12,-.3958406000261745
placebo,285,Heatstroke,y23,-.3236647322894131
placebo,285,Severe heatstroke,y24,-.1182825149189375
placebo,285,Mild cold hypothermia,y33,-.7212517462395504
placebo,285,Moderate cold hypothermia,y34,.2150502343726854
placebo,286,Workload,y11,-.3792647533603812
placebo,286,Overload,y12,-.1702767637814382
placebo,286,Heatstroke,y23,-.1328136006375036
placebo,286,Severe heatstroke,y24,-.119401964522775
placebo,286,Mild cold hypothermia,y33,-.1946588442181491
placebo,286,Moderate cold hypothermia,y34,.3131968790661168
placebo,287,Workload,y11,-1.643705461884271
placebo,287,Overload,y12,-3.154973891954959
placebo,287,Heatstroke,y23,-.3131539047187011
placebo,287,Severe heatstroke,y24,-.114900586769097
placebo,287,Mild cold hypothermia,y33,1.13586410057366
placebo,287,Moderate cold hypothermia,y34,.3928919759215387
placebo,288,Workload,y11,.3996133314609382
placebo,288,Overload,y12,1.983377196730502
placebo,288,Heatstroke,y23,-.3828862162378381
placebo,288,Severe heatstroke,y24,-.1394519031076005
placebo,288,Mild cold hypothermia,y33,.437536167129879
placebo,288,Moderate cold hypothermia,y34,-.0168300018076418
placebo,289,Workload,y11,.983938264131241
placebo,289,Overload,y12,1.146726555770742
placebo,289,Heatstroke,y23,.4732761060431215
placebo,289,Severe heatstroke,y24,.3583801387374843
placebo,289,Mild cold hypothermia,y33,-.8756543994921964
placebo,289,Moderate cold hypothermia,y34,-.0016391758316773
placebo,290,Workload,y11,-.3061741487890354
placebo,290,Overload,y12,.0187080724861684
placebo,290,Heatstroke,y23,-.372116086360647
placebo,290,Severe heatstroke,y24,-.1358718096345764
placebo,290,Mild cold hypothermia,y33,.708563882886258
placebo,290,Moderate cold hypothermia,y34,-.1669640756436625
placebo,291,Workload,y11,-.1567232518328017
placebo,291,Overload,y12,-1.52095879877656
placebo,291,Heatstroke,y23,-.3879119709012173
placebo,291,Severe heatstroke,y24,-.1403503754374456
placebo,291,Mild cold hypothermia,y33,-.2468567469748512
placebo,291,Moderate cold hypothermia,y34,.0195059040946509
placebo,292,Workload,y11,-.5911379480295295
placebo,292,Overload,y12,-1.054783736731117
placebo,292,Heatstroke,y23,-.3211260605464957
placebo,292,Severe heatstroke,y24,-.1172952274354059
placebo,292,Mild cold hypothermia,y33,.2548061365931813
placebo,292,Moderate cold hypothermia,y34,-.0220013695834892
placebo,293,Workload,y11,-.1752737032001934
placebo,293,Overload,y12,.4085464833148687
placebo,293,Heatstroke,y23,.1321979714891106
placebo,293,Severe heatstroke,y24,-.068411012695692
placebo,293,Mild cold hypothermia,y33,.0659966201539285
placebo,293,Moderate cold hypothermia,y34,-.0384848201052869
placebo,294,Workload,y11,-.848480809695751
placebo,294,Overload,y12,.0270055163953844
placebo,294,Heatstroke,y23,-.3442741273298234
placebo,294,Severe heatstroke,y24,-.1257290090278638
placebo,294,Mild cold hypothermia,y33,.3753227420286124
placebo,294,Moderate cold hypothermia,y34,-.1020027727916276
placebo,295,Workload,y11,.0721316589191121
placebo,295,Overload,y12,-.4723413318764476
placebo,295,Heatstroke,y23,.4509914018205395
placebo,295,Severe heatstroke,y24,.3487333600147458
placebo,295,Mild cold hypothermia,y33,-.93717162537149
placebo,295,Moderate cold hypothermia,y34,-.1413865152430215
placebo,296,Workload,y11,.1378488156377598
placebo,296,Overload,y12,1.14975355939358
placebo,296,Heatstroke,y23,.1283021811484009
placebo,296,Severe heatstroke,y24,-.0691835405536333
placebo,296,Mild cold hypothermia,y33,1.023637618991126
placebo,296,Moderate cold hypothermia,y34,-.0866779922100496
placebo,297,Workload,y11,.4753997279875058
placebo,297,Overload,y12,.3028378871397048
placebo,297,Heatstroke,y23,.9170857267324697
placebo,297,Severe heatstroke,y24,.4048109059674006
placebo,297,Mild cold hypothermia,y33,.6074648283566548
placebo,297,Moderate cold hypothermia,y34,.0734436714933466
placebo,298,Workload,y11,.0952315464942057
placebo,298,Overload,y12,-1.013335664033631
placebo,298,Heatstroke,y23,.1441142020493891
placebo,298,Severe heatstroke,y24,-.0632403258179265
placebo,298,Mild cold hypothermia,y33,.338205376562026
placebo,298,Moderate cold hypothermia,y34,-.0438863692499602
placebo,299,Workload,y11,.1283657404854189
placebo,299,Overload,y12,.0618056107437571
placebo,299,Heatstroke,y23,.0978852886040764
placebo,299,Severe heatstroke,y24,-.0766773312311056
placebo,299,Mild cold hypothermia,y33,.1354425660957456
placebo,299,Moderate cold hypothermia,y34,.1424759503960269
placebo,300,Workload,y11,-1.017378840544918
placebo,300,Overload,y12,-3.708372493524191
placebo,300,Heatstroke,y23,-.131303430717418
placebo,300,Severe heatstroke,y24,-.1178395938652387
placebo,300,Mild cold hypothermia,y33,.0759597473488466
placebo,300,Moderate cold hypothermia,y34,-.1469890820388084
placebo,301,Workload,y11,.6149971770747281
placebo,301,Overload,y12,2.321899426072338
placebo,301,Heatstroke,y23,.134826234586594
placebo,301,Severe heatstroke,y24,-.0658521886442891
placebo,301,Mild cold hypothermia,y33,-.5527352223075193
placebo,301,Moderate cold hypothermia,y34,-.0358782734588475
placebo,302,Workload,y11,-.318289504362866
placebo,302,Overload,y12,.6025589782247176
placebo,302,Heatstroke,y23,-.3798283095799372
placebo,302,Severe heatstroke,y24,-.1377781306974781
placebo,302,Mild cold hypothermia,y33,-.0324416685340362
placebo,302,Moderate cold hypothermia,y34,-.1410475150092638
placebo,303,Workload,y11,-.1128957262300105
placebo,303,Overload,y12,-.7791249996369238
placebo,303,Heatstroke,y23,.6372926659482477
placebo,303,Severe heatstroke,y24,.347431852622868
placebo,303,Mild cold hypothermia,y33,-.4271402704346831
placebo,303,Moderate cold hypothermia,y34,-.1113252047599429
placebo,304,Workload,y11,-.0524670482172066
placebo,304,Overload,y12,1.022474918408956
placebo,304,Heatstroke,y23,-.1569762165108764
placebo,304,Severe heatstroke,y24,-.1267649339893291
placebo,304,Mild cold hypothermia,y33,1.015498241411809
placebo,304,Moderate cold hypothermia,y34,.1725008388407817
placebo,305,Workload,y11,.6902475897428654
placebo,305,Overload,y12,.7003199918489705
placebo,305,Heatstroke,y23,.4495155258738211
placebo,305,Severe heatstroke,y24,.3453532036022334
placebo,305,Mild cold hypothermia,y33,.0936346203999611
placebo,305,Moderate cold hypothermia,y34,-.0196002965113612
placebo,306,Workload,y11,-.3833225301576002
placebo,306,Overload,y12,-2.059943101209052
placebo,306,Heatstroke,y23,.442852063079599
placebo,306,Severe heatstroke,y24,.3472327819190058
placebo,306,Mild cold hypothermia,y33,-.6574104165762498
placebo,306,Moderate cold hypothermia,y34,-.2182860615362482
placebo,307,Workload,y11,-.835368901862023
placebo,307,Overload,y12,-2.347622231974229
placebo,307,Heatstroke,y23,.1515541102702433
placebo,307,Severe heatstroke,y24,-.0608669446768861
placebo,307,Mild cold hypothermia,y33,-.0309519510372067
placebo,307,Moderate cold hypothermia,y34,.015056363541811
placebo,308,Workload,y11,-.9160762647923905
placebo,308,Overload,y12,-.968391372800138
placebo,308,Heatstroke,y23,-.1528570198100129
placebo,308,Severe heatstroke,y24,-.1257564764259347
placebo,308,Mild cold hypothermia,y33,.4632495972285046
placebo,308,Moderate cold hypothermia,y34,-.0639650028166374
placebo,309,Workload,y11,-.2507142255489225
placebo,309,Overload,y12,-.6640142695423089
placebo,309,Heatstroke,y23,-.3405485265271138
placebo,309,Severe heatstroke,y24,-.1240923311423066
placebo,309,Mild cold hypothermia,y33,1.364294258990134
placebo,309,Moderate cold hypothermia,y34,.1799743486649629
placebo,310,Workload,y11,-.9131365502994188
placebo,310,Overload,y12,-1.301398219208575
placebo,310,Heatstroke,y23,-.1766878909760534
placebo,310,Severe heatstroke,y24,-.1336733387154297
placebo,310,Mild cold hypothermia,y33,-.0709101177295929
placebo,310,Moderate cold hypothermia,y34,-.1368208777082197
placebo,311,Workload,y11,-.7752352712675549
placebo,311,Overload,y12,-.239312080477329
placebo,311,Heatstroke,y23,-.1360776434686171
placebo,311,Severe heatstroke,y24,-.1194002821402677
placebo,311,Mild cold hypothermia,y33,.6574030558335145
placebo,311,Moderate cold hypothermia,y34,-.0114744634401
placebo,312,Workload,y11,-.554268750831748
placebo,312,Overload,y12,-1.083891622867063
placebo,312,Heatstroke,y23,-.3441936703833788
placebo,312,Severe heatstroke,y24,-.1254637490242863
placebo,312,Mild cold hypothermia,y33,-.3993215771840009
placebo,312,Moderate cold hypothermia,y34,-.1177212075813937
placebo,313,Workload,y11,-.8091311253814912
placebo,313,Overload,y12,-2.698435877100152
placebo,313,Heatstroke,y23,-.1416353553243601
placebo,313,Severe heatstroke,y24,-.1215770876503914
placebo,313,Mild cold hypothermia,y33,.1850490417079398
placebo,313,Moderate cold hypothermia,y34,-.1067331400778146
placebo,314,Workload,y11,-.1440374150297464
placebo,314,Overload,y12,-.3477357246033302
placebo,314,Heatstroke,y23,-.1380581851912497
placebo,314,Severe heatstroke,y24,-.1197335594359703
placebo,314,Mild cold hypothermia,y33,-.392859057859778
placebo,314,Moderate cold hypothermia,y34,.2170581351024833
placebo,315,Workload,y11,.132280105900143
placebo,315,Overload,y12,-.7350499026075383
placebo,315,Heatstroke,y23,.4171729960797786
placebo,315,Severe heatstroke,y24,.3347957499963719
placebo,315,Mild cold hypothermia,y33,.2944818197111027
placebo,315,Moderate cold hypothermia,y34,.3327564394387856
placebo,316,Workload,y11,-.9231593704213465
placebo,316,Overload,y12,-1.034028245453358
placebo,316,Heatstroke,y23,-.3211235333704835
placebo,316,Severe heatstroke,y24,-.1174480103487207
placebo,316,Mild cold hypothermia,y33,-.1924596806857328
placebo,316,Moderate cold hypothermia,y34,.1818919660696355
placebo,317,Workload,y11,-.3731453555018399
placebo,317,Overload,y12,-.906922344685718
placebo,317,Heatstroke,y23,.1120023541702943
placebo,317,Severe heatstroke,y24,-.0749619336788046
placebo,317,Mild cold hypothermia,y33,-.2590625459919993
placebo,317,Moderate cold hypothermia,y34,-.1144197846891544
placebo,318,Workload,y11,-.4917260570095647
placebo,318,Overload,y12,-.6865541753878524
placebo,318,Heatstroke,y23,-.3790461445892153
placebo,318,Severe heatstroke,y24,-.1375686098908157
placebo,318,Mild cold hypothermia,y33,-.1182208256848205
placebo,318,Moderate cold hypothermia,y34,-.1243980881061718
placebo,319,Workload,y11,-.3293754532127965
placebo,319,Overload,y12,-1.027350122201099
placebo,319,Heatstroke,y23,-.3599011776104943
placebo,319,Severe heatstroke,y24,-.1310634421419257
placebo,319,Mild cold hypothermia,y33,-.6569473467901769
placebo,319,Moderate cold hypothermia,y34,-.0962848077181663
placebo,320,Workload,y11,-.1468643723346612
placebo,320,Overload,y12,.1891105234326321
placebo,320,Heatstroke,y23,-.346659364082483
placebo,320,Severe heatstroke,y24,-.1266769109551131
placebo,320,Mild cold hypothermia,y33,-.3450180629709587
placebo,320,Moderate cold hypothermia,y34,-.210727483490675
placebo,321,Workload,y11,.8167291438250525
placebo,321,Overload,y12,.5748788948699766
placebo,321,Heatstroke,y23,.4875677946982124
placebo,321,Severe heatstroke,y24,.3635979559374309
placebo,321,Mild cold hypothermia,y33,-.1100583344816043
placebo,321,Moderate cold hypothermia,y34,.0481043284542838
placebo,322,Workload,y11,-.6662458246604009
placebo,322,Overload,y12,-1.622643001249535
placebo,322,Heatstroke,y23,-.3192050583504474
placebo,322,Severe heatstroke,y24,-.1168992412496198
placebo,322,Mild cold hypothermia,y33,-.2198395814103805
placebo,322,Moderate cold hypothermia,y34,.1484140825434403
placebo,323,Workload,y11,-.055836837692605
placebo,323,Overload,y12,-1.404345500724009
placebo,323,Heatstroke,y23,.4328858674551834
placebo,323,Severe heatstroke,y24,.3441527920828118
placebo,323,Mild cold hypothermia,y33,.6908184641952788
placebo,323,Moderate cold hypothermia,y34,.1508385983207252
placebo,324,Workload,y11,-.0504357027466382
placebo,324,Overload,y12,-2.312321345308064
placebo,324,Heatstroke,y23,.1351072976489931
placebo,324,Severe heatstroke,y24,-.0674675701533418
placebo,324,Mild cold hypothermia,y33,-.4112252907851949
placebo,324,Moderate cold hypothermia,y34,-.1942107021058579
placebo,325,Workload,y11,-.3675742993683568
placebo,325,Overload,y12,-1.234663428384186
placebo,325,Heatstroke,y23,-.3493553352040182
placebo,325,Severe heatstroke,y24,-.1271601475873956
placebo,325,Mild cold hypothermia,y33,.2384810997966206
placebo,325,Moderate cold hypothermia,y34,.2268559954954644
placebo,326,Workload,y11,-.470051971574082
placebo,326,Overload,y12,-.8593255436854774
placebo,326,Heatstroke,y23,-.36310467726887
placebo,326,Severe heatstroke,y24,-.1325371326401069
placebo,326,Mild cold hypothermia,y33,.7549676970645263
placebo,326,Moderate cold hypothermia,y34,.163437738191286
placebo,327,Workload,y11,1.05412137717467
placebo,327,Overload,y12,1.553820599721757
placebo,327,Heatstroke,y23,.4237464400767724
placebo,327,Severe heatstroke,y24,.3432044044632575
placebo,327,Mild cold hypothermia,y33,.6805431079133776
placebo,327,Moderate cold hypothermia,y34,-.0357400551244437
placebo,328,Workload,y11,.0133590496189199
placebo,328,Overload,y12,.3061094174279873
placebo,328,Heatstroke,y23,-.3292560741763377
placebo,328,Severe heatstroke,y24,-.1204570248319626
placebo,328,Mild cold hypothermia,y33,-.0985345428341294
placebo,328,Moderate cold hypothermia,y34,-.1732943255702618
placebo,329,Workload,y11,-.2850442931235179
placebo,329,Overload,y12,.2296170601808212
placebo,329,Heatstroke,y23,-.1571657994897172
placebo,329,Severe heatstroke,y24,-.1263633773359232
placebo,329,Mild cold hypothermia,y33,-.6439763943898376
placebo,329,Moderate cold hypothermia,y34,.0784633831227857
placebo,330,Workload,y11,.3411251270516782
placebo,330,Overload,y12,1.426074961472826
placebo,330,Heatstroke,y23,-.3230991727176866
placebo,330,Severe heatstroke,y24,-.1179682766011318
placebo,330,Mild cold hypothermia,y33,-.2956213607960416
placebo,330,Moderate cold hypothermia,y34,-.0263789839638464
placebo,331,Workload,y11,-.3169581782910327
placebo,331,Overload,y12,.0052150375374437
placebo,331,Heatstroke,y23,-.3051851472414288
placebo,331,Severe heatstroke,y24,-.1119784109102807
placebo,331,Mild cold hypothermia,y33,-.3648875799048152
placebo,331,Moderate cold hypothermia,y34,-.1968864372721122
placebo,332,Workload,y11,.9537804546213885
placebo,332,Overload,y12,1.078418150850945
placebo,332,Heatstroke,y23,-.3244305332246784
placebo,332,Severe heatstroke,y24,-.1184726215175029
placebo,332,Mild cold hypothermia,y33,-.3379467931726245
placebo,332,Moderate cold hypothermia,y34,.2073478818118734
placebo,333,Workload,y11,-.569543933450134
placebo,333,Overload,y12,.2501971959586453
placebo,333,Heatstroke,y23,-.3133438786154872
placebo,333,Severe heatstroke,y24,-.1148516377755793
placebo,333,Mild cold hypothermia,y33,.3264196620594596
placebo,333,Moderate cold hypothermia,y34,-.2257716506331222
placebo,334,Workload,y11,-.5914999793055883
placebo,334,Overload,y12,-1.987152455739011
placebo,334,Heatstroke,y23,-.3608513652396672
placebo,334,Severe heatstroke,y24,-.1312134815024809
placebo,334,Mild cold hypothermia,y33,-.1642273891219885
placebo,334,Moderate cold hypothermia,y34,-.0105292589008105
placebo,335,Workload,y11,.8789882242654714
placebo,335,Overload,y12,3.311432549335938
placebo,335,Heatstroke,y23,.4943402031158932
placebo,335,Severe heatstroke,y24,.3695344214308161
placebo,335,Mild cold hypothermia,y33,.1758805629650738
placebo,335,Moderate cold hypothermia,y34,.0136081225133368
placebo,336,Workload,y11,-.0584757933108073
placebo,336,Overload,y12,.7849642983096622
placebo,336,Heatstroke,y23,-.3126875350314151
placebo,336,Severe heatstroke,y24,-.1148371486196934
placebo,336,Mild cold hypothermia,y33,-.3979822261434205
placebo,336,Moderate cold hypothermia,y34,-.1730344487109086
placebo,337,Workload,y11,.9753975297941053
placebo,337,Overload,y12,1.985068864907905
placebo,337,Heatstroke,y23,.4095131934517016
placebo,337,Severe heatstroke,y24,.3361261955054813
placebo,337,Mild cold hypothermia,y33,-1.00321543287172
placebo,337,Moderate cold hypothermia,y34,-.2278123888681829
placebo,338,Workload,y11,-.2805748608004014
placebo,338,Overload,y12,-.6446886682116884
placebo,338,Heatstroke,y23,.4457763372044873
placebo,338,Severe heatstroke,y24,.3460836868305051
placebo,338,Mild cold hypothermia,y33,.7557530953191587
placebo,338,Moderate cold hypothermia,y34,-.157358357661711
placebo,339,Workload,y11,.7002054984548067
placebo,339,Overload,y12,2.323889831184002
placebo,339,Heatstroke,y23,-.1559162025236416
placebo,339,Severe heatstroke,y24,-.1248414272229535
placebo,339,Mild cold hypothermia,y33,.11890419359926
placebo,339,Moderate cold hypothermia,y34,.2142701635387399
placebo,340,Workload,y11,-.2624099953963233
placebo,340,Overload,y12,.1515574400623555
placebo,340,Heatstroke,y23,-.3101971816968448
placebo,340,Severe heatstroke,y24,-.113827683632699
placebo,340,Mild cold hypothermia,y33,.147047082114206
placebo,340,Moderate cold hypothermia,y34,-.0831106778290518
placebo,341,Workload,y11,-.4043971499662319
placebo,341,Overload,y12,-.679079443526665
placebo,341,Heatstroke,y23,-.1586518362672038
placebo,341,Severe heatstroke,y24,-.1276589288342748
placebo,341,Mild cold hypothermia,y33,-.8262665593951541
placebo,341,Moderate cold hypothermia,y34,-.2092936063883698
placebo,342,Workload,y11,-.1124809988235113
placebo,342,Overload,y12,-.6040519914152357
placebo,342,Heatstroke,y23,.4384145292200943
placebo,342,Severe heatstroke,y24,.3488735782522041
placebo,342,Mild cold hypothermia,y33,-.3053287889985618
placebo,342,Moderate cold hypothermia,y34,-.1906952025722798
placebo,343,Workload,y11,-.1993505048117463
placebo,343,Overload,y12,.9989708420075337
placebo,343,Heatstroke,y23,-.330895413533446
placebo,343,Severe heatstroke,y24,-.1208316303469641
placebo,343,Mild cold hypothermia,y33,-.3693142078550898
placebo,343,Moderate cold hypothermia,y34,-.0896529785456091
placebo,344,Workload,y11,.0463726529803002
placebo,344,Overload,y12,1.650853788823162
placebo,344,Heatstroke,y23,-.3314331255544113
placebo,344,Severe heatstroke,y24,-.1214289437407189
placebo,344,Mild cold hypothermia,y33,-.0887496771808645
placebo,344,Moderate cold hypothermia,y34,-.2117461400739226
placebo,345,Workload,y11,.2516098151174644
placebo,345,Overload,y12,.0397972210619867
placebo,345,Heatstroke,y23,.4467277551913737
placebo,345,Severe heatstroke,y24,.3503884333288965
placebo,345,Mild cold hypothermia,y33,.649603232747007
placebo,345,Moderate cold hypothermia,y34,.3210171816397965
placebo,346,Workload,y11,-.3693500333856146
placebo,346,Overload,y12,-2.043343285356705
placebo,346,Heatstroke,y23,.1444592747195366
placebo,346,Severe heatstroke,y24,-.0644487692177007
placebo,346,Mild cold hypothermia,y33,-.7348054566641785
placebo,346,Moderate cold hypothermia,y34,-.2193183954676229
placebo,347,Workload,y11,-.3867319803091774
placebo,347,Overload,y12,-.8779629620480925
placebo,347,Heatstroke,y23,-.314249222804438
placebo,347,Severe heatstroke,y24,-.1150671612232562
placebo,347,Mild cold hypothermia,y33,-.5185827638058542
placebo,347,Moderate cold hypothermia,y34,.0508028022934124
placebo,348,Workload,y11,.496091981408959
placebo,348,Overload,y12,2.41694516941479
placebo,348,Heatstroke,y23,-.3584980588495792
placebo,348,Severe heatstroke,y24,-.1307567761878159
placebo,348,Mild cold hypothermia,y33,.4231807506729514
placebo,348,Moderate cold hypothermia,y34,-.0282138906265638
placebo,349,Workload,y11,-.4850015612810089
placebo,349,Overload,y12,-.2450493722724149
placebo,349,Heatstroke,y23,-.3529173252603384
placebo,349,Severe heatstroke,y24,-.1286029044261998
placebo,349,Mild cold hypothermia,y33,-.1538955441137842
placebo,349,Moderate cold hypothermia,y34,-.2286941952887551
placebo,350,Workload,y11,.0190784378303404
placebo,350,Overload,y12,-.2135021589082266
placebo,350,Heatstroke,y23,-.3307447563402841
placebo,350,Severe heatstroke,y24,-.1211046284279007
placebo,350,Mild cold hypothermia,y33,.1194947432736305
placebo,350,Moderate cold hypothermia,y34,.1174751228651831
placebo,351,Workload,y11,1.170758777344083
placebo,351,Overload,y12,3.61638675602241
placebo,351,Heatstroke,y23,.1505391254892595
placebo,351,Severe heatstroke,y24,-.0616004381828487
placebo,351,Mild cold hypothermia,y33,.1313295249440347
placebo,351,Moderate cold hypothermia,y34,-.0649411105816816
placebo,352,Workload,y11,.0143749045975842
placebo,352,Overload,y12,.2085896864363567
placebo,352,Heatstroke,y23,.1241600471839213
placebo,352,Severe heatstroke,y24,-.0701096696378341
placebo,352,Mild cold hypothermia,y33,.0022495755374867
placebo,352,Moderate cold hypothermia,y34,-.0082160576901192
placebo,353,Workload,y11,-.3041019734982056
placebo,353,Overload,y12,-.0522414628845186
placebo,353,Heatstroke,y23,-.3655688389253604
placebo,353,Severe heatstroke,y24,-.1321265018000899
placebo,353,Mild cold hypothermia,y33,-.3848763325103003
placebo,353,Moderate cold hypothermia,y34,-.1099325005951207
placebo,354,Workload,y11,-.2175252378529796
placebo,354,Overload,y12,-.5402967037363879
placebo,354,Heatstroke,y23,.1402862376018373
placebo,354,Severe heatstroke,y24,-.0631087583820462
placebo,354,Mild cold hypothermia,y33,-.8616785639138967
placebo,354,Moderate cold hypothermia,y34,-.2188599104152527
placebo,355,Workload,y11,-.151069607688949
placebo,355,Overload,y12,-1.358122980161835
placebo,355,Heatstroke,y23,.1213035149372065
placebo,355,Severe heatstroke,y24,-.0693701975514993
placebo,355,Mild cold hypothermia,y33,.2219714304871424
placebo,355,Moderate cold hypothermia,y34,.1455793699040555
placebo,356,Workload,y11,.358949087474303
placebo,356,Overload,y12,-.2617591642385951
placebo,356,Heatstroke,y23,.1287694004142748
placebo,356,Severe heatstroke,y24,-.0665104951721194
placebo,356,Mild cold hypothermia,y33,-.9475023739377687
placebo,356,Moderate cold hypothermia,y34,-.2306047895689496
placebo,357,Workload,y11,-.0739850733130165
placebo,357,Overload,y12,.1950984840842417
placebo,357,Heatstroke,y23,-.3440258386088105
placebo,357,Severe heatstroke,y24,-.1256276268534082
placebo,357,Mild cold hypothermia,y33,.4603332389582223
placebo,357,Moderate cold hypothermia,y34,-.0978107767930333
placebo,358,Workload,y11,-.3928632676291554
placebo,358,Overload,y12,-1.80887365042281
placebo,358,Heatstroke,y23,-.2766921086283939
placebo,358,Severe heatstroke,y24,-.1020333105494657
placebo,358,Mild cold hypothermia,y33,-.259096676882461
placebo,358,Moderate cold hypothermia,y34,-.188603793340519
placebo,359,Workload,y11,1.050457188752791
placebo,359,Overload,y12,1.124214823891922
placebo,359,Heatstroke,y23,.3736437098371343
placebo,359,Severe heatstroke,y24,.3172268652968722
placebo,359,Mild cold hypothermia,y33,-1.184093744190873
placebo,359,Moderate cold hypothermia,y34,-.1977408802364994
placebo,360,Workload,y11,-.9096153385989842
placebo,360,Overload,y12,-.8911617809034645
placebo,360,Heatstroke,y23,-.1299066398252277
placebo,360,Severe heatstroke,y24,-.1192415062444628
placebo,360,Mild cold hypothermia,y33,-.3172697820232322
placebo,360,Moderate cold hypothermia,y34,-.0118223508360682
placebo,361,Workload,y11,-.0204982151493594
placebo,361,Overload,y12,.9870100039679894
placebo,361,Heatstroke,y23,-.3411089102670924
placebo,361,Severe heatstroke,y24,-.1246161059491408
placebo,361,Mild cold hypothermia,y33,.1442283264103526
placebo,361,Moderate cold hypothermia,y34,-.0923265433577098
placebo,362,Workload,y11,.2835126266502482
placebo,362,Overload,y12,.6800339800181121
placebo,362,Heatstroke,y23,.5150574088930204
placebo,362,Severe heatstroke,y24,.3762647967105335
placebo,362,Mild cold hypothermia,y33,-.1900021588248757
placebo,362,Moderate cold hypothermia,y34,-.0814825401958432
placebo,363,Workload,y11,-.7324424406880758
placebo,363,Overload,y12,-1.797232514285516
placebo,363,Heatstroke,y23,-.3232754292949647
placebo,363,Severe heatstroke,y24,-.1184350708064961
placebo,363,Mild cold hypothermia,y33,.3393334161632111
placebo,363,Moderate cold hypothermia,y34,-.1190922489335122
placebo,364,Workload,y11,.7471351327879537
placebo,364,Overload,y12,1.409506365787056
placebo,364,Heatstroke,y23,.1898252840711219
placebo,364,Severe heatstroke,y24,-.048456494376218
placebo,364,Mild cold hypothermia,y33,-.4616857286028516
placebo,364,Moderate cold hypothermia,y34,-.11649043234729
placebo,365,Workload,y11,-.059686942157107
placebo,365,Overload,y12,-.7333381554043804
placebo,365,Heatstroke,y23,.6367951852675532
placebo,365,Severe heatstroke,y24,.3471569243172424
placebo,365,Mild cold hypothermia,y33,.2915189990185333
placebo,365,Moderate cold hypothermia,y34,.248455959752295
placebo,366,Workload,y11,-.1568231824091596
placebo,366,Overload,y12,-.7889805258818451
placebo,366,Heatstroke,y23,-.1653670603511403
placebo,366,Severe heatstroke,y24,-.1280658190929232
placebo,366,Mild cold hypothermia,y33,-.1578482907120043
placebo,366,Moderate cold hypothermia,y34,-.1726367813301973
placebo,367,Workload,y11,-.3776332016272955
placebo,367,Overload,y12,-1.594967519896715
placebo,367,Heatstroke,y23,.3566229104112996
placebo,367,Severe heatstroke,y24,-.0634338793943912
placebo,367,Mild cold hypothermia,y33,.6446713192512599
placebo,367,Moderate cold hypothermia,y34,.3826024556749261
placebo,368,Workload,y11,-.4225697129718358
placebo,368,Overload,y12,-1.998348792314683
placebo,368,Heatstroke,y23,-.3085025577336548
placebo,368,Severe heatstroke,y24,-.1128277722645772
placebo,368,Mild cold hypothermia,y33,.041741153830823
placebo,368,Moderate cold hypothermia,y34,-.0902168675180081
placebo,369,Workload,y11,-.3008674590809118
placebo,369,Overload,y12,.9516556076173743
placebo,369,Heatstroke,y23,-.3095016312694549
placebo,369,Severe heatstroke,y24,-.1135087643959082
placebo,369,Mild cold hypothermia,y33,-.4901295654855676
placebo,369,Moderate cold hypothermia,y34,-.1671807113609873
placebo,370,Workload,y11,.0576425570025446
placebo,370,Overload,y12,.5596799623576518
placebo,370,Heatstroke,y23,-.3698803982728014
placebo,370,Severe heatstroke,y24,-.1345135874465501
placebo,370,Mild cold hypothermia,y33,.8261818518203147
placebo,370,Moderate cold hypothermia,y34,.1997871860349948
placebo,371,Workload,y11,.1401797279114355
placebo,371,Overload,y12,-.132846604387491
placebo,371,Heatstroke,y23,.3369695791579113
placebo,371,Severe heatstroke,y24,-.0599429988196799
placebo,371,Mild cold hypothermia,y33,.6029705472835587
placebo,371,Moderate cold hypothermia,y34,.1166825965929709
placebo,372,Workload,y11,-.3308345646837948
placebo,372,Overload,y12,-.2287035831378301
placebo,372,Heatstroke,y23,-.3451611555089951
placebo,372,Severe heatstroke,y24,-.1256518877571595
placebo,372,Mild cold hypothermia,y33,-.1808325525554988
placebo,372,Moderate cold hypothermia,y34,-.1130690787911488
placebo,373,Workload,y11,-.8760727586652226
placebo,373,Overload,y12,-3.49628425470103
placebo,373,Heatstroke,y23,-.3441653523792403
placebo,373,Severe heatstroke,y24,-.1260717656226188
placebo,373,Mild cold hypothermia,y33,.7196220142889714
placebo,373,Moderate cold hypothermia,y34,.2924778255271858
placebo,374,Workload,y11,-.5576453563710217
placebo,374,Overload,y12,-1.053817874190613
placebo,374,Heatstroke,y23,-.287406258530202
placebo,374,Severe heatstroke,y24,-.1060474813054527
placebo,374,Mild cold hypothermia,y33,-.6253607887212913
placebo,374,Moderate cold hypothermia,y34,-.2271383214246817
placebo,375,Workload,y11,-.7011996042952
placebo,375,Overload,y12,-.2461544512629097
placebo,375,Heatstroke,y23,-.3513778305346777
placebo,375,Severe heatstroke,y24,-.128495482160094
placebo,375,Mild cold hypothermia,y33,.8895005795474252
placebo,375,Moderate cold hypothermia,y34,-.0648221031750695
placebo,376,Workload,y11,-.7171374346492998
placebo,376,Overload,y12,-1.177863945313371
placebo,376,Heatstroke,y23,-.349167540179488
placebo,376,Severe heatstroke,y24,-.1272617126906376
placebo,376,Mild cold hypothermia,y33,-.5601799868607332
placebo,376,Moderate cold hypothermia,y34,-.2302586741118917
placebo,377,Workload,y11,-.2234937931107861
placebo,377,Overload,y12,.6730603653539273
placebo,377,Heatstroke,y23,-.3264865149396247
placebo,377,Severe heatstroke,y24,-.1193585757446616
placebo,377,Mild cold hypothermia,y33,.3026313588679015
placebo,377,Moderate cold hypothermia,y34,.3531259892208087
placebo,378,Workload,y11,.4284436292011959
placebo,378,Overload,y12,.821884499838944
placebo,378,Heatstroke,y23,-.3174233826045685
placebo,378,Severe heatstroke,y24,-.1160076183566371
placebo,378,Mild cold hypothermia,y33,.5636651060784669
placebo,378,Moderate cold hypothermia,y34,.1352368623201297
placebo,379,Workload,y11,-.2001597495129934
placebo,379,Overload,y12,-2.136887354278044
placebo,379,Heatstroke,y23,.4533257233097651
placebo,379,Severe heatstroke,y24,.3547985819656687
placebo,379,Mild cold hypothermia,y33,-.5682748365126677
placebo,379,Moderate cold hypothermia,y34,-.1470901389994442
placebo,380,Workload,y11,-.8266395347155111
placebo,380,Overload,y12,-1.333019559617544
placebo,380,Heatstroke,y23,-.3427206185711097
placebo,380,Severe heatstroke,y24,-.125187334875165
placebo,380,Mild cold hypothermia,y33,1.462640232373471
placebo,380,Moderate cold hypothermia,y34,.346137378475468
placebo,381,Workload,y11,-.0296199735862205
placebo,381,Overload,y12,-1.184946125026004
placebo,381,Heatstroke,y23,.1316329897402397
placebo,381,Severe heatstroke,y24,-.0676348442200367
placebo,381,Mild cold hypothermia,y33,1.290497008773306
placebo,381,Moderate cold hypothermia,y34,.3971491078387416
placebo,382,Workload,y11,-.8162547651430815
placebo,382,Overload,y12,-2.903466011744023
placebo,382,Heatstroke,y23,-.3351024214213664
placebo,382,Severe heatstroke,y24,-.1222600673131446
placebo,382,Mild cold hypothermia,y33,-.0014141840999162
placebo,382,Moderate cold hypothermia,y34,.1457926704382017
placebo,383,Workload,y11,.2928811685368939
placebo,383,Overload,y12,-.0257570739602479
placebo,383,Heatstroke,y23,.2904204962612444
placebo,383,Severe heatstroke,y24,-.0790291314195138
placebo,383,Mild cold hypothermia,y33,1.05885925653717
placebo,383,Moderate cold hypothermia,y34,.1756812547232889
placebo,384,Workload,y11,.0501402726796929
placebo,384,Overload,y12,1.248208915398832
placebo,384,Heatstroke,y23,-.3946283904486071
placebo,384,Severe heatstroke,y24,-.1435461933664011
placebo,384,Mild cold hypothermia,y33,-.1986016450598374
placebo,384,Moderate cold hypothermia,y34,.1973743486909093
placebo,385,Workload,y11,.3922974169003696
placebo,385,Overload,y12,-.7519036438700889
placebo,385,Heatstroke,y23,-.3441372365292793
placebo,385,Severe heatstroke,y24,-.1254869456037697
placebo,385,Mild cold hypothermia,y33,-1.012442134103611
placebo,385,Moderate cold hypothermia,y34,-.2246378653853968
placebo,386,Workload,y11,.863814405724459
placebo,386,Overload,y12,2.046926877840301
placebo,386,Heatstroke,y23,.4767462986935115
placebo,386,Severe heatstroke,y24,.356943914111886
placebo,386,Mild cold hypothermia,y33,-.147864047360093
placebo,386,Moderate cold hypothermia,y34,-.1282738186731303
placebo,387,Workload,y11,-.3518658134541915
placebo,387,Overload,y12,-.3630075549717944
placebo,387,Heatstroke,y23,-.1629135361530178
placebo,387,Severe heatstroke,y24,-.1284033147165968
placebo,387,Mild cold hypothermia,y33,-.6729514645586863
placebo,387,Moderate cold hypothermia,y34,.1122562840021096
placebo,388,Workload,y11,-.1313432004605308
placebo,388,Overload,y12,.2513113328800144
placebo,388,Heatstroke,y23,-.3430350881723553
placebo,388,Severe heatstroke,y24,-.1248240230834106
placebo,388,Mild cold hypothermia,y33,-.424782760133372
placebo,388,Moderate cold hypothermia,y34,-.0275488139595653
placebo,389,Workload,y11,.1941185834258843
placebo,389,Overload,y12,-.8415330218182137
placebo,389,Heatstroke,y23,.9692827696856012
placebo,389,Severe heatstroke,y24,.4261291739903753
placebo,389,Mild cold hypothermia,y33,.5888766519673266
placebo,389,Moderate cold hypothermia,y34,.1358231394628023
placebo,390,Workload,y11,-.9077501953571836
placebo,390,Overload,y12,-2.352286276439243
placebo,390,Heatstroke,y23,-.291828253005839
placebo,390,Severe heatstroke,y24,-.1071730393594807
placebo,390,Mild cold hypothermia,y33,.4369082403614719
placebo,390,Moderate cold hypothermia,y34,.1800769876654128
placebo,391,Workload,y11,.0334400992802883
placebo,391,Overload,y12,.0916042527746952
placebo,391,Heatstroke,y23,-.3420754195051882
placebo,391,Severe heatstroke,y24,-.1246942636591583
placebo,391,Mild cold hypothermia,y33,-1.010257398478509
placebo,391,Moderate cold hypothermia,y34,-.1233275645926411
placebo,392,Workload,y11,.9622337215741099
placebo,392,Overload,y12,2.76604717052681
placebo,392,Heatstroke,y23,.9094066928099083
placebo,392,Severe heatstroke,y24,.401211794320152
placebo,392,Mild cold hypothermia,y33,.5491293184753054
placebo,392,Moderate cold hypothermia,y34,-.1407490389497141
placebo,393,Workload,y11,1.404940494828347
placebo,393,Overload,y12,2.515258900675484
placebo,393,Heatstroke,y23,.5817909213184357
placebo,393,Severe heatstroke,y24,.3294643094729779
placebo,393,Mild cold hypothermia,y33,-.3917112440808158
placebo,393,Moderate cold hypothermia,y34,-.0300517359213691
placebo,394,Workload,y11,.0162123022240243
placebo,394,Overload,y12,.6043361669986551
placebo,394,Heatstroke,y23,-.3386715872893449
placebo,394,Severe heatstroke,y24,-.1231389187708937
placebo,394,Mild cold hypothermia,y33,.2948558940416382
placebo,394,Moderate cold hypothermia,y34,.2643937236200317
placebo,395,Workload,y11,-.3374643695257205
placebo,395,Overload,y12,-.4358054758245072
placebo,395,Heatstroke,y23,-.3095099672320608
placebo,395,Severe heatstroke,y24,-.1136544072898855
placebo,395,Mild cold hypothermia,y33,-.8367610320384848
placebo,395,Moderate cold hypothermia,y34,.1584160574527432
placebo,396,Workload,y11,-.1542222880470998
placebo,396,Overload,y12,-1.388307701460418
placebo,396,Heatstroke,y23,.6648064667337333
placebo,396,Severe heatstroke,y24,.3568954832123147
placebo,396,Mild cold hypothermia,y33,.7543903887154689
placebo,396,Moderate cold hypothermia,y34,.2648467780808986
placebo,397,Workload,y11,.0310189727812337
placebo,397,Overload,y12,1.169762907776099
placebo,397,Heatstroke,y23,-.3355772202797607
placebo,397,Severe heatstroke,y24,-.1226463186463965
placebo,397,Mild cold hypothermia,y33,.7786707120861474
placebo,397,Moderate cold hypothermia,y34,-.1118730222316904
placebo,398,Workload,y11,.0078843246967244
placebo,398,Overload,y12,-1.259732652603858
placebo,398,Heatstroke,y23,.1249054424481565
placebo,398,Severe heatstroke,y24,-.0695105542037831
placebo,398,Mild cold hypothermia,y33,.6918792098503682
placebo,398,Moderate cold hypothermia,y34,.1387066702572002
placebo,399,Workload,y11,.4742853729664716
placebo,399,Overload,y12,1.58836659536845
placebo,399,Heatstroke,y23,-.3221920447546057
placebo,399,Severe heatstroke,y24,-.1184437857721552
placebo,399,Mild cold hypothermia,y33,.0137812825664652
placebo,399,Moderate cold hypothermia,y34,-.1249300512924545
placebo,400,Workload,y11,.0306084558676985
placebo,400,Overload,y12,1.622758783653472
placebo,400,Heatstroke,y23,-.3484576666108787
placebo,400,Severe heatstroke,y24,-.1270630387714511
placebo,400,Mild cold hypothermia,y33,.0243226018382063
placebo,400,Moderate cold hypothermia,y34,.2342974981287366
placebo,401,Workload,y11,-.7175619825668786
placebo,401,Overload,y12,-2.720431695938386
placebo,401,Heatstroke,y23,.1407057148656146
placebo,401,Severe heatstroke,y24,-.0682212951324003
placebo,401,Mild cold hypothermia,y33,-.8054054012812034
placebo,401,Moderate cold hypothermia,y34,-.0521410474551129
placebo,402,Workload,y11,.3239286329071953
placebo,402,Overload,y12,-.3358498882589225
placebo,402,Heatstroke,y23,.3246070966684528
placebo,402,Severe heatstroke,y24,-.065791659503429
placebo,402,Mild cold hypothermia,y33,-.4752959795238058
placebo,402,Moderate cold hypothermia,y34,-.1632979462391263
placebo,403,Workload,y11,-.0542801212968415
placebo,403,Overload,y12,-.4760816889443616
placebo,403,Heatstroke,y23,.4520877245307477
placebo,403,Severe heatstroke,y24,.3527214869283579
placebo,403,Mild cold hypothermia,y33,-.1116993486049119
placebo,403,Moderate cold hypothermia,y34,-.1264911970785746
placebo,404,Workload,y11,.0067377389908726
placebo,404,Overload,y12,.5580245593675979
placebo,404,Heatstroke,y23,-.3321501146689134
placebo,404,Severe heatstroke,y24,-.1214308472745207
placebo,404,Mild cold hypothermia,y33,.0540665106519451
placebo,404,Moderate cold hypothermia,y34,.1976856077120862
placebo,405,Workload,y11,-.292825772310719
placebo,405,Overload,y12,-.0014571846743497
placebo,405,Heatstroke,y23,-.3395382961261961
placebo,405,Severe heatstroke,y24,-.1236225253727857
placebo,405,Mild cold hypothermia,y33,.0020930892381232
placebo,405,Moderate cold hypothermia,y34,.2447750401159306
placebo,406,Workload,y11,1.213723154095047
placebo,406,Overload,y12,1.380436795747374
placebo,406,Heatstroke,y23,.941379973548723
placebo,406,Severe heatstroke,y24,.4143261861003968
placebo,406,Mild cold hypothermia,y33,-.7989165924606076
placebo,406,Moderate cold hypothermia,y34,-.1502912389908422
placebo,407,Workload,y11,-.6367183552745798
placebo,407,Overload,y12,.4046747562850716
placebo,407,Heatstroke,y23,-.3422684653012996
placebo,407,Severe heatstroke,y24,-.1251229039636958
placebo,407,Mild cold hypothermia,y33,1.419447360771352
placebo,407,Moderate cold hypothermia,y34,.26082901785149
placebo,408,Workload,y11,.9223208761956611
placebo,408,Overload,y12,1.977413827897376
placebo,408,Heatstroke,y23,.9149229270964042
placebo,408,Severe heatstroke,y24,.4039254910605863
placebo,408,Mild cold hypothermia,y33,.3206347761509352
placebo,408,Moderate cold hypothermia,y34,.3600061297518243
placebo,409,Workload,y11,-.4287963198224227
placebo,409,Overload,y12,-1.651424905043025
placebo,409,Heatstroke,y23,-.1378215746799304
placebo,409,Severe heatstroke,y24,-.1211375438605421
placebo,409,Mild cold hypothermia,y33,.034259697102158
placebo,409,Moderate cold hypothermia,y34,.2799251124790692
placebo,410,Workload,y11,.4250984853112905
placebo,410,Overload,y12,1.035522516823244
placebo,410,Heatstroke,y23,.0988370321791125
placebo,410,Severe heatstroke,y24,-.0776168414404009
placebo,410,Mild cold hypothermia,y33,.0720642260719038
placebo,410,Moderate cold hypothermia,y34,-.1158547986572173
placebo,411,Workload,y11,-.5458135368603787
placebo,411,Overload,y12,-.6257862262881964
placebo,411,Heatstroke,y23,.4275767144971677
placebo,411,Severe heatstroke,y24,.3404186734126892
placebo,411,Mild cold hypothermia,y33,.4767342422188469
placebo,411,Moderate cold hypothermia,y34,.049058950460805
placebo,412,Workload,y11,.6844423528358303
placebo,412,Overload,y12,1.71674897605878
placebo,412,Heatstroke,y23,.1627416661760538
placebo,412,Severe heatstroke,y24,-.0592262713291745
placebo,412,Mild cold hypothermia,y33,1.343905669502732
placebo,412,Moderate cold hypothermia,y34,.1340406634621924
placebo,413,Workload,y11,.2299163785006866
placebo,413,Overload,y12,.7956649106652963
placebo,413,Heatstroke,y23,-.315681551998129
placebo,413,Severe heatstroke,y24,-.1157442926856948
placebo,413,Mild cold hypothermia,y33,.1008858240311003
placebo,413,Moderate cold hypothermia,y34,-.0307108625964958
placebo,414,Workload,y11,.5286623808161396
placebo,414,Overload,y12,.4737479807950374
placebo,414,Heatstroke,y23,.1598013871261133
placebo,414,Severe heatstroke,y24,-.0565437927386696
placebo,414,Mild cold hypothermia,y33,.349098371291881
placebo,414,Moderate cold hypothermia,y34,-.1292741234912955
placebo,415,Workload,y11,.1788488468138814
placebo,415,Overload,y12,-.8126902186755884
placebo,415,Heatstroke,y23,.9383492129269185
placebo,415,Severe heatstroke,y24,.4118975198573286
placebo,415,Mild cold hypothermia,y33,.1702863143648323
placebo,415,Moderate cold hypothermia,y34,.2291298237314632
placebo,416,Workload,y11,-.2437368940605147
placebo,416,Overload,y12,-.003815650117209
placebo,416,Heatstroke,y23,.1754857318784501
placebo,416,Severe heatstroke,y24,-.0532458759054898
placebo,416,Mild cold hypothermia,y33,.1032623519172267
placebo,416,Moderate cold hypothermia,y34,.1539990046496233
placebo,417,Workload,y11,.7465820261757929
placebo,417,Overload,y12,.7635481115544607
placebo,417,Heatstroke,y23,.1622617026617307
placebo,417,Severe heatstroke,y24,-.0557170288982436
placebo,417,Mild cold hypothermia,y33,-.0163131006584029
placebo,417,Moderate cold hypothermia,y34,.2378829609839528
placebo,418,Workload,y11,.4862688061116377
placebo,418,Overload,y12,-.435491272716962
placebo,418,Heatstroke,y23,.8970888250517318
placebo,418,Severe heatstroke,y24,.3972912101519549
placebo,418,Mild cold hypothermia,y33,.5021808849478392
placebo,418,Moderate cold hypothermia,y34,.2583995544956812
placebo,419,Workload,y11,-.7544723537602797
placebo,419,Overload,y12,-1.426340594393264
placebo,419,Heatstroke,y23,-.3293320145513162
placebo,419,Severe heatstroke,y24,-.1205475465795661
placebo,419,Mild cold hypothermia,y33,.3542207171595105
placebo,419,Moderate cold hypothermia,y34,.2590504515613909
placebo,420,Workload,y11,.1369141788465062
placebo,420,Overload,y12,.6566904114401391
placebo,420,Heatstroke,y23,.1292346966467988
placebo,420,Severe heatstroke,y24,-.065247665348712
placebo,420,Mild cold hypothermia,y33,.2015195542588098
placebo,420,Moderate cold hypothermia,y34,-.0343023484761078
placebo,421,Workload,y11,.0355963727885109
placebo,421,Overload,y12,-1.520731753286034
placebo,421,Heatstroke,y23,.1352566711416359
placebo,421,Severe heatstroke,y24,-.0641773127790795
placebo,421,Mild cold hypothermia,y33,.3551708572008188
placebo,421,Moderate cold hypothermia,y34,.3330581768654293
placebo,422,Workload,y11,-.7451396129868746
placebo,422,Overload,y12,.52157026185053
placebo,422,Heatstroke,y23,-.1665241022210715
placebo,422,Severe heatstroke,y24,-.1327375130780543
placebo,422,Mild cold hypothermia,y33,.8463600994910233
placebo,422,Moderate cold hypothermia,y34,.3427965347444568
placebo,423,Workload,y11,-.5742039073194624
placebo,423,Overload,y12,-1.148790686584419
placebo,423,Heatstroke,y23,-.1527572296629222
placebo,423,Severe heatstroke,y24,-.1269580062406478
placebo,423,Mild cold hypothermia,y33,-.1820836175446871
placebo,423,Moderate cold hypothermia,y34,-.1568211164510491
placebo,424,Workload,y11,-.8855415697754213
placebo,424,Overload,y12,-2.600841865941073
placebo,424,Heatstroke,y23,-.3128151024855005
placebo,424,Severe heatstroke,y24,-.1140557754574756
placebo,424,Mild cold hypothermia,y33,-.3789454601384559
placebo,424,Moderate cold hypothermia,y34,-.1326552223619071
placebo,425,Workload,y11,.058127121845951
placebo,425,Overload,y12,.3851187241163143
placebo,425,Heatstroke,y23,-.3753452035644739
placebo,425,Severe heatstroke,y24,-.136515885985282
placebo,425,Mild cold hypothermia,y33,1.140411350740929
placebo,425,Moderate cold hypothermia,y34,.4145388983996696
placebo,426,Workload,y11,-.3874662760539634
placebo,426,Overload,y12,.6092922733773456
placebo,426,Heatstroke,y23,-.3054155994960657
placebo,426,Severe heatstroke,y24,-.1121354762788781
placebo,426,Mild cold hypothermia,y33,.1680609535140826
placebo,426,Moderate cold hypothermia,y34,-.1153433246472182
placebo,427,Workload,y11,-.0999117949128457
placebo,427,Overload,y12,.5951131999449116
placebo,427,Heatstroke,y23,-.3328913685747815
placebo,427,Severe heatstroke,y24,-.121253850880357
placebo,427,Mild cold hypothermia,y33,.8089717416341966
placebo,427,Moderate cold hypothermia,y34,-.081074994458119
placebo,428,Workload,y11,.1589443535241698
placebo,428,Overload,y12,1.265393882887369
placebo,428,Heatstroke,y23,.1424271264167354
placebo,428,Severe heatstroke,y24,-.0643054219885991
placebo,428,Mild cold hypothermia,y33,.4099072714876006
placebo,428,Moderate cold hypothermia,y34,.2901928171371453
placebo,429,Workload,y11,.4589864136792348
placebo,429,Overload,y12,.7041043361553335
placebo,429,Heatstroke,y23,.1580233145590453
placebo,429,Severe heatstroke,y24,-.0587958434684463
placebo,429,Mild cold hypothermia,y33,1.068044104982265
placebo,429,Moderate cold hypothermia,y34,.289807639327157
placebo,430,Workload,y11,.0498821011213876
placebo,430,Overload,y12,-.21820266881432
placebo,430,Heatstroke,y23,.1171459608813532
placebo,430,Severe heatstroke,y24,-.0707664327717089
placebo,430,Mild cold hypothermia,y33,-.1055658800912347
placebo,430,Moderate cold hypothermia,y34,.0564705902953865
placebo,431,Workload,y11,1.027416748592062
placebo,431,Overload,y12,2.642567178518397
placebo,431,Heatstroke,y23,.44177325886492
placebo,431,Severe heatstroke,y24,.3525998617404211
placebo,431,Mild cold hypothermia,y33,.8412328859487471
placebo,431,Moderate cold hypothermia,y34,.1538467765992229
placebo,432,Workload,y11,.1608429609945083
placebo,432,Overload,y12,.2598448719541265
placebo,432,Heatstroke,y23,.3271707611944329
placebo,432,Severe heatstroke,y24,-.0639855971800831
placebo,432,Mild cold hypothermia,y33,.4861740802812538
placebo,432,Moderate cold hypothermia,y34,-.1482360856084906
placebo,433,Workload,y11,.3909669261236273
placebo,433,Overload,y12,1.420536821157014
placebo,433,Heatstroke,y23,-.3648467816748432
placebo,433,Severe heatstroke,y24,-.1326421841843164
placebo,433,Mild cold hypothermia,y33,1.694595713650599
placebo,433,Moderate cold hypothermia,y34,.3908795982135662
placebo,434,Workload,y11,-.8668719504508687
placebo,434,Overload,y12,-1.329254006145791
placebo,434,Heatstroke,y23,-.3707804715636033
placebo,434,Severe heatstroke,y24,-.134502991610044
placebo,434,Mild cold hypothermia,y33,-.0996094775276626
placebo,434,Moderate cold hypothermia,y34,-.0918948608918764
placebo,435,Workload,y11,-.4599583981575113
placebo,435,Overload,y12,-.3587666514715073
placebo,435,Heatstroke,y23,-.3541423014960012
placebo,435,Severe heatstroke,y24,-.1286655942794535
placebo,435,Mild cold hypothermia,y33,.5279624115972332
placebo,435,Moderate cold hypothermia,y34,.3188900855222571
placebo,436,Workload,y11,-.7391255943956019
placebo,436,Overload,y12,-1.307549538419144
placebo,436,Heatstroke,y23,-.3271959349092986
placebo,436,Severe heatstroke,y24,-.1197103707420237
placebo,436,Mild cold hypothermia,y33,-.3761985364605939
placebo,436,Moderate cold hypothermia,y34,-.1947305865477844
placebo,437,Workload,y11,.1793382775420145
placebo,437,Overload,y12,.7284785141633084
placebo,437,Heatstroke,y23,.4505348755565391
placebo,437,Severe heatstroke,y24,.3526181829851253
placebo,437,Mild cold hypothermia,y33,-.9340619452937948
placebo,437,Moderate cold hypothermia,y34,-.0368059461543216
placebo,438,Workload,y11,.130694154551688
placebo,438,Overload,y12,-.7959032291809583
placebo,438,Heatstroke,y23,.1467448330815791
placebo,438,Severe heatstroke,y24,-.0621949467469169
placebo,438,Mild cold hypothermia,y33,.1515955899880912
placebo,438,Moderate cold hypothermia,y34,.0251381159852667
placebo,439,Workload,y11,-.4667430832907352
placebo,439,Overload,y12,-.9369982791146256
placebo,439,Heatstroke,y23,.1863371252499436
placebo,439,Severe heatstroke,y24,-.0485554102168249
placebo,439,Mild cold hypothermia,y33,-.1068263550790768
placebo,439,Moderate cold hypothermia,y34,.1120667644965637
placebo,440,Workload,y11,.1378157234551146
placebo,440,Overload,y12,.3254143252991661
placebo,440,Heatstroke,y23,-.3104379748182261
placebo,440,Severe heatstroke,y24,-.1137535488641589
placebo,440,Mild cold hypothermia,y33,.2176022234167512
placebo,440,Moderate cold hypothermia,y34,-.0850709540784025
placebo,441,Workload,y11,-.3440971514524221
placebo,441,Overload,y12,.3647150707922258
placebo,441,Heatstroke,y23,-.124412087305987
placebo,441,Severe heatstroke,y24,-.1187790393334441
placebo,441,Mild cold hypothermia,y33,-.2411957868617925
placebo,441,Moderate cold hypothermia,y34,-.2373773671360697
placebo,442,Workload,y11,.4714473429947705
placebo,442,Overload,y12,1.611415132278345
placebo,442,Heatstroke,y23,.1598634972109016
placebo,442,Severe heatstroke,y24,-.0579664899573912
placebo,442,Mild cold hypothermia,y33,-.4766590572916833
placebo,442,Moderate cold hypothermia,y34,.1276338422199272
placebo,443,Workload,y11,-.0964067819031216
placebo,443,Overload,y12,.0283485390601238
placebo,443,Heatstroke,y23,-.3466044038478063
placebo,443,Severe heatstroke,y24,-.1266189824843726
placebo,443,Mild cold hypothermia,y33,.3009584643087038
placebo,443,Moderate cold hypothermia,y34,-.1308207755851133
placebo,444,Workload,y11,.2839130267537718
placebo,444,Overload,y12,.4820713289401242
placebo,444,Heatstroke,y23,.4723285629557769
placebo,444,Severe heatstroke,y24,.3605922332610798
placebo,444,Mild cold hypothermia,y33,-.3302504263415578
placebo,444,Moderate cold hypothermia,y34,-.0623246187506064
placebo,445,Workload,y11,.0895756552264455
placebo,445,Overload,y12,.7001857278584853
placebo,445,Heatstroke,y23,.4207377871169962
placebo,445,Severe heatstroke,y24,.3407888264779084
placebo,445,Mild cold hypothermia,y33,.0467165127166308
placebo,445,Moderate cold hypothermia,y34,-.1664851802609432
placebo,446,Workload,y11,-.0018588395803012
placebo,446,Overload,y12,.5580624246711878
placebo,446,Heatstroke,y23,.1366016793209058
placebo,446,Severe heatstroke,y24,-.0662701730286901
placebo,446,Mild cold hypothermia,y33,-.0224831307651177
placebo,446,Moderate cold hypothermia,y34,-.2069675617200266
placebo,447,Workload,y11,.0747632953849861
placebo,447,Overload,y12,.6288897835975734
placebo,447,Heatstroke,y23,-.1498550750570607
placebo,447,Severe heatstroke,y24,-.1243416972822315
placebo,447,Mild cold hypothermia,y33,-.4720505549875507
placebo,447,Moderate cold hypothermia,y34,-.1875720116334774
placebo,448,Workload,y11,.0651521985580574
placebo,448,Overload,y12,.971401173643346
placebo,448,Heatstroke,y23,.0943391043534343
placebo,448,Severe heatstroke,y24,-.0819304197711344
placebo,448,Mild cold hypothermia,y33,.2302099553882696
placebo,448,Moderate cold hypothermia,y34,-.1371715068104484
placebo,449,Workload,y11,.1189765946547443
placebo,449,Overload,y12,.8747576123283511
placebo,449,Heatstroke,y23,-.3368211582151196
placebo,449,Severe heatstroke,y24,-.1228370892803197
placebo,449,Mild cold hypothermia,y33,-.3116199547980633
placebo,449,Moderate cold hypothermia,y34,-.1291406797581313
placebo,450,Workload,y11,.8195990426527537
placebo,450,Overload,y12,2.223819394760556
placebo,450,Heatstroke,y23,.6888160106439932
placebo,450,Severe heatstroke,y24,.366897324167189
placebo,450,Mild cold hypothermia,y33,-.3544423820329425
placebo,450,Moderate cold hypothermia,y34,.0646778291808039
placebo,451,Workload,y11,.1729711231458096
placebo,451,Overload,y12,1.064286720494834
placebo,451,Heatstroke,y23,-.3824288711713927
placebo,451,Severe heatstroke,y24,-.1386112558725799
placebo,451,Mild cold hypothermia,y33,-.7633928974143291
placebo,451,Moderate cold hypothermia,y34,-.1491702489974134
placebo,452,Workload,y11,-1.181593746756613
placebo,452,Overload,y12,-2.97097325613319
placebo,452,Heatstroke,y23,-.3151921480338972
placebo,452,Severe heatstroke,y24,-.1157160609799987
placebo,452,Mild cold hypothermia,y33,-.0126096833533616
placebo,452,Moderate cold hypothermia,y34,.3410069047032472
placebo,453,Workload,y11,-1.021300533238383
placebo,453,Overload,y12,-1.78202586978678
placebo,453,Heatstroke,y23,-.3566717688825924
placebo,453,Severe heatstroke,y24,-.1297042390258504
placebo,453,Mild cold hypothermia,y33,-.2022354078522468
placebo,453,Moderate cold hypothermia,y34,-.2039533121515135
placebo,454,Workload,y11,-.7283144700688887
placebo,454,Overload,y12,-1.500045730745876
placebo,454,Heatstroke,y23,-.1522197702381839
placebo,454,Severe heatstroke,y24,-.1244565351055228
placebo,454,Mild cold hypothermia,y33,.1610951091500697
placebo,454,Moderate cold hypothermia,y34,-.1983952716729242
placebo,455,Workload,y11,-1.279451625991985
placebo,455,Overload,y12,-4.39825555499879
placebo,455,Heatstroke,y23,-.3406326495012698
placebo,455,Severe heatstroke,y24,-.1241885028653379
placebo,455,Mild cold hypothermia,y33,.3751430765770679
placebo,455,Moderate cold hypothermia,y34,-.1450120418708305
placebo,456,Workload,y11,.4420744865553745
placebo,456,Overload,y12,1.589010982748604
placebo,456,Heatstroke,y23,.0979770445862749
placebo,456,Severe heatstroke,y24,-.0803516849679278
placebo,456,Mild cold hypothermia,y33,.1201743855624882
placebo,456,Moderate cold hypothermia,y34,.1599721960941458
placebo,457,Workload,y11,.6845069354063259
placebo,457,Overload,y12,.3475401839563549
placebo,457,Heatstroke,y23,.9091943569125788
placebo,457,Severe heatstroke,y24,.4019344686486082
placebo,457,Mild cold hypothermia,y33,.8870282475651607
placebo,457,Moderate cold hypothermia,y34,-.1087222647660333
placebo,458,Workload,y11,-.455934474081967
placebo,458,Overload,y12,.3898406093045446
placebo,458,Heatstroke,y23,-.3895695110894919
placebo,458,Severe heatstroke,y24,-.140743609617756
placebo,458,Mild cold hypothermia,y33,.0349817645207964
placebo,458,Moderate cold hypothermia,y34,-.2177902775114235
placebo,459,Workload,y11,.5101484865942449
placebo,459,Overload,y12,1.459663608894534
placebo,459,Heatstroke,y23,.4667778809855981
placebo,459,Severe heatstroke,y24,.3531110139868029
placebo,459,Mild cold hypothermia,y33,-.2613597150168369
placebo,459,Moderate cold hypothermia,y34,-.2176648967358525
placebo,460,Workload,y11,.3588541290989117
placebo,460,Overload,y12,-1.379772106397435
placebo,460,Heatstroke,y23,-.1172244553888485
placebo,460,Severe heatstroke,y24,-.1108338005260597
placebo,460,Mild cold hypothermia,y33,-.9270961370160584
placebo,460,Moderate cold hypothermia,y34,-.2196920574781841
placebo,461,Workload,y11,.4134772550043082
placebo,461,Overload,y12,-.6266581600132954
placebo,461,Heatstroke,y23,.1449464223891083
placebo,461,Severe heatstroke,y24,-.0643521262585091
placebo,461,Mild cold hypothermia,y33,.3231396690943282
placebo,461,Moderate cold hypothermia,y34,.1837083504009023
placebo,462,Workload,y11,.0945819898045289
placebo,462,Overload,y12,-1.501083821560079
placebo,462,Heatstroke,y23,.1430485739772368
placebo,462,Severe heatstroke,y24,-.0623393426828225
placebo,462,Mild cold hypothermia,y33,-.2811687599121644
placebo,462,Moderate cold hypothermia,y34,-.1338529438400304
placebo,463,Workload,y11,.1129164456616797
placebo,463,Overload,y12,.4026083760089358
placebo,463,Heatstroke,y23,-.3364018930972487
placebo,463,Severe heatstroke,y24,-.1231900891631008
placebo,463,Mild cold hypothermia,y33,-.2967046990488835
placebo,463,Moderate cold hypothermia,y34,.0562775819297805
placebo,464,Workload,y11,-.3840895112240594
placebo,464,Overload,y12,-1.352523360636727
placebo,464,Heatstroke,y23,.1491149789175218
placebo,464,Severe heatstroke,y24,-.0653592941844922
placebo,464,Mild cold hypothermia,y33,.7530289388957085
placebo,464,Moderate cold hypothermia,y34,.1635168047412273
placebo,465,Workload,y11,.0384860375848982
placebo,465,Overload,y12,1.841814647415983
placebo,465,Heatstroke,y23,-.3690593900531071
placebo,465,Severe heatstroke,y24,-.1340610368664945
placebo,465,Mild cold hypothermia,y33,.3139617080710035
placebo,465,Moderate cold hypothermia,y34,-.0674848012766483
placebo,466,Workload,y11,-.252556634991589
placebo,466,Overload,y12,.0729818031225796
placebo,466,Heatstroke,y23,-.3517098557643396
placebo,466,Severe heatstroke,y24,-.1279236693618735
placebo,466,Mild cold hypothermia,y33,-.3593574225401888
placebo,466,Moderate cold hypothermia,y34,.146325890950102
placebo,467,Workload,y11,.0154593485670933
placebo,467,Overload,y12,-.9734756875029149
placebo,467,Heatstroke,y23,.1277977544958564
placebo,467,Severe heatstroke,y24,-.0687618225459821
placebo,467,Mild cold hypothermia,y33,-.1807271726023069
placebo,467,Moderate cold hypothermia,y34,-.0223567774445715
placebo,468,Workload,y11,-.3945480717215088
placebo,468,Overload,y12,.9393765712614784
placebo,468,Heatstroke,y23,-.3602988851010987
placebo,468,Severe heatstroke,y24,-.1313966573424405
placebo,468,Mild cold hypothermia,y33,-.0537255952897524
placebo,468,Moderate cold hypothermia,y34,-.0951932304378305
placebo,469,Workload,y11,.3707298040112791
placebo,469,Overload,y12,2.374112420787164
placebo,469,Heatstroke,y23,-.3608945968397187
placebo,469,Severe heatstroke,y24,-.1308412844859842
placebo,469,Mild cold hypothermia,y33,-.8659065990164315
placebo,469,Moderate cold hypothermia,y34,-.1779130329807564
placebo,470,Workload,y11,-.4073982240323322
placebo,470,Overload,y12,1.023922292063413
placebo,470,Heatstroke,y23,-.3488932574691098
placebo,470,Severe heatstroke,y24,-.1269311451805988
placebo,470,Mild cold hypothermia,y33,-.3665484615479682
placebo,470,Moderate cold hypothermia,y34,.1430779177923775
placebo,471,Workload,y11,.1463851627822265
placebo,471,Overload,y12,.0443884663401702
placebo,471,Heatstroke,y23,-.32921519125332
placebo,471,Severe heatstroke,y24,-.1198368361655067
placebo,471,Mild cold hypothermia,y33,-.6190560559411783
placebo,471,Moderate cold hypothermia,y34,-.2220523239313171
placebo,472,Workload,y11,.0552545376133484
placebo,472,Overload,y12,1.610377165501827
placebo,472,Heatstroke,y23,.1186068886971906
placebo,472,Severe heatstroke,y24,-.0722724675636272
placebo,472,Mild cold hypothermia,y33,.6706306320599608
placebo,472,Moderate cold hypothermia,y34,.0460408261490618
placebo,473,Workload,y11,-.2106828632889526
placebo,473,Overload,y12,-1.067896172384873
placebo,473,Heatstroke,y23,-.1327341500549062
placebo,473,Severe heatstroke,y24,-.1188005898021092
placebo,473,Mild cold hypothermia,y33,.0871653175959255
placebo,473,Moderate cold hypothermia,y34,.1811011784042527
placebo,474,Workload,y11,-.1318736306661745
placebo,474,Overload,y12,-.5344249133565335
placebo,474,Heatstroke,y23,-.3273239093223889
placebo,474,Severe heatstroke,y24,-.1200982217240001
placebo,474,Mild cold hypothermia,y33,-.6537448044764228
placebo,474,Moderate cold hypothermia,y34,-.2320624571489699
placebo,475,Workload,y11,-.7855305961246343
placebo,475,Overload,y12,-1.228110367146072
placebo,475,Heatstroke,y23,-.3369415915213115
placebo,475,Severe heatstroke,y24,-.1232127345607258
placebo,475,Mild cold hypothermia,y33,.9099214886334148
placebo,475,Moderate cold hypothermia,y34,-.0400839008056375
placebo,476,Workload,y11,.5529104779093532
placebo,476,Overload,y12,-.2320847679072096
placebo,476,Heatstroke,y23,.9214928201124539
placebo,476,Severe heatstroke,y24,.4066556914277492
placebo,476,Mild cold hypothermia,y33,-.1606462880900592
placebo,476,Moderate cold hypothermia,y34,-.029191441761067
placebo,477,Workload,y11,-.3497203902048548
placebo,477,Overload,y12,-1.195702807292601
placebo,477,Heatstroke,y23,.1746425647246162
placebo,477,Severe heatstroke,y24,-.0529743030432744
placebo,477,Mild cold hypothermia,y33,.1341206345199916
placebo,477,Moderate cold hypothermia,y34,-.1450457737291463
placebo,478,Workload,y11,.8913645402223439
placebo,478,Overload,y12,1.046261683694968
placebo,478,Heatstroke,y23,.113624218651631
placebo,478,Severe heatstroke,y24,-.0717597731677449
placebo,478,Mild cold hypothermia,y33,-.519357115546201
placebo,478,Moderate cold hypothermia,y34,-.141455357532399
placebo,479,Workload,y11,-.4555756352361417
placebo,479,Overload,y12,-.0083705842378087
placebo,479,Heatstroke,y23,-.1342012387352997
placebo,479,Severe heatstroke,y24,-.1192332955390656
placebo,479,Mild cold hypothermia,y33,.1225033331309906
placebo,479,Moderate cold hypothermia,y34,-.1590254639041922
placebo,480,Workload,y11,-.3991331748300339
placebo,480,Overload,y12,-.0158191871597012
placebo,480,Heatstroke,y23,-.3540680158201553
placebo,480,Severe heatstroke,y24,-.1289894160996344
placebo,480,Mild cold hypothermia,y33,-.3288579358401644
placebo,480,Moderate cold hypothermia,y34,-.1723041746319243
placebo,481,Workload,y11,-.01401340473253
placebo,481,Overload,y12,.0631157683331774
placebo,481,Heatstroke,y23,.14786013449701
placebo,481,Severe heatstroke,y24,-.0620161052471167
placebo,481,Mild cold hypothermia,y33,-.5132724056120724
placebo,481,Moderate cold hypothermia,y34,.2192014095609694
placebo,482,Workload,y11,.0417205588570656
placebo,482,Overload,y12,.0179311157974018
placebo,482,Heatstroke,y23,-.3140304478831604
placebo,482,Severe heatstroke,y24,-.1148514348005774
placebo,482,Mild cold hypothermia,y33,.1071906546765072
placebo,482,Moderate cold hypothermia,y34,.2082570699543183
placebo,483,Workload,y11,-.3228190272725008
placebo,483,Overload,y12,-1.203818004055292
placebo,483,Heatstroke,y23,-.2952346581652202
placebo,483,Severe heatstroke,y24,-.1085355740750207
placebo,483,Mild cold hypothermia,y33,-.1446536483692406
placebo,483,Moderate cold hypothermia,y34,.2050222813201359
placebo,484,Workload,y11,-.5588853333294611
placebo,484,Overload,y12,-.6311133487086357
placebo,484,Heatstroke,y23,-.3395126661638906
placebo,484,Severe heatstroke,y24,-.1234178963258031
placebo,484,Mild cold hypothermia,y33,-.3625314948095842
placebo,484,Moderate cold hypothermia,y34,.0620399546172291
placebo,485,Workload,y11,-.2102022531773542
placebo,485,Overload,y12,-.0585051778373426
placebo,485,Heatstroke,y23,-.3287509141157294
placebo,485,Severe heatstroke,y24,-.1198900407476276
placebo,485,Mild cold hypothermia,y33,-.9337788260385734
placebo,485,Moderate cold hypothermia,y34,-.0632845111001222
placebo,486,Workload,y11,-.769133716684686
placebo,486,Overload,y12,-.0549242898342603
placebo,486,Heatstroke,y23,-.3317030146058142
placebo,486,Severe heatstroke,y24,-.1211207982088636
placebo,486,Mild cold hypothermia,y33,-.1150084969022957
placebo,486,Moderate cold hypothermia,y34,.4594742742247072
placebo,487,Workload,y11,.2661157356918982
placebo,487,Overload,y12,.0078199529359268
placebo,487,Heatstroke,y23,-.3425753463524759
placebo,487,Severe heatstroke,y24,-.1251131235267906
placebo,487,Mild cold hypothermia,y33,.204150546688647
placebo,487,Moderate cold hypothermia,y34,-.0412668829036277
placebo,488,Workload,y11,-.3225174421492703
placebo,488,Overload,y12,-.094426916068813
placebo,488,Heatstroke,y23,-.1302378319223405
placebo,488,Severe heatstroke,y24,-.1179737449093174
placebo,488,Mild cold hypothermia,y33,-.0388906766363952
placebo,488,Moderate cold hypothermia,y34,-.0438483187729382
placebo,489,Workload,y11,1.497024326858875
placebo,489,Overload,y12,1.47179390482298
placebo,489,Heatstroke,y23,1.121420221784909
placebo,489,Severe heatstroke,y24,.4095086075354721
placebo,489,Mild cold hypothermia,y33,-.9814679430512326
placebo,489,Moderate cold hypothermia,y34,-.1613716539530376
placebo,490,Workload,y11,.0771088428243639
placebo,490,Overload,y12,1.051439235342066
placebo,490,Heatstroke,y23,-.3458462942303308
placebo,490,Severe heatstroke,y24,-.1256374269217682
placebo,490,Mild cold hypothermia,y33,.0813457284227319
placebo,490,Moderate cold hypothermia,y34,.0589918360761392
placebo,491,Workload,y11,-.0982523231782772
placebo,491,Overload,y12,-.0828190009443648
placebo,491,Heatstroke,y23,-.1741736824946557
placebo,491,Severe heatstroke,y24,-.1306867063697742
placebo,491,Mild cold hypothermia,y33,.5559682748338722
placebo,491,Moderate cold hypothermia,y34,.1811505941872067
placebo,492,Workload,y11,.3606735139883625
placebo,492,Overload,y12,.5994053616665094
placebo,492,Heatstroke,y23,.1486902604781691
placebo,492,Severe heatstroke,y24,-.0608078706086874
placebo,492,Mild cold hypothermia,y33,-.0208038366613529
placebo,492,Moderate cold hypothermia,y34,-.0593279105413079
placebo,493,Workload,y11,.5791595553766575
placebo,493,Overload,y12,1.506883370639468
placebo,493,Heatstroke,y23,-.1615878138866506
placebo,493,Severe heatstroke,y24,-.1280670144181053
placebo,493,Mild cold hypothermia,y33,-.0025871231130551
placebo,493,Moderate cold hypothermia,y34,.0980330765901407
placebo,494,Workload,y11,-.444829862924457
placebo,494,Overload,y12,-2.380481916247593
placebo,494,Heatstroke,y23,-.1429120701147021
placebo,494,Severe heatstroke,y24,-.1217501620087951
placebo,494,Mild cold hypothermia,y33,-.3509615583405814
placebo,494,Moderate cold hypothermia,y34,-.2093690246940802
placebo,495,Workload,y11,.578526783345246
placebo,495,Overload,y12,1.786561365410614
placebo,495,Heatstroke,y23,.1274182286118966
placebo,495,Severe heatstroke,y24,-.0702646521274498
placebo,495,Mild cold hypothermia,y33,-.8549451960545084
placebo,495,Moderate cold hypothermia,y34,-.120488083201685
placebo,496,Workload,y11,-.5819605845931215
placebo,496,Overload,y12,.3288559485576707
placebo,496,Heatstroke,y23,-.3389892573593404
placebo,496,Severe heatstroke,y24,-.1240869812003555
placebo,496,Mild cold hypothermia,y33,.8209292502633696
placebo,496,Moderate cold hypothermia,y34,.2622052636014011
placebo,497,Workload,y11,.8756228872385199
placebo,497,Overload,y12,1.316333333011121
placebo,497,Heatstroke,y23,1.109663053774615
placebo,497,Severe heatstroke,y24,.4057234813344293
placebo,497,Mild cold hypothermia,y33,.5477014319405125
placebo,497,Moderate cold hypothermia,y34,-.0049286726417205
placebo,498,Workload,y11,-1.340408688113693
placebo,498,Overload,y12,-4.472391392206423
placebo,498,Heatstroke,y23,-.333929014441128
placebo,498,Severe heatstroke,y24,-.1219670086553139
placebo,498,Mild cold hypothermia,y33,-.8201621889840429
placebo,498,Moderate cold hypothermia,y34,-.122186524746462
placebo,499,Workload,y11,-.1440358636543909
placebo,499,Overload,y12,-1.282449649013852
placebo,499,Heatstroke,y23,.4189910134786767
placebo,499,Severe heatstroke,y24,.3418099722259785
placebo,499,Mild cold hypothermia,y33,.2649203219636773
placebo,499,Moderate cold hypothermia,y34,.1548799378946501
placebo,500,Workload,y11,-.1289803721531081
placebo,500,Overload,y12,-.2649343423378049
placebo,500,Heatstroke,y23,-.3401716082039402
placebo,500,Severe heatstroke,y24,-.1241782367004654
placebo,500,Mild cold hypothermia,y33,-.1489398914799299
placebo,500,Moderate cold hypothermia,y34,.1471323704273006
placebo,501,Workload,y11,.4735041013002959
placebo,501,Overload,y12,.8270948780463909
placebo,501,Heatstroke,y23,-.309802217453142
placebo,501,Severe heatstroke,y24,-.113645839776831
placebo,501,Mild cold hypothermia,y33,.2023869517064157
placebo,501,Moderate cold hypothermia,y34,-.0800621952517237
placebo,502,Workload,y11,.2156028314721406
placebo,502,Overload,y12,.6079980707139088
placebo,502,Heatstroke,y23,-.3279886126344799
placebo,502,Severe heatstroke,y24,-.1198565433243536
placebo,502,Mild cold hypothermia,y33,-1.136612054682081
placebo,502,Moderate cold hypothermia,y34,-.2046786793556691
placebo,503,Workload,y11,-.7243949094182618
placebo,503,Overload,y12,-1.921091731497486
placebo,503,Heatstroke,y23,-.3172329099900608
placebo,503,Severe heatstroke,y24,-.1159573125187361
placebo,503,Mild cold hypothermia,y33,.1290116545653691
placebo,503,Moderate cold hypothermia,y34,-.0929594315427855
placebo,504,Workload,y11,.4055740177162278
placebo,504,Overload,y12,1.389440366275954
placebo,504,Heatstroke,y23,-.3224512479144476
placebo,504,Severe heatstroke,y24,-.1178472184332461
placebo,504,Mild cold hypothermia,y33,.3868093130008199
placebo,504,Moderate cold hypothermia,y34,-.0033741638319073
placebo,505,Workload,y11,-.8676667928310647
placebo,505,Overload,y12,-.601868786308897
placebo,505,Heatstroke,y23,-.320397077902264
placebo,505,Severe heatstroke,y24,-.1171361166477153
placebo,505,Mild cold hypothermia,y33,.0726561283828372
placebo,505,Moderate cold hypothermia,y34,-.0794362186834355
placebo,506,Workload,y11,-.1346788643682645
placebo,506,Overload,y12,-.2678855322884972
placebo,506,Heatstroke,y23,-.3159399094140581
placebo,506,Severe heatstroke,y24,-.1161711378763922
placebo,506,Mild cold hypothermia,y33,.6357800496943216
placebo,506,Moderate cold hypothermia,y34,-.044594461415386
placebo,507,Workload,y11,.0180718473327573
placebo,507,Overload,y12,.6272043055742229
placebo,507,Heatstroke,y23,-.3544904212785166
placebo,507,Severe heatstroke,y24,-.128949818913525
placebo,507,Mild cold hypothermia,y33,.135599268505451
placebo,507,Moderate cold hypothermia,y34,-.1690169276712299
placebo,508,Workload,y11,.0466201877572327
placebo,508,Overload,y12,-.8544820350977749
placebo,508,Heatstroke,y23,1.107102525658727
placebo,508,Severe heatstroke,y24,.4045102843466432
placebo,508,Mild cold hypothermia,y33,.1624712113343218
placebo,508,Moderate cold hypothermia,y34,.3379674553982392
placebo,509,Workload,y11,1.166744633151586
placebo,509,Overload,y12,1.50258067404681
placebo,509,Heatstroke,y23,.430257585854123
placebo,509,Severe heatstroke,y24,.3406025533843038
placebo,509,Mild cold hypothermia,y33,-.676173410090782
placebo,509,Moderate cold hypothermia,y34,-.1421263928938093
placebo,510,Workload,y11,-.1405393048560503
placebo,510,Overload,y12,-.1989240972264978
placebo,510,Heatstroke,y23,.4734100690663792
placebo,510,Severe heatstroke,y24,.3602395782594099
placebo,510,Mild cold hypothermia,y33,.7384053923103759
placebo,510,Moderate cold hypothermia,y34,-.0829806851282709
placebo,511,Workload,y11,-.5611189118460727
placebo,511,Overload,y12,-.4896316357154072
placebo,511,Heatstroke,y23,-.3355805284149069
placebo,511,Severe heatstroke,y24,-.1227369290338831
placebo,511,Mild cold hypothermia,y33,.8300137822429706
placebo,511,Moderate cold hypothermia,y34,-.1483805969550212
placebo,512,Workload,y11,-.7085136194681908
placebo,512,Overload,y12,.2771164687846042
placebo,512,Heatstroke,y23,-.175263660386783
placebo,512,Severe heatstroke,y24,-.1339821001679263
placebo,512,Mild cold hypothermia,y33,.6778622035219843
placebo,512,Moderate cold hypothermia,y34,-.0846507309041814
placebo,513,Workload,y11,.3583947127015883
placebo,513,Overload,y12,-.1639683966269833
placebo,513,Heatstroke,y23,.415065273756265
placebo,513,Severe heatstroke,y24,.3359407286614138
placebo,513,Mild cold hypothermia,y33,-1.012908239441326
placebo,513,Moderate cold hypothermia,y34,-.116670833916037
placebo,514,Workload,y11,.1380456146509679
placebo,514,Overload,y12,1.054063967128466
placebo,514,Heatstroke,y23,.1316280926039287
placebo,514,Severe heatstroke,y24,-.0670500286843396
placebo,514,Mild cold hypothermia,y33,1.236542363601262
placebo,514,Moderate cold hypothermia,y34,.1323527084283141
placebo,515,Workload,y11,.0188658644915699
placebo,515,Overload,y12,-1.113156548682587
placebo,515,Heatstroke,y23,.4495105797133765
placebo,515,Severe heatstroke,y24,.3485274099879857
placebo,515,Mild cold hypothermia,y33,-.1363193154923797
placebo,515,Moderate cold hypothermia,y34,.1436957187511431
placebo,516,Workload,y11,-.4269857765325416
placebo,516,Overload,y12,-.9711783943138773
placebo,516,Heatstroke,y23,-.3399342445211584
placebo,516,Severe heatstroke,y24,-.1238917622653215
placebo,516,Mild cold hypothermia,y33,-.4738633558343814
placebo,516,Moderate cold hypothermia,y34,-.0923708739707491
placebo,517,Workload,y11,-1.092851949636416
placebo,517,Overload,y12,.0308006147462175
placebo,517,Heatstroke,y23,-.3372091362558983
placebo,517,Severe heatstroke,y24,-.1232010541477566
placebo,517,Mild cold hypothermia,y33,-1.001728781382858
placebo,517,Moderate cold hypothermia,y34,-.2338001521853823
placebo,518,Workload,y11,.8481496237838285
placebo,518,Overload,y12,.8957056715912871
placebo,518,Heatstroke,y23,.4347825076298477
placebo,518,Severe heatstroke,y24,.3429597272909639
placebo,518,Mild cold hypothermia,y33,.0587162248608818
placebo,518,Moderate cold hypothermia,y34,-.0579749840208541
placebo,519,Workload,y11,.4989876278014113
placebo,519,Overload,y12,-.9082594542800937
placebo,519,Heatstroke,y23,.4729737532945492
placebo,519,Severe heatstroke,y24,.3615621408512148
placebo,519,Mild cold hypothermia,y33,-.2965632472132689
placebo,519,Moderate cold hypothermia,y34,-.1148748386381623
placebo,520,Workload,y11,-.3442202491308454
placebo,520,Overload,y12,-1.421088085157477
placebo,520,Heatstroke,y23,-.3194691432988169
placebo,520,Severe heatstroke,y24,-.1169255149816887
placebo,520,Mild cold hypothermia,y33,-.1178209253784156
placebo,520,Moderate cold hypothermia,y34,.0426392560803205
placebo,521,Workload,y11,.0083753072640764
placebo,521,Overload,y12,.4967641846826027
placebo,521,Heatstroke,y23,.1202540414616763
placebo,521,Severe heatstroke,y24,-.0710894110137253
placebo,521,Mild cold hypothermia,y33,.4774495935769148
placebo,521,Moderate cold hypothermia,y34,-.0043900091095164
placebo,522,Workload,y11,-.4609245204714916
placebo,522,Overload,y12,.1341156033016843
placebo,522,Heatstroke,y23,-.3323634795522654
placebo,522,Severe heatstroke,y24,-.1215574000653782
placebo,522,Mild cold hypothermia,y33,-.1160879935856933
placebo,522,Moderate cold hypothermia,y34,-.0971459161595662
placebo,523,Workload,y11,-.1929849333270175
placebo,523,Overload,y12,.6179303238086068
placebo,523,Heatstroke,y23,-.1566476764614104
placebo,523,Severe heatstroke,y24,-.1272658018241254
placebo,523,Mild cold hypothermia,y33,-1.054103655114296
placebo,523,Moderate cold hypothermia,y34,-.2315260959528166
placebo,524,Workload,y11,-.943120897816403
placebo,524,Overload,y12,-1.793123560378239
placebo,524,Heatstroke,y23,-.3557403803783694
placebo,524,Severe heatstroke,y24,-.1296777271219033
placebo,524,Mild cold hypothermia,y33,.4251921421459822
placebo,524,Moderate cold hypothermia,y34,.1551048089526573
placebo,525,Workload,y11,-.0589040236651186
placebo,525,Overload,y12,-1.260785171333012
placebo,525,Heatstroke,y23,.1068561620235109
placebo,525,Severe heatstroke,y24,-.0750563821894058
placebo,525,Mild cold hypothermia,y33,-.7727935055520501
placebo,525,Moderate cold hypothermia,y34,-.1784490840857793
placebo,526,Workload,y11,.4487879846063197
placebo,526,Overload,y12,1.945018167647628
placebo,526,Heatstroke,y23,.4412927274211291
placebo,526,Severe heatstroke,y24,.3467693883232506
placebo,526,Mild cold hypothermia,y33,.6715330957041113
placebo,526,Moderate cold hypothermia,y34,.5090075372089464
placebo,527,Workload,y11,-.3561353180564046
placebo,527,Overload,y12,-1.199471947459007
placebo,527,Heatstroke,y23,-.3204106888486978
placebo,527,Severe heatstroke,y24,-.1172365747755076
placebo,527,Mild cold hypothermia,y33,-.9251241174965856
placebo,527,Moderate cold hypothermia,y34,-.1729220077995235
placebo,528,Workload,y11,-.1298632575573417
placebo,528,Overload,y12,1.269382264105849
placebo,528,Heatstroke,y23,-.3463185412397221
placebo,528,Severe heatstroke,y24,-.1263770892494875
placebo,528,Mild cold hypothermia,y33,.2491179376448911
placebo,528,Moderate cold hypothermia,y34,-.0664501295217271
placebo,529,Workload,y11,.3805423792962126
placebo,529,Overload,y12,.4789992416730162
placebo,529,Heatstroke,y23,.6260257521462275
placebo,529,Severe heatstroke,y24,.3437066571875886
placebo,529,Mild cold hypothermia,y33,-.6890004316019841
placebo,529,Moderate cold hypothermia,y34,-.2275241745382362
placebo,530,Workload,y11,.2598707478272031
placebo,530,Overload,y12,-1.60304753795859
placebo,530,Heatstroke,y23,.1025791996866719
placebo,530,Severe heatstroke,y24,-.0777012139667573
placebo,530,Mild cold hypothermia,y33,.6715031833534226
placebo,530,Moderate cold hypothermia,y34,.3123518527040747
placebo,531,Workload,y11,1.502708748394075
placebo,531,Overload,y12,1.99988775445137
placebo,531,Heatstroke,y23,.4444352953857651
placebo,531,Severe heatstroke,y24,.3463760853212831
placebo,531,Mild cold hypothermia,y33,-1.006723714335721
placebo,531,Moderate cold hypothermia,y34,-.2164870722599234
placebo,532,Workload,y11,-.397328940577459
placebo,532,Overload,y12,1.860802330940127
placebo,532,Heatstroke,y23,-.3963426669572184
placebo,532,Severe heatstroke,y24,-.1443521051609203
placebo,532,Mild cold hypothermia,y33,.9044666310340851
placebo,532,Moderate cold hypothermia,y34,-.0811220194184033
placebo,533,Workload,y11,.0924334203593162
placebo,533,Overload,y12,1.442127466272817
placebo,533,Heatstroke,y23,-.3651044948438193
placebo,533,Severe heatstroke,y24,-.1325294936861832
placebo,533,Mild cold hypothermia,y33,.7209254238806864
placebo,533,Moderate cold hypothermia,y34,-.140687954155591
placebo,534,Workload,y11,.6078023441305717
placebo,534,Overload,y12,-.966065152629158
placebo,534,Heatstroke,y23,.4970881593371715
placebo,534,Severe heatstroke,y24,.3658306909553353
placebo,534,Mild cold hypothermia,y33,.1125460522833135
placebo,534,Moderate cold hypothermia,y34,.2873805170718773
placebo,535,Workload,y11,-.4080046737692573
placebo,535,Overload,y12,1.198177761181854
placebo,535,Heatstroke,y23,.132231742107462
placebo,535,Severe heatstroke,y24,-.0689669753695033
placebo,535,Mild cold hypothermia,y33,.6242010521836617
placebo,535,Moderate cold hypothermia,y34,-.060695240228753
placebo,536,Workload,y11,-.6509716109315148
placebo,536,Overload,y12,-.684486462255286
placebo,536,Heatstroke,y23,-.1674068954046572
placebo,536,Severe heatstroke,y24,-.1301511995707215
placebo,536,Mild cold hypothermia,y33,.666308946829665
placebo,536,Moderate cold hypothermia,y34,.2339088092841903
placebo,537,Workload,y11,.2420385530391155
placebo,537,Overload,y12,.7151169525256058
placebo,537,Heatstroke,y23,.1052998895616235
placebo,537,Severe heatstroke,y24,-.0763908690425199
placebo,537,Mild cold hypothermia,y33,-.1370707941717623
placebo,537,Moderate cold hypothermia,y34,-.1085568058284237
placebo,538,Workload,y11,-.0853225092875224
placebo,538,Overload,y12,.3921609939924008
placebo,538,Heatstroke,y23,-.3307825999437556
placebo,538,Severe heatstroke,y24,-.1210029578054932
placebo,538,Mild cold hypothermia,y33,-.1990920443448057
placebo,538,Moderate cold hypothermia,y34,.0512675204830111
placebo,539,Workload,y11,-.6953455956694534
placebo,539,Overload,y12,-.3059411950908378
placebo,539,Heatstroke,y23,-.4044120036651321
placebo,539,Severe heatstroke,y24,-.1467052158050284
placebo,539,Mild cold hypothermia,y33,1.38509626139774
placebo,539,Moderate cold hypothermia,y34,.3752222433556097
placebo,540,Workload,y11,-.3781155287928122
placebo,540,Overload,y12,-.5759109049530122
placebo,540,Heatstroke,y23,-.3604172202004651
placebo,540,Severe heatstroke,y24,-.1310725518918968
placebo,540,Mild cold hypothermia,y33,.1758621130050976
placebo,540,Moderate cold hypothermia,y34,-.1192202470191183
placebo,541,Workload,y11,-.2026338159375685
placebo,541,Overload,y12,-.2399742763111727
placebo,541,Heatstroke,y23,-.3571224901794492
placebo,541,Severe heatstroke,y24,-.1298399158158789
placebo,541,Mild cold hypothermia,y33,.3442559727168977
placebo,541,Moderate cold hypothermia,y34,-.1210301653326538
placebo,542,Workload,y11,-.9059674202934318
placebo,542,Overload,y12,-.0870822905544865
placebo,542,Heatstroke,y23,-.3613542913635451
placebo,542,Severe heatstroke,y24,-.1317756246435195
placebo,542,Mild cold hypothermia,y33,-.0988840995874952
placebo,542,Moderate cold hypothermia,y34,-.14151927790336
placebo,543,Workload,y11,-.0003888317256955
placebo,543,Overload,y12,.0134916672969852
placebo,543,Heatstroke,y23,-.3327421845573717
placebo,543,Severe heatstroke,y24,-.121587522048492
placebo,543,Mild cold hypothermia,y33,.6058882902288202
placebo,543,Moderate cold hypothermia,y34,.4970560984855733
placebo,544,Workload,y11,.4428956659456968
placebo,544,Overload,y12,-.2205333021674217
placebo,544,Heatstroke,y23,-.3325665567120509
placebo,544,Severe heatstroke,y24,-.1217526148502146
placebo,544,Mild cold hypothermia,y33,-.0257954950976011
placebo,544,Moderate cold hypothermia,y34,-.1251686439854722
placebo,545,Workload,y11,.8569169398800883
placebo,545,Overload,y12,.8001527321794341
placebo,545,Heatstroke,y23,.9277987504733596
placebo,545,Severe heatstroke,y24,.4085382635266465
placebo,545,Mild cold hypothermia,y33,-.4801747424785879
placebo,545,Moderate cold hypothermia,y34,-.052501506022782
placebo,546,Workload,y11,-1.084651166850938
placebo,546,Overload,y12,-3.920576907511674
placebo,546,Heatstroke,y23,-.3537645009875031
placebo,546,Severe heatstroke,y24,-.1287864021611301
placebo,546,Mild cold hypothermia,y33,.3266168875836191
placebo,546,Moderate cold hypothermia,y34,.2159678869815237
placebo,547,Workload,y11,-.1865193753227819
placebo,547,Overload,y12,-.1702614257301499
placebo,547,Heatstroke,y23,-.17159165609871
placebo,547,Severe heatstroke,y24,-.1336556047028482
placebo,547,Mild cold hypothermia,y33,.081287324822237
placebo,547,Moderate cold hypothermia,y34,-.0356683300210441
placebo,548,Workload,y11,-.2359386231217154
placebo,548,Overload,y12,.1796851029286327
placebo,548,Heatstroke,y23,.1485638284532523
placebo,548,Severe heatstroke,y24,-.0609404485720544
placebo,548,Mild cold hypothermia,y33,-.4726138566722636
placebo,548,Moderate cold hypothermia,y34,.1304104758662913
placebo,549,Workload,y11,.647565609211171
placebo,549,Overload,y12,1.167398987802945
placebo,549,Heatstroke,y23,.4192296446254256
placebo,549,Severe heatstroke,y24,.3372486938457925
placebo,549,Mild cold hypothermia,y33,-.4821667886892144
placebo,549,Moderate cold hypothermia,y34,.0858766910864085
placebo,550,Workload,y11,.4099346702546687
placebo,550,Overload,y12,1.466199183287935
placebo,550,Heatstroke,y23,.1412115630309188
placebo,550,Severe heatstroke,y24,-.06389149023724
placebo,550,Mild cold hypothermia,y33,-.4017734630559193
placebo,550,Moderate cold hypothermia,y34,-.0680337953040944
placebo,551,Workload,y11,.5628058442153969
placebo,551,Overload,y12,.8703555930724654
placebo,551,Heatstroke,y23,-.3062532132596354
placebo,551,Severe heatstroke,y24,-.1122628020586707
placebo,551,Mild cold hypothermia,y33,-.243375984437657
placebo,551,Moderate cold hypothermia,y34,.2318585628346779
placebo,552,Workload,y11,1.05574039302761
placebo,552,Overload,y12,2.3874882659463
placebo,552,Heatstroke,y23,.4614426094589563
placebo,552,Severe heatstroke,y24,.350073729783057
placebo,552,Mild cold hypothermia,y33,-.6683285798627184
placebo,552,Moderate cold hypothermia,y34,-.1067033420373774
placebo,553,Workload,y11,.3262998072874451
placebo,553,Overload,y12,1.234800380286457
placebo,553,Heatstroke,y23,.4654382762227017
placebo,553,Severe heatstroke,y24,.3553551994831829
placebo,553,Mild cold hypothermia,y33,-.2068844425315805
placebo,553,Moderate cold hypothermia,y34,-.1480767195265324
placebo,554,Workload,y11,.7540227014266812
placebo,554,Overload,y12,2.647458514503227
placebo,554,Heatstroke,y23,.4434457507248953
placebo,554,Severe heatstroke,y24,.3440925520104877
placebo,554,Mild cold hypothermia,y33,.4264441414802493
placebo,554,Moderate cold hypothermia,y34,-.0739243646419423
placebo,555,Workload,y11,-.3936084086144571
placebo,555,Overload,y12,-.4358283636965959
placebo,555,Heatstroke,y23,-.3314865262439582
placebo,555,Severe heatstroke,y24,-.1213882059790091
placebo,555,Mild cold hypothermia,y33,.5208955592702494
placebo,555,Moderate cold hypothermia,y34,.4167038957248447
placebo,556,Workload,y11,-.5974244431178904
placebo,556,Overload,y12,.2285905824155573
placebo,556,Heatstroke,y23,-.3076695005858159
placebo,556,Severe heatstroke,y24,-.1132186355618432
placebo,556,Mild cold hypothermia,y33,.3043080583438466
placebo,556,Moderate cold hypothermia,y34,.1457225284247576
placebo,557,Workload,y11,.0923116480569313
placebo,557,Overload,y12,.1794645999683226
placebo,557,Heatstroke,y23,.1899298605247096
placebo,557,Severe heatstroke,y24,-.0508814923755156
placebo,557,Mild cold hypothermia,y33,-.4334892882304429
placebo,557,Moderate cold hypothermia,y34,-.2343766718117925
placebo,558,Workload,y11,-.2364439477996123
placebo,558,Overload,y12,-.0550529222998009
placebo,558,Heatstroke,y23,-.1686139221930933
placebo,558,Severe heatstroke,y24,-.1314910856224411
placebo,558,Mild cold hypothermia,y33,.6003434823012666
placebo,558,Moderate cold hypothermia,y34,.2571608683289222
placebo,559,Workload,y11,.9827722598198432
placebo,559,Overload,y12,2.296947784634556
placebo,559,Heatstroke,y23,.4423549695649716
placebo,559,Severe heatstroke,y24,.3473395380543762
placebo,559,Mild cold hypothermia,y33,.2435067852672094
placebo,559,Moderate cold hypothermia,y34,-.0879152013316594
placebo,560,Workload,y11,-.481344481700017
placebo,560,Overload,y12,-1.703476019500921
placebo,560,Heatstroke,y23,-.3489792273594908
placebo,560,Severe heatstroke,y24,-.1269663140026732
placebo,560,Mild cold hypothermia,y33,.0054953447744839
placebo,560,Moderate cold hypothermia,y34,-.1761027342546407
placebo,561,Workload,y11,.2515509424741569
placebo,561,Overload,y12,.6839117725468424
placebo,561,Heatstroke,y23,1.071200391524248
placebo,561,Severe heatstroke,y24,.3918777120264094
placebo,561,Mild cold hypothermia,y33,.0600695653673733
placebo,561,Moderate cold hypothermia,y34,-.149785079536989
placebo,562,Workload,y11,.7282418725241835
placebo,562,Overload,y12,1.907447208288539
placebo,562,Heatstroke,y23,.1125199530073973
placebo,562,Severe heatstroke,y24,-.0748182362214799
placebo,562,Mild cold hypothermia,y33,-.0730795636972655
placebo,562,Moderate cold hypothermia,y34,.1227254105255526
placebo,563,Workload,y11,.4544069475638256
placebo,563,Overload,y12,.8886389192422584
placebo,563,Heatstroke,y23,.4517675519006903
placebo,563,Severe heatstroke,y24,.3495219360932563
placebo,563,Mild cold hypothermia,y33,.4459423181626859
placebo,563,Moderate cold hypothermia,y34,.011267103542741
placebo,564,Workload,y11,.6399850756742299
placebo,564,Overload,y12,-.5335516963068716
placebo,564,Heatstroke,y23,.4160467464443749
placebo,564,Severe heatstroke,y24,.333306043871828
placebo,564,Mild cold hypothermia,y33,.0934937812213919
placebo,564,Moderate cold hypothermia,y34,.0632358588357203
placebo,565,Workload,y11,-.3962855241164278
placebo,565,Overload,y12,-.5888133106096705
placebo,565,Heatstroke,y23,-.3482755313004065
placebo,565,Severe heatstroke,y24,-.1274604404149718
placebo,565,Mild cold hypothermia,y33,.9027116144796612
placebo,565,Moderate cold hypothermia,y34,.2429082366365037
placebo,566,Workload,y11,-.5660505484768704
placebo,566,Overload,y12,-.8520912079420532
placebo,566,Heatstroke,y23,-.3469471398756773
placebo,566,Severe heatstroke,y24,-.126240712300188
placebo,566,Mild cold hypothermia,y33,-.2040741069065529
placebo,566,Moderate cold hypothermia,y34,-.179314334694099
placebo,567,Workload,y11,-.6663851340931445
placebo,567,Overload,y12,-1.171709649996323
placebo,567,Heatstroke,y23,-.3180625028822626
placebo,567,Severe heatstroke,y24,-.1160019127411535
placebo,567,Mild cold hypothermia,y33,-.3834000039314741
placebo,567,Moderate cold hypothermia,y34,.0056530818319824
placebo,568,Workload,y11,.0048138586776962
placebo,568,Overload,y12,-2.066672699845014
placebo,568,Heatstroke,y23,.6273489971126899
placebo,568,Severe heatstroke,y24,.342859646902844
placebo,568,Mild cold hypothermia,y33,-.7506538068662522
placebo,568,Moderate cold hypothermia,y34,-.0490035116281247
placebo,569,Workload,y11,-.7939560821999392
placebo,569,Overload,y12,-.9549166029599595
placebo,569,Heatstroke,y23,.4530870448278876
placebo,569,Severe heatstroke,y24,.3511390440565465
placebo,569,Mild cold hypothermia,y33,.4496291863173215
placebo,569,Moderate cold hypothermia,y34,.01204711341495
placebo,570,Workload,y11,-.582775303341126
placebo,570,Overload,y12,-1.485292889741724
placebo,570,Heatstroke,y23,-.346979068301404
placebo,570,Severe heatstroke,y24,-.1263377994745014
placebo,570,Mild cold hypothermia,y33,-.1530740770477853
placebo,570,Moderate cold hypothermia,y34,-.1112018288023955
placebo,571,Workload,y11,-.5313728073194727
placebo,571,Overload,y12,-.3367716739198218
placebo,571,Heatstroke,y23,-.1222902380990175
placebo,571,Severe heatstroke,y24,-.1158027819440396
placebo,571,Mild cold hypothermia,y33,-.0453663756715513
placebo,571,Moderate cold hypothermia,y34,.0820733126337189
placebo,572,Workload,y11,.0030703911917315
placebo,572,Overload,y12,.0351452389834545
placebo,572,Heatstroke,y23,-.3499635415924368
placebo,572,Severe heatstroke,y24,-.1277131165817355
placebo,572,Mild cold hypothermia,y33,.6387329194761555
placebo,572,Moderate cold hypothermia,y34,.3504656413994772
placebo,573,Workload,y11,.1255785930708405
placebo,573,Overload,y12,.8186561757019764
placebo,573,Heatstroke,y23,-.3238168426223002
placebo,573,Severe heatstroke,y24,-.1189414939328039
placebo,573,Mild cold hypothermia,y33,.5310396071769077
placebo,573,Moderate cold hypothermia,y34,.1565095591845886
placebo,574,Workload,y11,.4994385167011219
placebo,574,Overload,y12,1.082894183171878
placebo,574,Heatstroke,y23,.1012203001440602
placebo,574,Severe heatstroke,y24,-.0766351924976174
placebo,574,Mild cold hypothermia,y33,-.7122797112115112
placebo,574,Moderate cold hypothermia,y34,-.2198483967362542
placebo,575,Workload,y11,-.0888637365573811
placebo,575,Overload,y12,-.4071838707946973
placebo,575,Heatstroke,y23,-.3319143553902843
placebo,575,Severe heatstroke,y24,-.1213818040013267
placebo,575,Mild cold hypothermia,y33,.2654460936788122
placebo,575,Moderate cold hypothermia,y34,.5609286050676821
placebo,576,Workload,y11,.2077229323685091
placebo,576,Overload,y12,1.667040606702825
placebo,576,Heatstroke,y23,.4213930614922396
placebo,576,Severe heatstroke,y24,.3412936486781437
placebo,576,Mild cold hypothermia,y33,.1755870656844235
placebo,576,Moderate cold hypothermia,y34,.2569046917659099
placebo,577,Workload,y11,-.2186148097662598
placebo,577,Overload,y12,.9744754410709618
placebo,577,Heatstroke,y23,.1097173417638833
placebo,577,Severe heatstroke,y24,-.0763103978432584
placebo,577,Mild cold hypothermia,y33,.3422074011796641
placebo,577,Moderate cold hypothermia,y34,-.0677895133586784
placebo,578,Workload,y11,.9352385830317669
placebo,578,Overload,y12,.4971068298989234
placebo,578,Heatstroke,y23,.4379760837166033
placebo,578,Severe heatstroke,y24,.3450501655519635
placebo,578,Mild cold hypothermia,y33,.428678157729569
placebo,578,Moderate cold hypothermia,y34,.0361414068091089
placebo,579,Workload,y11,.0405549145364087
placebo,579,Overload,y12,1.798757306328481
placebo,579,Heatstroke,y23,-.3331002075014632
placebo,579,Severe heatstroke,y24,-.1217071103865515
placebo,579,Mild cold hypothermia,y33,.3697180761558077
placebo,579,Moderate cold hypothermia,y34,-.1024664416210248
placebo,580,Workload,y11,-.5043962567553586
placebo,580,Overload,y12,.6124903741557132
placebo,580,Heatstroke,y23,-.3461608709913602
placebo,580,Severe heatstroke,y24,-.1261792524862784
placebo,580,Mild cold hypothermia,y33,-.2558821682910627
placebo,580,Moderate cold hypothermia,y34,-.0692608458598097
placebo,581,Workload,y11,.7444762380009773
placebo,581,Overload,y12,1.636627792467128
placebo,581,Heatstroke,y23,-.3522559812581481
placebo,581,Severe heatstroke,y24,-.128041540732591
placebo,581,Mild cold hypothermia,y33,1.37479591840426
placebo,581,Moderate cold hypothermia,y34,.5895316006824675
placebo,582,Workload,y11,-.4794357262746564
placebo,582,Overload,y12,.4429904291573508
placebo,582,Heatstroke,y23,-.3629657143181879
placebo,582,Severe heatstroke,y24,-.131824249247691
placebo,582,Mild cold hypothermia,y33,.0292753315699639
placebo,582,Moderate cold hypothermia,y34,-.0236740730605953
placebo,583,Workload,y11,.0392190290720046
placebo,583,Overload,y12,1.701124181976932
placebo,583,Heatstroke,y23,-.3311628133493725
placebo,583,Severe heatstroke,y24,-.1214320266852795
placebo,583,Mild cold hypothermia,y33,.4053261131438168
placebo,583,Moderate cold hypothermia,y34,.319550782978735
placebo,584,Workload,y11,.1589182176012209
placebo,584,Overload,y12,-.4856391030185213
placebo,584,Heatstroke,y23,.1093656237482419
placebo,584,Severe heatstroke,y24,-.0745196166882873
placebo,584,Mild cold hypothermia,y33,-.1137442334461908
placebo,584,Moderate cold hypothermia,y34,-.0079248302605219
placebo,585,Workload,y11,.2965543383474747
placebo,585,Overload,y12,-.2561446371751829
placebo,585,Heatstroke,y23,-.1600934197099374
placebo,585,Severe heatstroke,y24,-.127014939901822
placebo,585,Mild cold hypothermia,y33,.0001621720210417
placebo,585,Moderate cold hypothermia,y34,.2994859754387526
placebo,586,Workload,y11,.1204267718014576
placebo,586,Overload,y12,-.9843319565908865
placebo,586,Heatstroke,y23,-.3596093316850978
placebo,586,Severe heatstroke,y24,-.1306646861839892
placebo,586,Mild cold hypothermia,y33,-.0870868601612338
placebo,586,Moderate cold hypothermia,y34,-.1380384539874264
placebo,587,Workload,y11,.4182253108680768
placebo,587,Overload,y12,.2773675218818938
placebo,587,Heatstroke,y23,-.3380586134447433
placebo,587,Severe heatstroke,y24,-.1236560309906551
placebo,587,Mild cold hypothermia,y33,-.0302574521898402
placebo,587,Moderate cold hypothermia,y34,-.1460587371124434
placebo,588,Workload,y11,1.07101499747003
placebo,588,Overload,y12,1.024157392315987
placebo,588,Heatstroke,y23,-.1303079247032898
placebo,588,Severe heatstroke,y24,-.1172552197464646
placebo,588,Mild cold hypothermia,y33,-.7513318329868726
placebo,588,Moderate cold hypothermia,y34,-.1326301036356111
placebo,589,Workload,y11,.4688806915187546
placebo,589,Overload,y12,-.3144430141730352
placebo,589,Heatstroke,y23,.461908114179416
placebo,589,Severe heatstroke,y24,.3515638810458363
placebo,589,Mild cold hypothermia,y33,-.2964531461230602
placebo,589,Moderate cold hypothermia,y34,.0738771156961199
placebo,590,Workload,y11,.7893024221526227
placebo,590,Overload,y12,.1494846827052336
placebo,590,Heatstroke,y23,.4681741014184247
placebo,590,Severe heatstroke,y24,.3540948809156078
placebo,590,Mild cold hypothermia,y33,-.0261362222902912
placebo,590,Moderate cold hypothermia,y34,.0453927247243131
placebo,591,Workload,y11,.6470675309057453
placebo,591,Overload,y12,1.180107811014437
placebo,591,Heatstroke,y23,.3347346197858864
placebo,591,Severe heatstroke,y24,-.0638036372679253
placebo,591,Mild cold hypothermia,y33,-.8591081393107354
placebo,591,Moderate cold hypothermia,y34,-.1638556373529473
placebo,592,Workload,y11,.350827763351265
placebo,592,Overload,y12,.8261354519036115
placebo,592,Heatstroke,y23,.6929481638921848
placebo,592,Severe heatstroke,y24,.3684339472773386
placebo,592,Mild cold hypothermia,y33,-.8661590632809167
placebo,592,Moderate cold hypothermia,y34,-.2309267361750492
placebo,593,Workload,y11,-.1922007916117963
placebo,593,Overload,y12,-.5382969340567787
placebo,593,Heatstroke,y23,-.3519244397168285
placebo,593,Severe heatstroke,y24,-.128186424486773
placebo,593,Mild cold hypothermia,y33,-1.002277801052313
placebo,593,Moderate cold hypothermia,y34,-.2290163592155771
placebo,594,Workload,y11,-.2056722403500684
placebo,594,Overload,y12,-.746504021591742
placebo,594,Heatstroke,y23,.4444205551875303
placebo,594,Severe heatstroke,y24,.3512928096489889
placebo,594,Mild cold hypothermia,y33,1.190807871188116
placebo,594,Moderate cold hypothermia,y34,-.0613614572471668
placebo,595,Workload,y11,-.243800599139636
placebo,595,Overload,y12,-1.217146368144617
placebo,595,Heatstroke,y23,-.3736876291547134
placebo,595,Severe heatstroke,y24,-.1358686011532248
placebo,595,Mild cold hypothermia,y33,-.8450590194896812
placebo,595,Moderate cold hypothermia,y34,.1133620963589199
placebo,596,Workload,y11,.0804950151070192
placebo,596,Overload,y12,.9458951436359588
placebo,596,Heatstroke,y23,.1450637313151973
placebo,596,Severe heatstroke,y24,-.0632774617708693
placebo,596,Mild cold hypothermia,y33,-.255853878930165
placebo,596,Moderate cold hypothermia,y34,.3167234826874706
placebo,597,Workload,y11,-.72066680969423
placebo,597,Overload,y12,-.3016444044237669
placebo,597,Heatstroke,y23,-.1369970157597595
placebo,597,Severe heatstroke,y24,-.1211098222549788
placebo,597,Mild cold hypothermia,y33,-.231866948395031
placebo,597,Moderate cold hypothermia,y34,-.1547803219164256
placebo,598,Workload,y11,1.138487172723407
placebo,598,Overload,y12,1.658620994356774
placebo,598,Heatstroke,y23,.5812610818954506
placebo,598,Severe heatstroke,y24,.3275653473930241
placebo,598,Mild cold hypothermia,y33,-.2589358408207547
placebo,598,Moderate cold hypothermia,y34,-.108930579932715
placebo,599,Workload,y11,-.7909735217254751
placebo,599,Overload,y12,-1.182036840487064
placebo,599,Heatstroke,y23,-.2916272955444179
placebo,599,Severe heatstroke,y24,-.107490859570405
placebo,599,Mild cold hypothermia,y33,.9129721630122667
placebo,599,Moderate cold hypothermia,y34,.2099796124027337
placebo,600,Workload,y11,-.6573886134760062
placebo,600,Overload,y12,-.2450444853199668
placebo,600,Heatstroke,y23,-.3554694307654852
placebo,600,Severe heatstroke,y24,-.1295612792347993
placebo,600,Mild cold hypothermia,y33,.4078519752729041
placebo,600,Moderate cold hypothermia,y34,-.0886679096310476
placebo,601,Workload,y11,.5483594376815186
placebo,601,Overload,y12,1.544535717613627
placebo,601,Heatstroke,y23,-.3361647790491398
placebo,601,Severe heatstroke,y24,-.1221745900473237
placebo,601,Mild cold hypothermia,y33,.2797484877602437
placebo,601,Moderate cold hypothermia,y34,.0722827648788278
placebo,602,Workload,y11,-1.450341743725313
placebo,602,Overload,y12,-1.931435820385981
placebo,602,Heatstroke,y23,-.3794518877866778
placebo,602,Severe heatstroke,y24,-.1372511255704159
placebo,602,Mild cold hypothermia,y33,.0795508546223478
placebo,602,Moderate cold hypothermia,y34,-.001239812745681
placebo,603,Workload,y11,.8992390828812561
placebo,603,Overload,y12,.4863845147029696
placebo,603,Heatstroke,y23,1.129508063044989
placebo,603,Severe heatstroke,y24,.4126736614647935
placebo,603,Mild cold hypothermia,y33,-.4302007051649724
placebo,603,Moderate cold hypothermia,y34,-.1836788152854409
placebo,604,Workload,y11,.6784773574664734
placebo,604,Overload,y12,2.10754864155848
placebo,604,Heatstroke,y23,.1307092950540706
placebo,604,Severe heatstroke,y24,-.0669655799919321
placebo,604,Mild cold hypothermia,y33,.1049794688666762
placebo,604,Moderate cold hypothermia,y34,.2393766465030207
placebo,605,Workload,y11,.9040612440363238
placebo,605,Overload,y12,.5904487618912709
placebo,605,Heatstroke,y23,.4374768763490596
placebo,605,Severe heatstroke,y24,.3455009334838996
placebo,605,Mild cold hypothermia,y33,-.2259912053201008
placebo,605,Moderate cold hypothermia,y34,-.0977473313927116
placebo,606,Workload,y11,-.104156682651489
placebo,606,Overload,y12,1.201561847632092
placebo,606,Heatstroke,y23,-.3450031012142925
placebo,606,Severe heatstroke,y24,-.125795734344175
placebo,606,Mild cold hypothermia,y33,.1534852499685631
placebo,606,Moderate cold hypothermia,y34,-.1197868509871876
placebo,607,Workload,y11,-.2793637984364831
placebo,607,Overload,y12,-1.282624576924014
placebo,607,Heatstroke,y23,.1259601371059559
placebo,607,Severe heatstroke,y24,-.0677671737860781
placebo,607,Mild cold hypothermia,y33,-.5410520313771096
placebo,607,Moderate cold hypothermia,y34,-.0025609926776873
placebo,608,Workload,y11,.7521389976235986
placebo,608,Overload,y12,1.708230805758348
placebo,608,Heatstroke,y23,-.3533327666730114
placebo,608,Severe heatstroke,y24,-.1287625956052733
placebo,608,Mild cold hypothermia,y33,.2173483617981656
placebo,608,Moderate cold hypothermia,y34,.0662861890013563
placebo,609,Workload,y11,.0205884525523439
placebo,609,Overload,y12,-.5481684073100741
placebo,609,Heatstroke,y23,-.2871121431903155
placebo,609,Severe heatstroke,y24,-.1053231821543031
placebo,609,Mild cold hypothermia,y33,-.5154139879159615
placebo,609,Moderate cold hypothermia,y34,-.1909185784654375
placebo,610,Workload,y11,-.0085667762633987
placebo,610,Overload,y12,-.9148838535555668
placebo,610,Heatstroke,y23,.3453623212910528
placebo,610,Severe heatstroke,y24,-.0640345096721243
placebo,610,Mild cold hypothermia,y33,.021297206326897
placebo,610,Moderate cold hypothermia,y34,.1393150254655107
placebo,611,Workload,y11,.6634171169654477
placebo,611,Overload,y12,.4618170924927898
placebo,611,Heatstroke,y23,.1145213941387692
placebo,611,Severe heatstroke,y24,-.0733855566814797
placebo,611,Mild cold hypothermia,y33,.6240613691430555
placebo,611,Moderate cold hypothermia,y34,-.1410492443906652
placebo,612,Workload,y11,-.2808766286233377
placebo,612,Overload,y12,-1.501155952423141
placebo,612,Heatstroke,y23,-.3244292037660692
placebo,612,Severe heatstroke,y24,-.1187635359997446
placebo,612,Mild cold hypothermia,y33,-.4453312471448842
placebo,612,Moderate cold hypothermia,y34,-.2234384505167153
placebo,613,Workload,y11,-.1039260917999094
placebo,613,Overload,y12,-1.139756945001632
placebo,613,Heatstroke,y23,.4937889712641589
placebo,613,Severe heatstroke,y24,.3672880801123324
placebo,613,Mild cold hypothermia,y33,-1.322886751779581
placebo,613,Moderate cold hypothermia,y34,-.1978686648241463
placebo,614,Workload,y11,-.6374357417218139
placebo,614,Overload,y12,-.834166145122797
placebo,614,Heatstroke,y23,-.3250967620739774
placebo,614,Severe heatstroke,y24,-.1185244669853972
placebo,614,Mild cold hypothermia,y33,.3896513975275894
placebo,614,Moderate cold hypothermia,y34,.1528720845076319
placebo,615,Workload,y11,-.515680815969615
placebo,615,Overload,y12,-1.074611654752081
placebo,615,Heatstroke,y23,.4430559264218437
placebo,615,Severe heatstroke,y24,.3476557704816438
placebo,615,Mild cold hypothermia,y33,.6276051579075262
placebo,615,Moderate cold hypothermia,y34,.1246172928304752
placebo,616,Workload,y11,.0140258210975746
placebo,616,Overload,y12,-1.351510693509409
placebo,616,Heatstroke,y23,-.2858266974479185
placebo,616,Severe heatstroke,y24,-.1052292007663956
placebo,616,Mild cold hypothermia,y33,-.2507646907409593
placebo,616,Moderate cold hypothermia,y34,-.0293959849743183
placebo,617,Workload,y11,.4689934720084695
placebo,617,Overload,y12,.9202839874867075
placebo,617,Heatstroke,y23,.4890854596470588
placebo,617,Severe heatstroke,y24,.3639735363428372
placebo,617,Mild cold hypothermia,y33,-.1433566880829683
placebo,617,Moderate cold hypothermia,y34,-.0146189552035913
placebo,618,Workload,y11,1.103089156934483
placebo,618,Overload,y12,1.384042395358941
placebo,618,Heatstroke,y23,.9829066856718466
placebo,618,Severe heatstroke,y24,.4293747199161565
placebo,618,Mild cold hypothermia,y33,-.8933600091209503
placebo,618,Moderate cold hypothermia,y34,-.2109698184957743
placebo,619,Workload,y11,-.0667198890043854
placebo,619,Overload,y12,.1525727216192136
placebo,619,Heatstroke,y23,.1341927542368871
placebo,619,Severe heatstroke,y24,-.0678165593124798
placebo,619,Mild cold hypothermia,y33,-.1338830818521263
placebo,619,Moderate cold hypothermia,y34,-.1980908129582843
placebo,620,Workload,y11,-.874438723221629
placebo,620,Overload,y12,-1.871906856993846
placebo,620,Heatstroke,y23,-.1655677566600154
placebo,620,Severe heatstroke,y24,-.1301165334707312
placebo,620,Mild cold hypothermia,y33,-.4596330992795218
placebo,620,Moderate cold hypothermia,y34,.1561064364636602
placebo,621,Workload,y11,-.4287851790574517
placebo,621,Overload,y12,-1.739111020794571
placebo,621,Heatstroke,y23,-.3242974580270291
placebo,621,Severe heatstroke,y24,-.1183709865538677
placebo,621,Mild cold hypothermia,y33,.6171980124946029
placebo,621,Moderate cold hypothermia,y34,.2365165814270741
placebo,622,Workload,y11,.7912896195498637
placebo,622,Overload,y12,1.03796546016343
placebo,622,Heatstroke,y23,.6727736103930428
placebo,622,Severe heatstroke,y24,.3611248288720073
placebo,622,Mild cold hypothermia,y33,-.3146626083095641
placebo,622,Moderate cold hypothermia,y34,-.207856581006488
placebo,623,Workload,y11,-.6664228415693694
placebo,623,Overload,y12,-1.711939868496489
placebo,623,Heatstroke,y23,.3717713004395087
placebo,623,Severe heatstroke,y24,-.0546195771883962
placebo,623,Mild cold hypothermia,y33,.1656265426733123
placebo,623,Moderate cold hypothermia,y34,-.0851468422072963
placebo,624,Workload,y11,-.7615850963211787
placebo,624,Overload,y12,-1.683863759567975
placebo,624,Heatstroke,y23,-.1515585753249414
placebo,624,Severe heatstroke,y24,-.1284602555368163
placebo,624,Mild cold hypothermia,y33,.8067305719910898
placebo,624,Moderate cold hypothermia,y34,-.0682809121585258
placebo,625,Workload,y11,.8583198802271755
placebo,625,Overload,y12,1.487804514779929
placebo,625,Heatstroke,y23,-.2906065706205139
placebo,625,Severe heatstroke,y24,-.1072223497983828
placebo,625,Mild cold hypothermia,y33,-.2751030452919868
placebo,625,Moderate cold hypothermia,y34,-.2004723972057911
placebo,626,Workload,y11,.7270681228541919
placebo,626,Overload,y12,.8370973896090397
placebo,626,Heatstroke,y23,.1474995065831834
placebo,626,Severe heatstroke,y24,-.0597507268461693
placebo,626,Mild cold hypothermia,y33,-.1133025203957545
placebo,626,Moderate cold hypothermia,y34,.3384139700330903
placebo,627,Workload,y11,.3886898331694214
placebo,627,Overload,y12,-.0494659673901266
placebo,627,Heatstroke,y23,.6466255169951264
placebo,627,Severe heatstroke,y24,.3503559970806784
placebo,627,Mild cold hypothermia,y33,-.4969799113102849
placebo,627,Moderate cold hypothermia,y34,-.2123172156089958
placebo,628,Workload,y11,.0854866084208423
placebo,628,Overload,y12,-1.428988497231656
placebo,628,Heatstroke,y23,.433331466778808
placebo,628,Severe heatstroke,y24,.341821307022079
placebo,628,Mild cold hypothermia,y33,-.999555929527164
placebo,628,Moderate cold hypothermia,y34,-.2241098593653884
placebo,629,Workload,y11,.9181183836730465
placebo,629,Overload,y12,2.864879646199589
placebo,629,Heatstroke,y23,.4663614522314826
placebo,629,Severe heatstroke,y24,.3583448180977175
placebo,629,Mild cold hypothermia,y33,.5496894394898444
placebo,629,Moderate cold hypothermia,y34,.0159001317317962
placebo,630,Workload,y11,.8902943049201527
placebo,630,Overload,y12,2.569975023466554
placebo,630,Heatstroke,y23,.1509630480278019
placebo,630,Severe heatstroke,y24,-.0595084163706752
placebo,630,Mild cold hypothermia,y33,.5061120517541244
placebo,630,Moderate cold hypothermia,y34,.4321112856863704
placebo,631,Workload,y11,-.035586403076392
placebo,631,Overload,y12,-.3196743538406199
placebo,631,Heatstroke,y23,-.3145684229776429
placebo,631,Severe heatstroke,y24,-.1148005186229263
placebo,631,Mild cold hypothermia,y33,.2186769833955866
placebo,631,Moderate cold hypothermia,y34,-.1818071214779943
placebo,632,Workload,y11,.0436244618817726
placebo,632,Overload,y12,-.010398282272305
placebo,632,Heatstroke,y23,-.3869945793494082
placebo,632,Severe heatstroke,y24,-.1409995974193234
placebo,632,Mild cold hypothermia,y33,.8092117255231253
placebo,632,Moderate cold hypothermia,y34,.0301904134301948
placebo,633,Workload,y11,.4625531393188702
placebo,633,Overload,y12,2.512368026541019
placebo,633,Heatstroke,y23,.3343141225419439
placebo,633,Severe heatstroke,y24,-.0642997690652939
placebo,633,Mild cold hypothermia,y33,.0130712536645418
placebo,633,Moderate cold hypothermia,y34,-.0659023096254916
placebo,634,Workload,y11,.1344618391085711
placebo,634,Overload,y12,-1.486498398288695
placebo,634,Heatstroke,y23,.4850666297268109
placebo,634,Severe heatstroke,y24,.3587195287929543
placebo,634,Mild cold hypothermia,y33,-.4174310165720878
placebo,634,Moderate cold hypothermia,y34,-.2124749462573833
placebo,635,Workload,y11,-.1169563051264604
placebo,635,Overload,y12,-.9335032691167368
placebo,635,Heatstroke,y23,.1504475471505529
placebo,635,Severe heatstroke,y24,-.0601076768742913
placebo,635,Mild cold hypothermia,y33,1.09334031378266
placebo,635,Moderate cold hypothermia,y34,.2976740465265351
placebo,636,Workload,y11,.0490673120233803
placebo,636,Overload,y12,-.3629995376954943
placebo,636,Heatstroke,y23,-.3185664583203591
placebo,636,Severe heatstroke,y24,-.1166378134590663
placebo,636,Mild cold hypothermia,y33,.0252249316088798
placebo,636,Moderate cold hypothermia,y34,.3225383558527028
placebo,637,Workload,y11,-.3851253061413099
placebo,637,Overload,y12,-.5281734846152908
placebo,637,Heatstroke,y23,-.3786648204292959
placebo,637,Severe heatstroke,y24,-.1376407640410691
placebo,637,Mild cold hypothermia,y33,.1252968935760001
placebo,637,Moderate cold hypothermia,y34,.0316541722776225
placebo,638,Workload,y11,.4569473942182178
placebo,638,Overload,y12,1.280282342100969
placebo,638,Heatstroke,y23,.4355931699369145
placebo,638,Severe heatstroke,y24,.3434515340028049
placebo,638,Mild cold hypothermia,y33,-.8221292595019583
placebo,638,Moderate cold hypothermia,y34,-.2205835538609855
placebo,639,Workload,y11,-1.02975583451968
placebo,639,Overload,y12,-2.560619437036777
placebo,639,Heatstroke,y23,-.3504086267552427
placebo,639,Severe heatstroke,y24,-.1278754183224256
placebo,639,Mild cold hypothermia,y33,.1970829940559794
placebo,639,Moderate cold hypothermia,y34,.3923070294379319
placebo,640,Workload,y11,.6881148464808563
placebo,640,Overload,y12,-.2088793255537414
placebo,640,Heatstroke,y23,.649221088299419
placebo,640,Severe heatstroke,y24,.3518619615380391
placebo,640,Mild cold hypothermia,y33,-.5558423440664227
placebo,640,Moderate cold hypothermia,y34,.2149767753435627
placebo,641,Workload,y11,.3482438461534163
placebo,641,Overload,y12,-.952717539453789
placebo,641,Heatstroke,y23,.9590503550620181
placebo,641,Severe heatstroke,y24,.4205286886010423
placebo,641,Mild cold hypothermia,y33,-.3919954011068798
placebo,641,Moderate cold hypothermia,y34,-.1786392998858641
placebo,642,Workload,y11,.0831876634055744
placebo,642,Overload,y12,-.5058001676593797
placebo,642,Heatstroke,y23,.10333762231167
placebo,642,Severe heatstroke,y24,-.0764256103827477
placebo,642,Mild cold hypothermia,y33,-.383704600328811
placebo,642,Moderate cold hypothermia,y34,.3346438628080097
placebo,643,Workload,y11,.5483745487845991
placebo,643,Overload,y12,2.012502672795016
placebo,643,Heatstroke,y23,-.352310935825274
placebo,643,Severe heatstroke,y24,-.1281797722773445
placebo,643,Mild cold hypothermia,y33,-.087804501076361
placebo,643,Moderate cold hypothermia,y34,.0286609375109016
placebo,644,Workload,y11,.2789259892905474
placebo,644,Overload,y12,-.6580045020160732
placebo,644,Heatstroke,y23,.460857897701854
placebo,644,Severe heatstroke,y24,.3533030671730329
placebo,644,Mild cold hypothermia,y33,-.6424960350155767
placebo,644,Moderate cold hypothermia,y34,-.2112293132193793
placebo,645,Workload,y11,.908049814360405
placebo,645,Overload,y12,1.456784096028957
placebo,645,Heatstroke,y23,.9218542694502494
placebo,645,Severe heatstroke,y24,.4079240131061401
placebo,645,Mild cold hypothermia,y33,.2749136247057739
placebo,645,Moderate cold hypothermia,y34,-.0573686510042297
placebo,646,Workload,y11,-.5463680311164143
placebo,646,Overload,y12,-1.620386569202565
placebo,646,Heatstroke,y23,-.3153088910216463
placebo,646,Severe heatstroke,y24,-.1155512651567569
placebo,646,Mild cold hypothermia,y33,.1303570803922999
placebo,646,Moderate cold hypothermia,y34,-.0679277254791786
placebo,647,Workload,y11,-.0731659406947805
placebo,647,Overload,y12,-1.279425325660523
placebo,647,Heatstroke,y23,-.3355120200109141
placebo,647,Severe heatstroke,y24,-.1228131073829437
placebo,647,Mild cold hypothermia,y33,-.5139897965744712
placebo,647,Moderate cold hypothermia,y34,-.1334944551461203
placebo,648,Workload,y11,.5262371535730518
placebo,648,Overload,y12,1.035592214387929
placebo,648,Heatstroke,y23,-.3415975274735797
placebo,648,Severe heatstroke,y24,-.1242820178637817
placebo,648,Mild cold hypothermia,y33,-.0411768111481388
placebo,648,Moderate cold hypothermia,y34,-.1418430445460138
placebo,649,Workload,y11,.1041297545032591
placebo,649,Overload,y12,1.28049959844636
placebo,649,Heatstroke,y23,-.3549379416809174
placebo,649,Severe heatstroke,y24,-.1291227196183483
placebo,649,Mild cold hypothermia,y33,.5395000706091264
placebo,649,Moderate cold hypothermia,y34,.1076086163630534
placebo,650,Workload,y11,-.6799242544157047
placebo,650,Overload,y12,-2.805070158599116
placebo,650,Heatstroke,y23,-.3175549056714671
placebo,650,Severe heatstroke,y24,-.1163728984182903
placebo,650,Mild cold hypothermia,y33,.1945423060644201
placebo,650,Moderate cold hypothermia,y34,-.0389599787464687
placebo,651,Workload,y11,.5743509426348228
placebo,651,Overload,y12,.155743688162665
placebo,651,Heatstroke,y23,.4443674886777046
placebo,651,Severe heatstroke,y24,.349005193488552
placebo,651,Mild cold hypothermia,y33,.0374983533841953
placebo,651,Moderate cold hypothermia,y34,-.0594934001729912
placebo,652,Workload,y11,.8296250689849497
placebo,652,Overload,y12,1.225349893737367
placebo,652,Heatstroke,y23,.4678740198508722
placebo,652,Severe heatstroke,y24,.3565696135161374
placebo,652,Mild cold hypothermia,y33,-.4867960576316276
placebo,652,Moderate cold hypothermia,y34,-.1679382716108598
placebo,653,Workload,y11,.4660855736294424
placebo,653,Overload,y12,-.2314175514878246
placebo,653,Heatstroke,y23,.0994014770064612
placebo,653,Severe heatstroke,y24,-.0761508612853306
placebo,653,Mild cold hypothermia,y33,-.0819211030998721
placebo,653,Moderate cold hypothermia,y34,-.0193283925364568
placebo,654,Workload,y11,-.6819359044610075
placebo,654,Overload,y12,-1.426684802838498
placebo,654,Heatstroke,y23,-.3554730357332043
placebo,654,Severe heatstroke,y24,-.1292120337814771
placebo,654,Mild cold hypothermia,y33,-.5168414445946425
placebo,654,Moderate cold hypothermia,y34,.1986496298871968
placebo,655,Workload,y11,1.113850388754843
placebo,655,Overload,y12,1.952422486637228
placebo,655,Heatstroke,y23,.4645869180321205
placebo,655,Severe heatstroke,y24,.3505952999881577
placebo,655,Mild cold hypothermia,y33,-.2327843726484745
placebo,655,Moderate cold hypothermia,y34,.0739926410121319
placebo,656,Workload,y11,-.4924309234364739
placebo,656,Overload,y12,-2.116306932218096
placebo,656,Heatstroke,y23,-.3488508111743641
placebo,656,Severe heatstroke,y24,-.1271675756782842
placebo,656,Mild cold hypothermia,y33,-.7991815282217172
placebo,656,Moderate cold hypothermia,y34,-.2295992309820436
placebo,657,Workload,y11,-.6592097000349757
placebo,657,Overload,y12,-1.605955764414292
placebo,657,Heatstroke,y23,-.3006145735537373
placebo,657,Severe heatstroke,y24,-.1098274291647222
placebo,657,Mild cold hypothermia,y33,-.9113925399938891
placebo,657,Moderate cold hypothermia,y34,-.2136819695319781
placebo,658,Workload,y11,-.2562758416253857
placebo,658,Overload,y12,-.167134578730423
placebo,658,Heatstroke,y23,.4563760116940306
placebo,658,Severe heatstroke,y24,.3547107326871326
placebo,658,Mild cold hypothermia,y33,-.3618918378703401
placebo,658,Moderate cold hypothermia,y34,-.2007402100190822
placebo,659,Workload,y11,.4715950963739868
placebo,659,Overload,y12,.511187528755361
placebo,659,Heatstroke,y23,.6369725117067846
placebo,659,Severe heatstroke,y24,.3476656008723972
placebo,659,Mild cold hypothermia,y33,.2631627796872494
placebo,659,Moderate cold hypothermia,y34,-.198289563052536
placebo,660,Workload,y11,-.1920340224860545
placebo,660,Overload,y12,.8903026448497344
placebo,660,Heatstroke,y23,-.3770729546089369
placebo,660,Severe heatstroke,y24,-.1370023819448183
placebo,660,Mild cold hypothermia,y33,1.5110826610545
placebo,660,Moderate cold hypothermia,y34,.2317783751883365
placebo,661,Workload,y11,.4875886676154878
placebo,661,Overload,y12,-.9261966555342825
placebo,661,Heatstroke,y23,.4916033543265745
placebo,661,Severe heatstroke,y24,.3624873071451554
placebo,661,Mild cold hypothermia,y33,-.0428050681778419
placebo,661,Moderate cold hypothermia,y34,.1589393576485469
placebo,662,Workload,y11,.8017333619020339
placebo,662,Overload,y12,2.329839962055355
placebo,662,Heatstroke,y23,.6195368751600993
placebo,662,Severe heatstroke,y24,.3413480463014029
placebo,662,Mild cold hypothermia,y33,.2163825724887985
placebo,662,Moderate cold hypothermia,y34,.1588060728088644
placebo,663,Workload,y11,-.0288484055723533
placebo,663,Overload,y12,-1.130937203355133
placebo,663,Heatstroke,y23,.4170708683389348
placebo,663,Severe heatstroke,y24,.338285962611871
placebo,663,Mild cold hypothermia,y33,-.4321122271670741
placebo,663,Moderate cold hypothermia,y34,-.1943746361467246
placebo,664,Workload,y11,.3183015223082316
placebo,664,Overload,y12,.6286211383966605
placebo,664,Heatstroke,y23,.1262759614066414
placebo,664,Severe heatstroke,y24,-.069608805287805
placebo,664,Mild cold hypothermia,y33,1.00667066453248
placebo,664,Moderate cold hypothermia,y34,.3397544007007465
placebo,665,Workload,y11,-.1215998324018921
placebo,665,Overload,y12,-1.039551826662119
placebo,665,Heatstroke,y23,-.1157040184693066
placebo,665,Severe heatstroke,y24,-.1130742506929078
placebo,665,Mild cold hypothermia,y33,-.265379312515656
placebo,665,Moderate cold hypothermia,y34,-.0452324859324193
placebo,666,Workload,y11,-.0518658981808688
placebo,666,Overload,y12,-.2316922911333106
placebo,666,Heatstroke,y23,-.3923981471641793
placebo,666,Severe heatstroke,y24,-.1422456369172847
placebo,666,Mild cold hypothermia,y33,.8856189423420876
placebo,666,Moderate cold hypothermia,y34,-.0007664358957562
placebo,667,Workload,y11,.2015692414870161
placebo,667,Overload,y12,-.6795426084948275
placebo,667,Heatstroke,y23,.6172114569778976
placebo,667,Severe heatstroke,y24,.339891087580973
placebo,667,Mild cold hypothermia,y33,.9592753551631966
placebo,667,Moderate cold hypothermia,y34,.2857278293701535
placebo,668,Workload,y11,-.2664511847515128
placebo,668,Overload,y12,-2.144558767350208
placebo,668,Heatstroke,y23,.4347218076031273
placebo,668,Severe heatstroke,y24,.3419248097762216
placebo,668,Mild cold hypothermia,y33,-1.33969623168188
placebo,668,Moderate cold hypothermia,y34,-.199963411224093
placebo,669,Workload,y11,1.286591382105526
placebo,669,Overload,y12,.9329239171029418
placebo,669,Heatstroke,y23,.9361889806225409
placebo,669,Severe heatstroke,y24,.4104798206319459
placebo,669,Mild cold hypothermia,y33,-.3524442920960495
placebo,669,Moderate cold hypothermia,y34,-.0112824683953126
placebo,670,Workload,y11,-.0397728629104537
placebo,670,Overload,y12,-.790716037406388
placebo,670,Heatstroke,y23,-.3283678026383436
placebo,670,Severe heatstroke,y24,-.1199524993106237
placebo,670,Mild cold hypothermia,y33,-.1533543913747235
placebo,670,Moderate cold hypothermia,y34,-.0630777649493955
placebo,671,Workload,y11,-.1850169686865747
placebo,671,Overload,y12,.7466621430324955
placebo,671,Heatstroke,y23,-.1271440002750117
placebo,671,Severe heatstroke,y24,-.1180483617655111
placebo,671,Mild cold hypothermia,y33,.9031263454156249
placebo,671,Moderate cold hypothermia,y34,.0274158322011412
placebo,672,Workload,y11,-.1479246305230386
placebo,672,Overload,y12,-.5079438433557301
placebo,672,Heatstroke,y23,-.1267994258872084
placebo,672,Severe heatstroke,y24,-.115656427875852
placebo,672,Mild cold hypothermia,y33,.3816396390200255
placebo,672,Moderate cold hypothermia,y34,.1425903342978994
placebo,673,Workload,y11,.2847498335601813
placebo,673,Overload,y12,.588330681258819
placebo,673,Heatstroke,y23,-.3340955916017694
placebo,673,Severe heatstroke,y24,-.1222534223703616
placebo,673,Mild cold hypothermia,y33,-.5501504471960347
placebo,673,Moderate cold hypothermia,y34,-.08024819409084
placebo,674,Workload,y11,.4907644762092894
placebo,674,Overload,y12,1.634721725412253
placebo,674,Heatstroke,y23,.1457190364743987
placebo,674,Severe heatstroke,y24,-.0632303295055998
placebo,674,Mild cold hypothermia,y33,.0315476838669909
placebo,674,Moderate cold hypothermia,y34,.2544589545943031
placebo,675,Workload,y11,.8199500210153192
placebo,675,Overload,y12,1.725328844852145
placebo,675,Heatstroke,y23,.8920016569803565
placebo,675,Severe heatstroke,y24,.396420312054757
placebo,675,Mild cold hypothermia,y33,1.07380979631461
placebo,675,Moderate cold hypothermia,y34,.0450134613690434
placebo,676,Workload,y11,-.8183863889842129
placebo,676,Overload,y12,-1.097237427520855
placebo,676,Heatstroke,y23,-.3615063186926095
placebo,676,Severe heatstroke,y24,-.1313391959295503
placebo,676,Mild cold hypothermia,y33,.2858457388450858
placebo,676,Moderate cold hypothermia,y34,.0692147216363926
placebo,677,Workload,y11,.7410282578303408
placebo,677,Overload,y12,.1755346009110058
placebo,677,Heatstroke,y23,.9204261223304712
placebo,677,Severe heatstroke,y24,.4049848013627763
placebo,677,Mild cold hypothermia,y33,-.1949848499876634
placebo,677,Moderate cold hypothermia,y34,.3439004338596626
placebo,678,Workload,y11,.340791002403886
placebo,678,Overload,y12,.9469691221740819
placebo,678,Heatstroke,y23,.4461543323149004
placebo,678,Severe heatstroke,y24,.3472513025344266
placebo,678,Mild cold hypothermia,y33,-.3077063532260848
placebo,678,Moderate cold hypothermia,y34,-.2216167751893903
placebo,679,Workload,y11,-.1552679815202525
placebo,679,Overload,y12,.481929591922608
placebo,679,Heatstroke,y23,-.3471186164847348
placebo,679,Severe heatstroke,y24,-.1263429700756623
placebo,679,Mild cold hypothermia,y33,-.9452640630950366
placebo,679,Moderate cold hypothermia,y34,-.2257582891244914
placebo,680,Workload,y11,.107186289865187
placebo,680,Overload,y12,-.3809555226143782
placebo,680,Heatstroke,y23,.1491175037392918
placebo,680,Severe heatstroke,y24,-.0593351879557646
placebo,680,Mild cold hypothermia,y33,-.6773481510989322
placebo,680,Moderate cold hypothermia,y34,-.2192569675278359
placebo,681,Workload,y11,-.3272334988010296
placebo,681,Overload,y12,-1.156265208537188
placebo,681,Heatstroke,y23,-.3249625014840889
placebo,681,Severe heatstroke,y24,-.1187784543027162
placebo,681,Mild cold hypothermia,y33,-.0819200701832196
placebo,681,Moderate cold hypothermia,y34,-.1431760043490127
placebo,682,Workload,y11,.2525671456019116
placebo,682,Overload,y12,-.3447953557955858
placebo,682,Heatstroke,y23,.3810550102025353
placebo,682,Severe heatstroke,y24,-.0460274134884319
placebo,682,Mild cold hypothermia,y33,.321028108119259
placebo,682,Moderate cold hypothermia,y34,.0848328821485404
placebo,683,Workload,y11,-.1756468165630447
placebo,683,Overload,y12,.0537370246679878
placebo,683,Heatstroke,y23,-.321983975681655
placebo,683,Severe heatstroke,y24,-.1178237535551535
placebo,683,Mild cold hypothermia,y33,-.8551466395497291
placebo,683,Moderate cold hypothermia,y34,-.2023543950832818
placebo,684,Workload,y11,.3318641456225428
placebo,684,Overload,y12,1.759217495692803
placebo,684,Heatstroke,y23,-.3242482802381189
placebo,684,Severe heatstroke,y24,-.1192719252256043
placebo,684,Mild cold hypothermia,y33,-1.116235686582346
placebo,684,Moderate cold hypothermia,y34,-.1602959584454943
placebo,685,Workload,y11,-.691520525028283
placebo,685,Overload,y12,-1.31803481662948
placebo,685,Heatstroke,y23,-.3452743822236322
placebo,685,Severe heatstroke,y24,-.1258939691486808
placebo,685,Mild cold hypothermia,y33,.0741339511335647
placebo,685,Moderate cold hypothermia,y34,-.1984151449741399
placebo,686,Workload,y11,-.1442249156148796
placebo,686,Overload,y12,.5777878307481444
placebo,686,Heatstroke,y23,-.3835336066792133
placebo,686,Severe heatstroke,y24,-.139239377945472
placebo,686,Mild cold hypothermia,y33,1.018838499556717
placebo,686,Moderate cold hypothermia,y34,.1314384784754807
placebo,687,Workload,y11,1.187257087000391
placebo,687,Overload,y12,1.528474568164495
placebo,687,Heatstroke,y23,.6500962731622396
placebo,687,Severe heatstroke,y24,.3530330730504362
placebo,687,Mild cold hypothermia,y33,1.037339069504358
placebo,687,Moderate cold hypothermia,y34,.3708995370650919
placebo,688,Workload,y11,-.5807201086889737
placebo,688,Overload,y12,-1.566034221052625
placebo,688,Heatstroke,y23,-.3248445116545087
placebo,688,Severe heatstroke,y24,-.1190516520787737
placebo,688,Mild cold hypothermia,y33,-.2916111941449618
placebo,688,Moderate cold hypothermia,y34,-.0675701551418127
placebo,689,Workload,y11,-.3598624493246741
placebo,689,Overload,y12,.0770573367557345
placebo,689,Heatstroke,y23,.3418035398186172
placebo,689,Severe heatstroke,y24,-.06364274047141
placebo,689,Mild cold hypothermia,y33,.5471363038498133
placebo,689,Moderate cold hypothermia,y34,.3485252886409549
placebo,690,Workload,y11,.1259511649583275
placebo,690,Overload,y12,-1.194769158231864
placebo,690,Heatstroke,y23,.4509484902298279
placebo,690,Severe heatstroke,y24,.3470397931940479
placebo,690,Mild cold hypothermia,y33,-.0652318009182585
placebo,690,Moderate cold hypothermia,y34,-.1141679534022469
placebo,691,Workload,y11,.0193835638744609
placebo,691,Overload,y12,-.2135492884613577
placebo,691,Heatstroke,y23,1.067143590244233
placebo,691,Severe heatstroke,y24,.3908758989196912
placebo,691,Mild cold hypothermia,y33,.3554807923362001
placebo,691,Moderate cold hypothermia,y34,-.1641860737810503
placebo,692,Workload,y11,.0861912987361299
placebo,692,Overload,y12,-.2012112746048892
placebo,692,Heatstroke,y23,.1554312049298625
placebo,692,Severe heatstroke,y24,-.0574660900517445
placebo,692,Mild cold hypothermia,y33,-.2212815924624494
placebo,692,Moderate cold hypothermia,y34,.0188628354939552
placebo,693,Workload,y11,-.723341492301408
placebo,693,Overload,y12,-1.813578473220323
placebo,693,Heatstroke,y23,-.33493441171058
placebo,693,Severe heatstroke,y24,-.1223345461263606
placebo,693,Mild cold hypothermia,y33,-.3236949124225302
placebo,693,Moderate cold hypothermia,y34,.0731881197467271
placebo,694,Workload,y11,.3877327509684872
placebo,694,Overload,y12,.4902502419003782
placebo,694,Heatstroke,y23,.4386321703607235
placebo,694,Severe heatstroke,y24,.3433985408300492
placebo,694,Mild cold hypothermia,y33,-.0562434872305166
placebo,694,Moderate cold hypothermia,y34,-.1496023390409106
placebo,695,Workload,y11,-.4062992973598733
placebo,695,Overload,y12,-1.095636894173654
placebo,695,Heatstroke,y23,-.3266622015041269
placebo,695,Severe heatstroke,y24,-.1196309405381644
placebo,695,Mild cold hypothermia,y33,-.666375813573187
placebo,695,Moderate cold hypothermia,y34,-.1455113003444123
placebo,696,Workload,y11,-.5746815678634433
placebo,696,Overload,y12,-.383977900471267
placebo,696,Heatstroke,y23,-.3210682787603544
placebo,696,Severe heatstroke,y24,-.1175870302434536
placebo,696,Mild cold hypothermia,y33,-.4426052263460481
placebo,696,Moderate cold hypothermia,y34,.2416318415979405
placebo,697,Workload,y11,.3033275843469512
placebo,697,Overload,y12,-.8300599614360876
placebo,697,Heatstroke,y23,1.115123034973992
placebo,697,Severe heatstroke,y24,.4072824723049871
placebo,697,Mild cold hypothermia,y33,.7434922033036429
placebo,697,Moderate cold hypothermia,y34,.1532161395440598
placebo,698,Workload,y11,.5183179549563425
placebo,698,Overload,y12,.2315941778891372
placebo,698,Heatstroke,y23,-.3653622781569438
placebo,698,Severe heatstroke,y24,-.1325571258402411
placebo,698,Mild cold hypothermia,y33,-.4637069311213169
placebo,698,Moderate cold hypothermia,y34,-.1971726034828974
placebo,699,Workload,y11,-.3748309838951706
placebo,699,Overload,y12,.5750824043137067
placebo,699,Heatstroke,y23,-.3579327662093745
placebo,699,Severe heatstroke,y24,-.1306147768973355
placebo,699,Mild cold hypothermia,y33,.2588966941750314
placebo,699,Moderate cold hypothermia,y34,-.0617072138480768
placebo,700,Workload,y11,1.216531266884075
placebo,700,Overload,y12,2.782360751972111
placebo,700,Heatstroke,y23,.4385739789634208
placebo,700,Severe heatstroke,y24,.3516480617671759
placebo,700,Mild cold hypothermia,y33,.2317550850881379
placebo,700,Moderate cold hypothermia,y34,-.1811391698879367
placebo,701,Workload,y11,.9439843562584186
placebo,701,Overload,y12,1.325871847911127
placebo,701,Heatstroke,y23,.1148255830035008
placebo,701,Severe heatstroke,y24,-.0725600370152004
placebo,701,Mild cold hypothermia,y33,-.2127910033481013
placebo,701,Moderate cold hypothermia,y34,-.1123341019050811
placebo,702,Workload,y11,-1.014872948888074
placebo,702,Overload,y12,-1.936487494020936
placebo,702,Heatstroke,y23,-.3079581188056677
placebo,702,Severe heatstroke,y24,-.112506331920619
placebo,702,Mild cold hypothermia,y33,.2155450258296662
placebo,702,Moderate cold hypothermia,y34,.2365955970062417
placebo,703,Workload,y11,.3354405976533671
placebo,703,Overload,y12,.9989848423791938
placebo,703,Heatstroke,y23,.6173497549694407
placebo,703,Severe heatstroke,y24,.3386472875580952
placebo,703,Mild cold hypothermia,y33,-.6763788520021677
placebo,703,Moderate cold hypothermia,y34,-.2192295582704127
placebo,704,Workload,y11,-.1535160096683694
placebo,704,Overload,y12,-.7414653537040922
placebo,704,Heatstroke,y23,.1451593555660521
placebo,704,Severe heatstroke,y24,-.0651270239594702
placebo,704,Mild cold hypothermia,y33,.49435521259773
placebo,704,Moderate cold hypothermia,y34,-.1666607660984997
placebo,705,Workload,y11,.4405499906329435
placebo,705,Overload,y12,-.6076844281455265
placebo,705,Heatstroke,y23,.6405266170351329
placebo,705,Severe heatstroke,y24,.3510384052999321
placebo,705,Mild cold hypothermia,y33,-.5828110388838859
placebo,705,Moderate cold hypothermia,y34,-.2303077708847837
placebo,706,Workload,y11,-.8455678112726567
placebo,706,Overload,y12,-2.120102057441207
placebo,706,Heatstroke,y23,.1508833336924246
placebo,706,Severe heatstroke,y24,-.0625845536073747
placebo,706,Mild cold hypothermia,y33,-.2779991699514072
placebo,706,Moderate cold hypothermia,y34,-.0619120434074357
placebo,707,Workload,y11,1.159469008591953
placebo,707,Overload,y12,1.748595633061378
placebo,707,Heatstroke,y23,.969369499768291
placebo,707,Severe heatstroke,y24,.4238487526106658
placebo,707,Mild cold hypothermia,y33,1.02992528917376
placebo,707,Moderate cold hypothermia,y34,.1038991338088484
placebo,708,Workload,y11,.2046393172166491
placebo,708,Overload,y12,-1.283949426658102
placebo,708,Heatstroke,y23,.1475621605126357
placebo,708,Severe heatstroke,y24,-.0627749736381971
placebo,708,Mild cold hypothermia,y33,-.9197861842118448
placebo,708,Moderate cold hypothermia,y34,-.2258552322408891
placebo,709,Workload,y11,-.6988988868158011
placebo,709,Overload,y12,-1.743732540037902
placebo,709,Heatstroke,y23,-.2953570448595069
placebo,709,Severe heatstroke,y24,-.1085763155825821
placebo,709,Mild cold hypothermia,y33,-.4395796256370771
placebo,709,Moderate cold hypothermia,y34,-.2009023941598558
placebo,710,Workload,y11,1.569562112250265
placebo,710,Overload,y12,3.098079738999361
placebo,710,Heatstroke,y23,.8975865450335642
placebo,710,Severe heatstroke,y24,.3990642732498651
placebo,710,Mild cold hypothermia,y33,.662254166447843
placebo,710,Moderate cold hypothermia,y34,.1041633901441112
placebo,711,Workload,y11,.262756029784757
placebo,711,Overload,y12,-.1543823104277768
placebo,711,Heatstroke,y23,-.3503976675982943
placebo,711,Severe heatstroke,y24,-.1275535784961775
placebo,711,Mild cold hypothermia,y33,.4247829543485336
placebo,711,Moderate cold hypothermia,y34,-.1097533352860747
placebo,712,Workload,y11,-.0697948877311789
placebo,712,Overload,y12,-.9645368732879062
placebo,712,Heatstroke,y23,-.3570872118555553
placebo,712,Severe heatstroke,y24,-.1298320652288708
placebo,712,Mild cold hypothermia,y33,.6696689221719391
placebo,712,Moderate cold hypothermia,y34,.1480706313505853
placebo,713,Workload,y11,-.6655151346606959
placebo,713,Overload,y12,-1.826288670433932
placebo,713,Heatstroke,y23,-.1161942420591238
placebo,713,Severe heatstroke,y24,-.1140810281391414
placebo,713,Mild cold hypothermia,y33,.3355153850982746
placebo,713,Moderate cold hypothermia,y34,-.0666708073334086
placebo,714,Workload,y11,-.4403952855462133
placebo,714,Overload,y12,-.6779019417016834
placebo,714,Heatstroke,y23,-.3284831925350313
placebo,714,Severe heatstroke,y24,-.1201212864939622
placebo,714,Mild cold hypothermia,y33,-.895011467678191
placebo,714,Moderate cold hypothermia,y34,-.2046307760648562
placebo,715,Workload,y11,-.664798326940316
placebo,715,Overload,y12,-2.211061812933245
placebo,715,Heatstroke,y23,.1708012215753666
placebo,715,Severe heatstroke,y24,-.0539684866041031
placebo,715,Mild cold hypothermia,y33,-.8195149054593951
placebo,715,Moderate cold hypothermia,y34,-.2089144866281849
placebo,716,Workload,y11,-.2574729181771778
placebo,716,Overload,y12,-1.128943065462843
placebo,716,Heatstroke,y23,-.334550510925646
placebo,716,Severe heatstroke,y24,-.1224109796960413
placebo,716,Mild cold hypothermia,y33,-.1958501868431328
placebo,716,Moderate cold hypothermia,y34,-.1821783713241309
placebo,717,Workload,y11,-.1960125402639229
placebo,717,Overload,y12,-.1362420061319524
placebo,717,Heatstroke,y23,.1622009504209417
placebo,717,Severe heatstroke,y24,-.05804325020579
placebo,717,Mild cold hypothermia,y33,.8701820720635133
placebo,717,Moderate cold hypothermia,y34,-.1242355228959745
placebo,718,Workload,y11,.2129073663204706
placebo,718,Overload,y12,-.4157479688871486
placebo,718,Heatstroke,y23,.613165581523867
placebo,718,Severe heatstroke,y24,.3410456107816065
placebo,718,Mild cold hypothermia,y33,-.0425821952825871
placebo,718,Moderate cold hypothermia,y34,-.2159052477651239
placebo,719,Workload,y11,-.1829506134409297
placebo,719,Overload,y12,.400233237436703
placebo,719,Heatstroke,y23,-.3436946263911081
placebo,719,Severe heatstroke,y24,-.1252199528583737
placebo,719,Mild cold hypothermia,y33,-1.049956979152152
placebo,719,Moderate cold hypothermia,y34,-.2308373809427478
placebo,720,Workload,y11,.9321128027391355
placebo,720,Overload,y12,1.652452305725408
placebo,720,Heatstroke,y23,.595138466907931
placebo,720,Severe heatstroke,y24,.3280968632479999
placebo,720,Mild cold hypothermia,y33,-.9898310072015001
placebo,720,Moderate cold hypothermia,y34,-.2216064883539486
placebo,721,Workload,y11,.608781267291272
placebo,721,Overload,y12,1.501021527776396
placebo,721,Heatstroke,y23,.4579031963170133
placebo,721,Severe heatstroke,y24,.3497599342313629
placebo,721,Mild cold hypothermia,y33,.6835898903984337
placebo,721,Moderate cold hypothermia,y34,.0586340353006594
placebo,722,Workload,y11,-.7712491107553091
placebo,722,Overload,y12,-1.099763684035735
placebo,722,Heatstroke,y23,-.3186698149341469
placebo,722,Severe heatstroke,y24,-.1168815958328482
placebo,722,Mild cold hypothermia,y33,-.4283864893409816
placebo,722,Moderate cold hypothermia,y34,-.1808092606550777
placebo,723,Workload,y11,.4243628032381393
placebo,723,Overload,y12,-.9261470083509257
placebo,723,Heatstroke,y23,.327349369160209
placebo,723,Severe heatstroke,y24,-.0655015017002229
placebo,723,Mild cold hypothermia,y33,-.2432560987620093
placebo,723,Moderate cold hypothermia,y34,-.1835546434135925
placebo,724,Workload,y11,-.2460142817343717
placebo,724,Overload,y12,-.9740011813654131
placebo,724,Heatstroke,y23,-.3396652178663527
placebo,724,Severe heatstroke,y24,-.1239155161198346
placebo,724,Mild cold hypothermia,y33,-.4180778095746168
placebo,724,Moderate cold hypothermia,y34,-.2286614880198188
placebo,725,Workload,y11,-.0784478481768481
placebo,725,Overload,y12,-1.70878283520035
placebo,725,Heatstroke,y23,-.1069938339332707
placebo,725,Severe heatstroke,y24,-.1094945466458592
placebo,725,Mild cold hypothermia,y33,-.065800076813906
placebo,725,Moderate cold hypothermia,y34,.4664285665074295
placebo,726,Workload,y11,.1362286827738866
placebo,726,Overload,y12,1.159807267067772
placebo,726,Heatstroke,y23,-.1147641376700088
placebo,726,Severe heatstroke,y24,-.1130587241214512
placebo,726,Mild cold hypothermia,y33,.5653238359659774
placebo,726,Moderate cold hypothermia,y34,.2813762435078865
placebo,727,Workload,y11,-.7694017700691429
placebo,727,Overload,y12,-.5785724723661031
placebo,727,Heatstroke,y23,-.3133461453618545
placebo,727,Severe heatstroke,y24,-.114810967264559
placebo,727,Mild cold hypothermia,y33,-.0148304720572439
placebo,727,Moderate cold hypothermia,y34,.322686655072063
placebo,728,Workload,y11,-.8825782171894077
placebo,728,Overload,y12,-2.185338403096649
placebo,728,Heatstroke,y23,-.2917608266018665
placebo,728,Severe heatstroke,y24,-.1072355314057205
placebo,728,Mild cold hypothermia,y33,-.4238104675169488
placebo,728,Moderate cold hypothermia,y34,-.1702904247072763
placebo,729,Workload,y11,.0089051283638145
placebo,729,Overload,y12,.3216001202261348
placebo,729,Heatstroke,y23,.1429554762743957
placebo,729,Severe heatstroke,y24,-.0611368901251224
placebo,729,Mild cold hypothermia,y33,-.4231151389404367
placebo,729,Moderate cold hypothermia,y34,.4485318936955437
placebo,730,Workload,y11,.6689528778576089
placebo,730,Overload,y12,.9849215528800415
placebo,730,Heatstroke,y23,.9211388257372215
placebo,730,Severe heatstroke,y24,.4056453298233
placebo,730,Mild cold hypothermia,y33,-.3867731693050037
placebo,730,Moderate cold hypothermia,y34,.2928185441869734
placebo,731,Workload,y11,.4553001383780124
placebo,731,Overload,y12,.5231366408386828
placebo,731,Heatstroke,y23,-.3292118083130662
placebo,731,Severe heatstroke,y24,-.1206057870141245
placebo,731,Mild cold hypothermia,y33,-.7145627139934881
placebo,731,Moderate cold hypothermia,y34,.237861483259818
placebo,732,Workload,y11,.2775047598379182
placebo,732,Overload,y12,.0263382070102371
placebo,732,Heatstroke,y23,.3512831179055386
placebo,732,Severe heatstroke,y24,-.0589707701305494
placebo,732,Mild cold hypothermia,y33,.6996483429490835
placebo,732,Moderate cold hypothermia,y34,.2539267311826547
placebo,733,Workload,y11,.0749897676390165
placebo,733,Overload,y12,.0283788887263882
placebo,733,Heatstroke,y23,.4531548613920882
placebo,733,Severe heatstroke,y24,.3548850183520427
placebo,733,Mild cold hypothermia,y33,.2008963570068545
placebo,733,Moderate cold hypothermia,y34,.1117661119605589
placebo,734,Workload,y11,-.6489823636063174
placebo,734,Overload,y12,.0478425250138066
placebo,734,Heatstroke,y23,-.3330871813911646
placebo,734,Severe heatstroke,y24,-.1217137932743231
placebo,734,Mild cold hypothermia,y33,-.4177211929151199
placebo,734,Moderate cold hypothermia,y34,-.2030751700491674
placebo,735,Workload,y11,-.33547831407072
placebo,735,Overload,y12,.0678278563732485
placebo,735,Heatstroke,y23,-.340425585968163
placebo,735,Severe heatstroke,y24,-.1243581146668094
placebo,735,Mild cold hypothermia,y33,.0818139550698472
placebo,735,Moderate cold hypothermia,y34,-.1423839763390382
placebo,736,Workload,y11,.7202507452113177
placebo,736,Overload,y12,.743465666708115
placebo,736,Heatstroke,y23,-.3371814394027547
placebo,736,Severe heatstroke,y24,-.1229668550154424
placebo,736,Mild cold hypothermia,y33,-.4518443141235677
placebo,736,Moderate cold hypothermia,y34,-.0421280651330881
placebo,737,Workload,y11,-.2068763429031613
placebo,737,Overload,y12,.2042531558068825
placebo,737,Heatstroke,y23,-.3292384768022261
placebo,737,Severe heatstroke,y24,-.1205062681633741
placebo,737,Mild cold hypothermia,y33,1.025221725438557
placebo,737,Moderate cold hypothermia,y34,-.0666262978298842
placebo,738,Workload,y11,-.3891254581048286
placebo,738,Overload,y12,-.4797101279929354
placebo,738,Heatstroke,y23,.120370524147861
placebo,738,Severe heatstroke,y24,-.0711117778580174
placebo,738,Mild cold hypothermia,y33,.105878312883748
placebo,738,Moderate cold hypothermia,y34,-.1214304922076026
placebo,739,Workload,y11,.9807569187827684
placebo,739,Overload,y12,1.605350030558614
placebo,739,Heatstroke,y23,.9365478311089964
placebo,739,Severe heatstroke,y24,.4104865985472377
placebo,739,Mild cold hypothermia,y33,.0502845771645588
placebo,739,Moderate cold hypothermia,y34,.0412249118151186
placebo,740,Workload,y11,-.8404859476294334
placebo,740,Overload,y12,-3.109783017227039
placebo,740,Heatstroke,y23,-.3379107993769311
placebo,740,Severe heatstroke,y24,-.123015092179691
placebo,740,Mild cold hypothermia,y33,-.3205007713413741
placebo,740,Moderate cold hypothermia,y34,-.2180649456770569
placebo,741,Workload,y11,.7349387525193583
placebo,741,Overload,y12,1.204290687402147
placebo,741,Heatstroke,y23,.4749749797515841
placebo,741,Severe heatstroke,y24,.3575155460605204
placebo,741,Mild cold hypothermia,y33,-.2550869197100296
placebo,741,Moderate cold hypothermia,y34,-.2180913687426795
placebo,742,Workload,y11,.463629282769646
placebo,742,Overload,y12,1.953482426963389
placebo,742,Heatstroke,y23,.4651570663057884
placebo,742,Severe heatstroke,y24,.3571469733096681
placebo,742,Mild cold hypothermia,y33,.4402108770546627
placebo,742,Moderate cold hypothermia,y34,.0145663050701502
placebo,743,Workload,y11,-.1222542104251542
placebo,743,Overload,y12,.2641897631489592
placebo,743,Heatstroke,y23,-.3319427896146097
placebo,743,Severe heatstroke,y24,-.1213565569435891
placebo,743,Mild cold hypothermia,y33,.6547102773480769
placebo,743,Moderate cold hypothermia,y34,.0128312321746705
placebo,744,Workload,y11,.3427043368799106
placebo,744,Overload,y12,2.012676933615493
placebo,744,Heatstroke,y23,.1413579873690842
placebo,744,Severe heatstroke,y24,-.0646062893661101
placebo,744,Mild cold hypothermia,y33,.7182346361475479
placebo,744,Moderate cold hypothermia,y34,.3459922502471753
placebo,745,Workload,y11,.5814450205970573
placebo,745,Overload,y12,2.120933503878855
placebo,745,Heatstroke,y23,.1374059016462855
placebo,745,Severe heatstroke,y24,-.0687595258824491
placebo,745,Mild cold hypothermia,y33,-.8997350265847648
placebo,745,Moderate cold hypothermia,y34,.1796936655751564
placebo,746,Workload,y11,.5257676820456527
placebo,746,Overload,y12,-.5521585800531795
placebo,746,Heatstroke,y23,.6691516806921515
placebo,746,Severe heatstroke,y24,.3589062790139804
placebo,746,Mild cold hypothermia,y33,-.5162681303336516
placebo,746,Moderate cold hypothermia,y34,-.1691465028073698
placebo,747,Workload,y11,.1510198582053681
placebo,747,Overload,y12,1.360528530773323
placebo,747,Heatstroke,y23,.1714515068976677
placebo,747,Severe heatstroke,y24,-.0543692844731806
placebo,747,Mild cold hypothermia,y33,1.210652758066529
placebo,747,Moderate cold hypothermia,y34,.2634001285459922
placebo,748,Workload,y11,.9772478048623894
placebo,748,Overload,y12,-.1869459463699707
placebo,748,Heatstroke,y23,.9098953993609792
placebo,748,Severe heatstroke,y24,.4015197411564872
placebo,748,Mild cold hypothermia,y33,-.4217845356163709
placebo,748,Moderate cold hypothermia,y34,-.1639022108944057
placebo,749,Workload,y11,.1779544624739897
placebo,749,Overload,y12,.4633666892167796
placebo,749,Heatstroke,y23,.3161289802546254
placebo,749,Severe heatstroke,y24,-.0700523961131153
placebo,749,Mild cold hypothermia,y33,.0548745728749411
placebo,749,Moderate cold hypothermia,y34,-.0290611579601213
placebo,750,Workload,y11,-.1513309351212526
placebo,750,Overload,y12,-.1085488955776692
placebo,750,Heatstroke,y23,-.3531535201375912
placebo,750,Severe heatstroke,y24,-.1286076167480093
placebo,750,Mild cold hypothermia,y33,-.2884082778471237
placebo,750,Moderate cold hypothermia,y34,-.0408887333286965
placebo,751,Workload,y11,.2492915224308222
placebo,751,Overload,y12,.8427536165191
placebo,751,Heatstroke,y23,.4711702323600214
placebo,751,Severe heatstroke,y24,.3584618632846639
placebo,751,Mild cold hypothermia,y33,.4936966610021942
placebo,751,Moderate cold hypothermia,y34,-.0360638814059812
placebo,752,Workload,y11,-1.466764244585708
placebo,752,Overload,y12,-2.84685937372084
placebo,752,Heatstroke,y23,-.3153216957865342
placebo,752,Severe heatstroke,y24,-.1154266806402617
placebo,752,Mild cold hypothermia,y33,-.7501763453054554
placebo,752,Moderate cold hypothermia,y34,-.1747184072908179
placebo,753,Workload,y11,.5017473724317886
placebo,753,Overload,y12,1.97746220849686
placebo,753,Heatstroke,y23,-.2757748773766251
placebo,753,Severe heatstroke,y24,-.1022840304609653
placebo,753,Mild cold hypothermia,y33,.3034471669532443
placebo,753,Moderate cold hypothermia,y34,-.0465860162958292
placebo,754,Workload,y11,-.4390854611010088
placebo,754,Overload,y12,-.4836826028416428
placebo,754,Heatstroke,y23,-.1128530781321632
placebo,754,Severe heatstroke,y24,-.1114751307911524
placebo,754,Mild cold hypothermia,y33,-.437681054848151
placebo,754,Moderate cold hypothermia,y34,-.1708111948442785
placebo,755,Workload,y11,-.1084134402262616
placebo,755,Overload,y12,-.7905642547320417
placebo,755,Heatstroke,y23,-.3480254444441211
placebo,755,Severe heatstroke,y24,-.1267648197839862
placebo,755,Mild cold hypothermia,y33,.8943065242922125
placebo,755,Moderate cold hypothermia,y34,.1591342317543289
placebo,756,Workload,y11,-.65107102438964
placebo,756,Overload,y12,-.295459458311043
placebo,756,Heatstroke,y23,-.3349734423378578
placebo,756,Severe heatstroke,y24,-.1223799408037388
placebo,756,Mild cold hypothermia,y33,-.607168837312318
placebo,756,Moderate cold hypothermia,y34,-.1275680096031097
placebo,757,Workload,y11,-.3112737356749032
placebo,757,Overload,y12,-2.01972827117614
placebo,757,Heatstroke,y23,-.1490991267380137
placebo,757,Severe heatstroke,y24,-.1245768965692089
placebo,757,Mild cold hypothermia,y33,.5235271378171664
placebo,757,Moderate cold hypothermia,y34,.1048922313853418
placebo,758,Workload,y11,.3332329786380729
placebo,758,Overload,y12,.9306612221101124
placebo,758,Heatstroke,y23,.4316520703942922
placebo,758,Severe heatstroke,y24,.347440591715897
placebo,758,Mild cold hypothermia,y33,.145800615428819
placebo,758,Moderate cold hypothermia,y34,-.1658335804354432
placebo,759,Workload,y11,-.0177266439012307
placebo,759,Overload,y12,.8870066891419518
placebo,759,Heatstroke,y23,-.1524608148515118
placebo,759,Severe heatstroke,y24,-.1277178449134184
placebo,759,Mild cold hypothermia,y33,-1.053513251183311
placebo,759,Moderate cold hypothermia,y34,-.2267980985552792
placebo,760,Workload,y11,-.8532323637364071
placebo,760,Overload,y12,-1.253775180180069
placebo,760,Heatstroke,y23,.3552289077495722
placebo,760,Severe heatstroke,y24,-.0653660198405651
placebo,760,Mild cold hypothermia,y33,.8236332303038972
placebo,760,Moderate cold hypothermia,y34,.3802408092077291
placebo,761,Workload,y11,-.0331452326443865
placebo,761,Overload,y12,.0173741415912918
placebo,761,Heatstroke,y23,.1304065955450768
placebo,761,Severe heatstroke,y24,-.0657503395173436
placebo,761,Mild cold hypothermia,y33,-.2411501228924402
placebo,761,Moderate cold hypothermia,y34,-.1120615354661491
placebo,762,Workload,y11,-.4435933843815956
placebo,762,Overload,y12,-.3844886261119624
placebo,762,Heatstroke,y23,-.3357191939651392
placebo,762,Severe heatstroke,y24,-.12240182960394
placebo,762,Mild cold hypothermia,y33,.0393334681218212
placebo,762,Moderate cold hypothermia,y34,-.1150542694538265
placebo,763,Workload,y11,.1460085013740837
placebo,763,Overload,y12,.8424295014981705
placebo,763,Heatstroke,y23,-.3333128598424343
placebo,763,Severe heatstroke,y24,-.1215720882651553
placebo,763,Mild cold hypothermia,y33,.2130372074108933
placebo,763,Moderate cold hypothermia,y34,.2894970704700586
placebo,764,Workload,y11,-1.13558634221869
placebo,764,Overload,y12,-3.6940802823481
placebo,764,Heatstroke,y23,-.1396987316572375
placebo,764,Severe heatstroke,y24,-.121508137391585
placebo,764,Mild cold hypothermia,y33,.3328274643003569
placebo,764,Moderate cold hypothermia,y34,.1331200485540351
placebo,765,Workload,y11,1.207189370403615
placebo,765,Overload,y12,2.177850007133005
placebo,765,Heatstroke,y23,.4411765012645839
placebo,765,Severe heatstroke,y24,.34744723570861
placebo,765,Mild cold hypothermia,y33,-.4388414074349663
placebo,765,Moderate cold hypothermia,y34,-.1146722333244519
placebo,766,Workload,y11,-.6063563697886499
placebo,766,Overload,y12,-.865212796306581
placebo,766,Heatstroke,y23,-.3357450922473075
placebo,766,Severe heatstroke,y24,-.1225377157819311
placebo,766,Mild cold hypothermia,y33,-1.217816723729314
placebo,766,Moderate cold hypothermia,y34,-.1150138326087873
placebo,767,Workload,y11,.177611529410455
placebo,767,Overload,y12,.0292106560991228
placebo,767,Heatstroke,y23,-.3547166351317164
placebo,767,Severe heatstroke,y24,-.129126350942285
placebo,767,Mild cold hypothermia,y33,-.3820755026223584
placebo,767,Moderate cold hypothermia,y34,-.1754989082800102
placebo,768,Workload,y11,.0030758980533407
placebo,768,Overload,y12,.7741578685288645
placebo,768,Heatstroke,y23,.3654419178263066
placebo,768,Severe heatstroke,y24,-.0536781903491654
placebo,768,Mild cold hypothermia,y33,.4066026160785295
placebo,768,Moderate cold hypothermia,y34,.0709138312273954
placebo,769,Workload,y11,-1.019139320558772
placebo,769,Overload,y12,.0627580657112581
placebo,769,Heatstroke,y23,-.3819090414131685
placebo,769,Severe heatstroke,y24,-.1387969416882216
placebo,769,Mild cold hypothermia,y33,1.364763960868391
placebo,769,Moderate cold hypothermia,y34,.2366420920836877
placebo,770,Workload,y11,-.5162677399594008
placebo,770,Overload,y12,-3.171693403477355
placebo,770,Heatstroke,y23,-.3117850162200643
placebo,770,Severe heatstroke,y24,-.1139572239700989
placebo,770,Mild cold hypothermia,y33,-1.228050753874362
placebo,770,Moderate cold hypothermia,y34,-.2318128683757579
placebo,771,Workload,y11,.0186716500241344
placebo,771,Overload,y12,-.3969572032486696
placebo,771,Heatstroke,y23,-.1631274966488784
placebo,771,Severe heatstroke,y24,-.1303054864243874
placebo,771,Mild cold hypothermia,y33,.0350863844646998
placebo,771,Moderate cold hypothermia,y34,-.068091363290807
placebo,772,Workload,y11,-.4343385517259023
placebo,772,Overload,y12,-.7122984277380513
placebo,772,Heatstroke,y23,.1242322499850962
placebo,772,Severe heatstroke,y24,-.0689507379698361
placebo,772,Mild cold hypothermia,y33,.241721941666994
placebo,772,Moderate cold hypothermia,y34,.072248743301125
placebo,773,Workload,y11,.5441217842774739
placebo,773,Overload,y12,1.171249731863787
placebo,773,Heatstroke,y23,.1578312899535967
placebo,773,Severe heatstroke,y24,-.0571161408449019
placebo,773,Mild cold hypothermia,y33,-.0029933665617317
placebo,773,Moderate cold hypothermia,y34,.0510663835909364
placebo,774,Workload,y11,-.3367120237209729
placebo,774,Overload,y12,1.636031715592574
placebo,774,Heatstroke,y23,-.3841379002016476
placebo,774,Severe heatstroke,y24,-.1397110490564747
placebo,774,Mild cold hypothermia,y33,-.3258307957843778
placebo,774,Moderate cold hypothermia,y34,.010412999476832
placebo,775,Workload,y11,.3080261858949367
placebo,775,Overload,y12,.9115889833907562
placebo,775,Heatstroke,y23,.3333467223395052
placebo,775,Severe heatstroke,y24,-.0659275311607077
placebo,775,Mild cold hypothermia,y33,-.36385312243753
placebo,775,Moderate cold hypothermia,y34,.1521213568830016
placebo,776,Workload,y11,.0454528949297726
placebo,776,Overload,y12,-1.215923159886887
placebo,776,Heatstroke,y23,.6446598517108834
placebo,776,Severe heatstroke,y24,.349694262205266
placebo,776,Mild cold hypothermia,y33,.1440647642297487
placebo,776,Moderate cold hypothermia,y34,.1202846335654718
placebo,777,Workload,y11,-.9342313797661818
placebo,777,Overload,y12,-2.863426718685485
placebo,777,Heatstroke,y23,-.3150060473361639
placebo,777,Severe heatstroke,y24,-.1156625444346762
placebo,777,Mild cold hypothermia,y33,.1457515856697152
placebo,777,Moderate cold hypothermia,y34,.2240050762891083
placebo,778,Workload,y11,-.8986668806622538
placebo,778,Overload,y12,-1.437584928608951
placebo,778,Heatstroke,y23,-.3623400158956709
placebo,778,Severe heatstroke,y24,-.1316196299195535
placebo,778,Mild cold hypothermia,y33,-.3519188172903164
placebo,778,Moderate cold hypothermia,y34,-.0279828063330005
placebo,779,Workload,y11,.8007075293652399
placebo,779,Overload,y12,.4969903899371489
placebo,779,Heatstroke,y23,1.087637387360632
placebo,779,Severe heatstroke,y24,.3981492775896969
placebo,779,Mild cold hypothermia,y33,.0469173562840892
placebo,779,Moderate cold hypothermia,y34,.091949645812139
placebo,780,Workload,y11,.701180336601838
placebo,780,Overload,y12,.1955542649842398
placebo,780,Heatstroke,y23,.430793524161159
placebo,780,Severe heatstroke,y24,.3408079287948263
placebo,780,Mild cold hypothermia,y33,-.2100506614424586
placebo,780,Moderate cold hypothermia,y34,.2746901128745868
placebo,781,Workload,y11,-.0063761295322135
placebo,781,Overload,y12,-.9059835840828205
placebo,781,Heatstroke,y23,-.3058370479281106
placebo,781,Severe heatstroke,y24,-.1118743621332348
placebo,781,Mild cold hypothermia,y33,-.9285556116939698
placebo,781,Moderate cold hypothermia,y34,-.1766719038461714
placebo,782,Workload,y11,-.4411621986940257
placebo,782,Overload,y12,.2146833228281302
placebo,782,Heatstroke,y23,.1632736160144403
placebo,782,Severe heatstroke,y24,-.0598149714382509
placebo,782,Mild cold hypothermia,y33,.1392366690250064
placebo,782,Moderate cold hypothermia,y34,.400749384327604
placebo,783,Workload,y11,-.3922934189234732
placebo,783,Overload,y12,.2492517060620482
placebo,783,Heatstroke,y23,-.3242881034451113
placebo,783,Severe heatstroke,y24,-.1186388108903176
placebo,783,Mild cold hypothermia,y33,-.5167795523329572
placebo,783,Moderate cold hypothermia,y34,.0212969840110046
placebo,784,Workload,y11,.5777012826354186
placebo,784,Overload,y12,.6896439520838815
placebo,784,Heatstroke,y23,.4949072959429395
placebo,784,Severe heatstroke,y24,.3650736857393887
placebo,784,Mild cold hypothermia,y33,-.164198939988567
placebo,784,Moderate cold hypothermia,y34,-.0104079394026221
placebo,785,Workload,y11,-.1101112671347188
placebo,785,Overload,y12,1.686375093277211
placebo,785,Heatstroke,y23,-.3356316407214969
placebo,785,Severe heatstroke,y24,-.1231056211133089
placebo,785,Mild cold hypothermia,y33,.0736888955571689
placebo,785,Moderate cold hypothermia,y34,-.1404782766779308
placebo,786,Workload,y11,-.0589747691333276
placebo,786,Overload,y12,-1.232074984269589
placebo,786,Heatstroke,y23,.4334073993414063
placebo,786,Severe heatstroke,y24,.3427789937986324
placebo,786,Mild cold hypothermia,y33,-.3052209509471362
placebo,786,Moderate cold hypothermia,y34,.1253544591280068
placebo,787,Workload,y11,-.6843751173422382
placebo,787,Overload,y12,-1.484906358966297
placebo,787,Heatstroke,y23,-.3393263342017128
placebo,787,Severe heatstroke,y24,-.1240435419874852
placebo,787,Mild cold hypothermia,y33,.0229796360136367
placebo,787,Moderate cold hypothermia,y34,-.1554253196734287
placebo,788,Workload,y11,1.139230154484677
placebo,788,Overload,y12,3.827859842743185
placebo,788,Heatstroke,y23,.1241565790132925
placebo,788,Severe heatstroke,y24,-.0709088763827065
placebo,788,Mild cold hypothermia,y33,.7175986597936137
placebo,788,Moderate cold hypothermia,y34,.1109891280790124
placebo,789,Workload,y11,-.7288267063742113
placebo,789,Overload,y12,-2.005351126182505
placebo,789,Heatstroke,y23,-.3314554551161079
placebo,789,Severe heatstroke,y24,-.12101850997424
placebo,789,Mild cold hypothermia,y33,-.5207370010632986
placebo,789,Moderate cold hypothermia,y34,-.1983087215220067
placebo,790,Workload,y11,-1.258207866720106
placebo,790,Overload,y12,-1.502266759055433
placebo,790,Heatstroke,y23,-.1528063926426236
placebo,790,Severe heatstroke,y24,-.127638756938178
placebo,790,Mild cold hypothermia,y33,-.4250529180750192
placebo,790,Moderate cold hypothermia,y34,-.1118497046224142
placebo,791,Workload,y11,.642208786698828
placebo,791,Overload,y12,1.791489547915978
placebo,791,Heatstroke,y23,.4481760280009419
placebo,791,Severe heatstroke,y24,.347245918250246
placebo,791,Mild cold hypothermia,y33,-1.34603289875758
placebo,791,Moderate cold hypothermia,y34,-.2133426991812173
placebo,792,Workload,y11,.7795661492756114
placebo,792,Overload,y12,.046460135922516
placebo,792,Heatstroke,y23,.9154213856720065
placebo,792,Severe heatstroke,y24,.402832630391783
placebo,792,Mild cold hypothermia,y33,-.7116433237125079
placebo,792,Moderate cold hypothermia,y34,-.1219540743842601
placebo,793,Workload,y11,.4000811383372652
placebo,793,Overload,y12,.3632324581063289
placebo,793,Heatstroke,y23,.6252331685881519
placebo,793,Severe heatstroke,y24,.342125913005827
placebo,793,Mild cold hypothermia,y33,.6176093040122276
placebo,793,Moderate cold hypothermia,y34,.1828452302861331
placebo,794,Workload,y11,.1200628114128909
placebo,794,Overload,y12,.297264575593044
placebo,794,Heatstroke,y23,-.1166689490213186
placebo,794,Severe heatstroke,y24,-.1138953234422468
placebo,794,Mild cold hypothermia,y33,1.007804236064344
placebo,794,Moderate cold hypothermia,y34,.0495969220627054
placebo,795,Workload,y11,.2211934423740559
placebo,795,Overload,y12,.2889675790723056
placebo,795,Heatstroke,y23,.1436540011744706
placebo,795,Severe heatstroke,y24,-.0648701210067784
placebo,795,Mild cold hypothermia,y33,.004082544140678
placebo,795,Moderate cold hypothermia,y34,-.0312500586767781
placebo,796,Workload,y11,.1756868484987033
placebo,796,Overload,y12,.3496324602685262
placebo,796,Heatstroke,y23,.1254861341829606
placebo,796,Severe heatstroke,y24,-.0681461129112879
placebo,796,Mild cold hypothermia,y33,.058991461311973
placebo,796,Moderate cold hypothermia,y34,.0958496099713285
placebo,797,Workload,y11,-.141932224639147
placebo,797,Overload,y12,-.700407343384623
placebo,797,Heatstroke,y23,-.1293285457145558
placebo,797,Severe heatstroke,y24,-.1177395470331513
placebo,797,Mild cold hypothermia,y33,-.7416659212092022
placebo,797,Moderate cold hypothermia,y34,.1475532228243693
placebo,798,Workload,y11,-.1679741412420052
placebo,798,Overload,y12,.0691758474803689
placebo,798,Heatstroke,y23,-.3509507050338693
placebo,798,Severe heatstroke,y24,-.1281337366078475
placebo,798,Mild cold hypothermia,y33,.1975648783699462
placebo,798,Moderate cold hypothermia,y34,-.1003854618503812
placebo,799,Workload,y11,-.2664731691189163
placebo,799,Overload,y12,-.0023914557015163
placebo,799,Heatstroke,y23,-.3712568716708516
placebo,799,Severe heatstroke,y24,-.1351427272972889
placebo,799,Mild cold hypothermia,y33,-.5298910410663075
placebo,799,Moderate cold hypothermia,y34,-.1528856633863178
placebo,800,Workload,y11,-.5026514845611991
placebo,800,Overload,y12,-.2740069893591747
placebo,800,Heatstroke,y23,-.3362123008961992
placebo,800,Severe heatstroke,y24,-.1228754543526525
placebo,800,Mild cold hypothermia,y33,-.1650117084386968
placebo,800,Moderate cold hypothermia,y34,.0983987182318098
placebo,801,Workload,y11,-.5661230493387638
placebo,801,Overload,y12,-.9424970821981927
placebo,801,Heatstroke,y23,-.345162922345104
placebo,801,Severe heatstroke,y24,-.12572211959666
placebo,801,Mild cold hypothermia,y33,.5645228496724434
placebo,801,Moderate cold hypothermia,y34,-.0120706705698614
placebo,802,Workload,y11,-.1068597939705274
placebo,802,Overload,y12,.3019012861214451
placebo,802,Heatstroke,y23,-.3473714555291666
placebo,802,Severe heatstroke,y24,-.1263420436572479
placebo,802,Mild cold hypothermia,y33,-.3750913415933185
placebo,802,Moderate cold hypothermia,y34,-.0308321648107742
placebo,803,Workload,y11,.7051934668444346
placebo,803,Overload,y12,.962213152509566
placebo,803,Heatstroke,y23,.1261076909078133
placebo,803,Severe heatstroke,y24,-.067880828412092
placebo,803,Mild cold hypothermia,y33,-.5379087907640174
placebo,803,Moderate cold hypothermia,y34,-.1700531736282921
placebo,804,Workload,y11,-.3793748050211537
placebo,804,Overload,y12,-.018047361733151
placebo,804,Heatstroke,y23,-.327585788448632
placebo,804,Severe heatstroke,y24,-.1200440257812819
placebo,804,Mild cold hypothermia,y33,-.2437974387803781
placebo,804,Moderate cold hypothermia,y34,-.1084190943036476
placebo,805,Workload,y11,-.5328113819156318
placebo,805,Overload,y12,-.807689148029218
placebo,805,Heatstroke,y23,-.348076886214881
placebo,805,Severe heatstroke,y24,-.1264161663153624
placebo,805,Mild cold hypothermia,y33,.5120534019196954
placebo,805,Moderate cold hypothermia,y34,-.0130702792560105
placebo,806,Workload,y11,.1970045534640308
placebo,806,Overload,y12,1.100092179141998
placebo,806,Heatstroke,y23,-.1205284917003007
placebo,806,Severe heatstroke,y24,-.1130448661081808
placebo,806,Mild cold hypothermia,y33,-.2689333585885741
placebo,806,Moderate cold hypothermia,y34,-.1229069527479451
placebo,807,Workload,y11,.3984081311192987
placebo,807,Overload,y12,1.214901023408479
placebo,807,Heatstroke,y23,.1419715389060111
placebo,807,Severe heatstroke,y24,-.0634860078894471
placebo,807,Mild cold hypothermia,y33,-1.026079861079696
placebo,807,Moderate cold hypothermia,y34,-.0115306230991153
placebo,808,Workload,y11,.5307652189800781
placebo,808,Overload,y12,.973770114825327
placebo,808,Heatstroke,y23,.4022110533503722
placebo,808,Severe heatstroke,y24,.3358551653329344
placebo,808,Mild cold hypothermia,y33,-.0682372636370484
placebo,808,Moderate cold hypothermia,y34,-.1159819699914345
placebo,809,Workload,y11,.8747758493704225
placebo,809,Overload,y12,.914954476232266
placebo,809,Heatstroke,y23,.8891338294041085
placebo,809,Severe heatstroke,y24,.3939297341932858
placebo,809,Mild cold hypothermia,y33,-.2392808973463111
placebo,809,Moderate cold hypothermia,y34,-.0678211495087651
placebo,810,Workload,y11,.5077313761669436
placebo,810,Overload,y12,.4764929398697144
placebo,810,Heatstroke,y23,.4860150149876224
placebo,810,Severe heatstroke,y24,.3653539217274396
placebo,810,Mild cold hypothermia,y33,.1424045027786615
placebo,810,Moderate cold hypothermia,y34,-.0592808862491735
placebo,811,Workload,y11,.1728864232099659
placebo,811,Overload,y12,.1700022211720511
placebo,811,Heatstroke,y23,.1473247088315633
placebo,811,Severe heatstroke,y24,-.0618156596279691
placebo,811,Mild cold hypothermia,y33,.3174687317565899
placebo,811,Moderate cold hypothermia,y34,-.0184093760713878
placebo,812,Workload,y11,.5230097156632164
placebo,812,Overload,y12,1.522211379693866
placebo,812,Heatstroke,y23,-.3136129520474197
placebo,812,Severe heatstroke,y24,-.114592601443972
placebo,812,Mild cold hypothermia,y33,.516215504814845
placebo,812,Moderate cold hypothermia,y34,.0463708612396575
placebo,813,Workload,y11,.2061391215990493
placebo,813,Overload,y12,.1049990249602348
placebo,813,Heatstroke,y23,.4750229054955774
placebo,813,Severe heatstroke,y24,.3588246277667666
placebo,813,Mild cold hypothermia,y33,.0886376006212291
placebo,813,Moderate cold hypothermia,y34,-.0361211956913153
placebo,814,Workload,y11,-.5324512093370563
placebo,814,Overload,y12,-.9905485118514966
placebo,814,Heatstroke,y23,-.3405964964318942
placebo,814,Severe heatstroke,y24,-.1243232258075647
placebo,814,Mild cold hypothermia,y33,.8053534605552148
placebo,814,Moderate cold hypothermia,y34,.201659769266071
placebo,815,Workload,y11,-.1020398077425424
placebo,815,Overload,y12,-.8444535585361119
placebo,815,Heatstroke,y23,-.1562669932442588
placebo,815,Severe heatstroke,y24,-.1262103823144038
placebo,815,Mild cold hypothermia,y33,-.5809669027016675
placebo,815,Moderate cold hypothermia,y34,-.0931597803539837
placebo,816,Workload,y11,-.045904455736531
placebo,816,Overload,y12,-1.001493379741162
placebo,816,Heatstroke,y23,.4433708840946572
placebo,816,Severe heatstroke,y24,.3487048801295969
placebo,816,Mild cold hypothermia,y33,-.8739479615335825
placebo,816,Moderate cold hypothermia,y34,-.1880092024546844
placebo,817,Workload,y11,-.364725223996472
placebo,817,Overload,y12,-.2144267374420837
placebo,817,Heatstroke,y23,-.3496400842731061
placebo,817,Severe heatstroke,y24,-.1271028340719519
placebo,817,Mild cold hypothermia,y33,-.5919606420973599
placebo,817,Moderate cold hypothermia,y34,-.1928065531877293
placebo,818,Workload,y11,.3922887006122246
placebo,818,Overload,y12,.5785809542275343
placebo,818,Heatstroke,y23,.4816617106942674
placebo,818,Severe heatstroke,y24,.3626557198458628
placebo,818,Mild cold hypothermia,y33,-.6107814390596987
placebo,818,Moderate cold hypothermia,y34,-.1244839202952018
placebo,819,Workload,y11,.1368202266092277
placebo,819,Overload,y12,.6499641622075218
placebo,819,Heatstroke,y23,.1773694424922016
placebo,819,Severe heatstroke,y24,-.0527141823771161
placebo,819,Mild cold hypothermia,y33,.2016019776093125
placebo,819,Moderate cold hypothermia,y34,-.0207090251363524
placebo,820,Workload,y11,-.2204827791065027
placebo,820,Overload,y12,.3537046116156728
placebo,820,Heatstroke,y23,-.349409751110427
placebo,820,Severe heatstroke,y24,-.1273751540378897
placebo,820,Mild cold hypothermia,y33,-.475119822679351
placebo,820,Moderate cold hypothermia,y34,-.1912332842150994
placebo,821,Workload,y11,.5180288703127585
placebo,821,Overload,y12,-.2964265601356837
placebo,821,Heatstroke,y23,1.131165397642534
placebo,821,Severe heatstroke,y24,.4124997205820763
placebo,821,Mild cold hypothermia,y33,.0660507343300035
placebo,821,Moderate cold hypothermia,y34,.1302188515851635
placebo,822,Workload,y11,-.2486260302516359
placebo,822,Overload,y12,.0088989887056223
placebo,822,Heatstroke,y23,-.3195150892989603
placebo,822,Severe heatstroke,y24,-.1172897269331784
placebo,822,Mild cold hypothermia,y33,.2738384052928676
placebo,822,Moderate cold hypothermia,y34,.1297822160671932
placebo,823,Workload,y11,-1.08922438907414
placebo,823,Overload,y12,-2.380340856867522
placebo,823,Heatstroke,y23,-.3379271393278626
placebo,823,Severe heatstroke,y24,-.1238968889807051
placebo,823,Mild cold hypothermia,y33,.0081248596297618
placebo,823,Moderate cold hypothermia,y34,-.1025740202121534
placebo,824,Workload,y11,-.2419898673672385
placebo,824,Overload,y12,-1.457141156353786
placebo,824,Heatstroke,y23,-.1071894851743887
placebo,824,Severe heatstroke,y24,-.1108640771921425
placebo,824,Mild cold hypothermia,y33,-.6229798765924757
placebo,824,Moderate cold hypothermia,y34,-.2316735966068578
placebo,825,Workload,y11,1.120565003645056
placebo,825,Overload,y12,2.392617755523483
placebo,825,Heatstroke,y23,.8988002026876133
placebo,825,Severe heatstroke,y24,.398617174746329
placebo,825,Mild cold hypothermia,y33,.0308350760530361
placebo,825,Moderate cold hypothermia,y34,-.0374639930700849
placebo,826,Workload,y11,-.2750458029206591
placebo,826,Overload,y12,-.5117395664765081
placebo,826,Heatstroke,y23,-.3411160153331067
placebo,826,Severe heatstroke,y24,-.1244508763968842
placebo,826,Mild cold hypothermia,y33,-.3717768045004766
placebo,826,Moderate cold hypothermia,y34,-.1457036924691539
placebo,827,Workload,y11,.0240416921779489
placebo,827,Overload,y12,1.074551994495646
placebo,827,Heatstroke,y23,.3622864450545077
placebo,827,Severe heatstroke,y24,-.0550388913727453
placebo,827,Mild cold hypothermia,y33,-.0219253503839918
placebo,827,Moderate cold hypothermia,y34,.1583415105061125
placebo,828,Workload,y11,.581470003144124
placebo,828,Overload,y12,1.337231423582555
placebo,828,Heatstroke,y23,.9590993231000658
placebo,828,Severe heatstroke,y24,.4211734886848187
placebo,828,Mild cold hypothermia,y33,.5896861317700706
placebo,828,Moderate cold hypothermia,y34,-.0243974365705776
placebo,829,Workload,y11,.7517769935860242
placebo,829,Overload,y12,1.858408348935337
placebo,829,Heatstroke,y23,-.3384450777093668
placebo,829,Severe heatstroke,y24,-.1232339669335636
placebo,829,Mild cold hypothermia,y33,.1130374408117091
placebo,829,Moderate cold hypothermia,y34,-.191654269769968
placebo,830,Workload,y11,-.5219316108470201
placebo,830,Overload,y12,-.5924319301260265
placebo,830,Heatstroke,y23,-.3052175860222346
placebo,830,Severe heatstroke,y24,-.1121292517139246
placebo,830,Mild cold hypothermia,y33,-.3540188567768062
placebo,830,Moderate cold hypothermia,y34,-.2185556556622722
placebo,831,Workload,y11,.4566810282168776
placebo,831,Overload,y12,1.497296147216754
placebo,831,Heatstroke,y23,-.3884717061269781
placebo,831,Severe heatstroke,y24,-.1406529262035463
placebo,831,Mild cold hypothermia,y33,.6749907205045902
placebo,831,Moderate cold hypothermia,y34,-.0593366108322268
placebo,832,Workload,y11,-.13123561831584
placebo,832,Overload,y12,.3715276450526775
placebo,832,Heatstroke,y23,-.160983748837865
placebo,832,Severe heatstroke,y24,-.1295891031774514
placebo,832,Mild cold hypothermia,y33,.6865303136647408
placebo,832,Moderate cold hypothermia,y34,.4966974101286896
placebo,833,Workload,y11,.7458360353063889
placebo,833,Overload,y12,-.1972867005939139
placebo,833,Heatstroke,y23,.4422076635394558
placebo,833,Severe heatstroke,y24,.3508028091290253
placebo,833,Mild cold hypothermia,y33,-1.248609944215418
placebo,833,Moderate cold hypothermia,y34,-.1909094214350632
placebo,834,Workload,y11,-.6709499851752032
placebo,834,Overload,y12,-1.016893106233825
placebo,834,Heatstroke,y23,-.1614959394955759
placebo,834,Severe heatstroke,y24,-.127610534499654
placebo,834,Mild cold hypothermia,y33,.262914835041932
placebo,834,Moderate cold hypothermia,y34,.1274550556889333
placebo,835,Workload,y11,.3418720711051522
placebo,835,Overload,y12,2.287390930658881
placebo,835,Heatstroke,y23,-.3851823242791172
placebo,835,Severe heatstroke,y24,-.1398514963316481
placebo,835,Mild cold hypothermia,y33,.2092009363579118
placebo,835,Moderate cold hypothermia,y34,.3606728809404042
placebo,836,Workload,y11,.0334743215957815
placebo,836,Overload,y12,.1394675878814775
placebo,836,Heatstroke,y23,.1537499489960586
placebo,836,Severe heatstroke,y24,-.0586290673020414
placebo,836,Mild cold hypothermia,y33,-.5428031234485078
placebo,836,Moderate cold hypothermia,y34,-.2250919577760763
placebo,837,Workload,y11,-.5533587938255837
placebo,837,Overload,y12,-1.73093792131502
placebo,837,Heatstroke,y23,.6846355927965517
placebo,837,Severe heatstroke,y24,.3674703354788312
placebo,837,Mild cold hypothermia,y33,-.1568611664914627
placebo,837,Moderate cold hypothermia,y34,.161053791772546
placebo,838,Workload,y11,-.2924013126212887
placebo,838,Overload,y12,-.9349148898273159
placebo,838,Heatstroke,y23,-.1774813569789152
placebo,838,Severe heatstroke,y24,-.1337712210109288
placebo,838,Mild cold hypothermia,y33,.1484671783828694
placebo,838,Moderate cold hypothermia,y34,.1467150332388235
placebo,839,Workload,y11,.3251782207249487
placebo,839,Overload,y12,.0901000445297826
placebo,839,Heatstroke,y23,-.3308844303526457
placebo,839,Severe heatstroke,y24,-.1204096481179903
placebo,839,Mild cold hypothermia,y33,-.1427289038660376
placebo,839,Moderate cold hypothermia,y34,-.0514376255057526
placebo,840,Workload,y11,.0773601110104791
placebo,840,Overload,y12,1.091738649923466
placebo,840,Heatstroke,y23,.1648713538172668
placebo,840,Severe heatstroke,y24,-.0551128670026736
placebo,840,Mild cold hypothermia,y33,-.3202534021647172
placebo,840,Moderate cold hypothermia,y34,-.0725104960278848
placebo,841,Workload,y11,-.8585628848582759
placebo,841,Overload,y12,-2.100343550832811
placebo,841,Heatstroke,y23,-.3846055771190778
placebo,841,Severe heatstroke,y24,-.1392471951321619
placebo,841,Mild cold hypothermia,y33,-.0354687372971687
placebo,841,Moderate cold hypothermia,y34,.0064533898114204
placebo,842,Workload,y11,-.280398731020503
placebo,842,Overload,y12,-.4443572909579529
placebo,842,Heatstroke,y23,-.3837451487164576
placebo,842,Severe heatstroke,y24,-.139716911797748
placebo,842,Mild cold hypothermia,y33,-.2918901418261584
placebo,842,Moderate cold hypothermia,y34,.1950436493445965
placebo,843,Workload,y11,.2698199752316857
placebo,843,Overload,y12,.857592318946914
placebo,843,Heatstroke,y23,-.1544489606435021
placebo,843,Severe heatstroke,y24,-.1263775453901688
placebo,843,Mild cold hypothermia,y33,.1502428197676449
placebo,843,Moderate cold hypothermia,y34,.1271870948893555
placebo,844,Workload,y11,.1693340418793679
placebo,844,Overload,y12,1.177050935826744
placebo,844,Heatstroke,y23,-.3271963078221276
placebo,844,Severe heatstroke,y24,-.1194627860653189
placebo,844,Mild cold hypothermia,y33,-.0805860663599856
placebo,844,Moderate cold hypothermia,y34,.0815125368737106
placebo,845,Workload,y11,.04087698725253
placebo,845,Overload,y12,1.316720536574288
placebo,845,Heatstroke,y23,-.3109710879179551
placebo,845,Severe heatstroke,y24,-.1138761114330506
placebo,845,Mild cold hypothermia,y33,-.1791173412215941
placebo,845,Moderate cold hypothermia,y34,-.1991510250616226
placebo,846,Workload,y11,.9635194781128326
placebo,846,Overload,y12,1.872831821200226
placebo,846,Heatstroke,y23,.3955525236057276
placebo,846,Severe heatstroke,y24,.3302009804190429
placebo,846,Mild cold hypothermia,y33,1.494060520197151
placebo,846,Moderate cold hypothermia,y34,-.0141566842754741
placebo,847,Workload,y11,-.6696633626045476
placebo,847,Overload,y12,-.7637570770312877
placebo,847,Heatstroke,y23,-.3472189804971316
placebo,847,Severe heatstroke,y24,-.1268001322654075
placebo,847,Mild cold hypothermia,y33,.5415130702111566
placebo,847,Moderate cold hypothermia,y34,-.1612555651506194
placebo,848,Workload,y11,.4220807315921409
placebo,848,Overload,y12,1.408021761370262
placebo,848,Heatstroke,y23,.5804286811452439
placebo,848,Severe heatstroke,y24,.3281931697144322
placebo,848,Mild cold hypothermia,y33,1.004232117539957
placebo,848,Moderate cold hypothermia,y34,.0480686720647331
placebo,849,Workload,y11,.3780607590553863
placebo,849,Overload,y12,.1809978848397571
placebo,849,Heatstroke,y23,-.3229947511820068
placebo,849,Severe heatstroke,y24,-.1182959087043829
placebo,849,Mild cold hypothermia,y33,.328682519230646
placebo,849,Moderate cold hypothermia,y34,.4774077769866921
placebo,850,Workload,y11,-.4878080035213516
placebo,850,Overload,y12,-.7148781273831954
placebo,850,Heatstroke,y23,-.3200807761442995
placebo,850,Severe heatstroke,y24,-.117268082189503
placebo,850,Mild cold hypothermia,y33,-.1954020174845459
placebo,850,Moderate cold hypothermia,y34,-.157525459133741
placebo,851,Workload,y11,-.3640052512431771
placebo,851,Overload,y12,-.5783432638708691
placebo,851,Heatstroke,y23,-.1551645142227396
placebo,851,Severe heatstroke,y24,-.1266561604780249
placebo,851,Mild cold hypothermia,y33,-.6872892744769248
placebo,851,Moderate cold hypothermia,y34,-.1391093920353148
placebo,852,Workload,y11,.0586030281108711
placebo,852,Overload,y12,.0355258559059641
placebo,852,Heatstroke,y23,.172834616450968
placebo,852,Severe heatstroke,y24,-.0537374720564591
placebo,852,Mild cold hypothermia,y33,-1.314668425280539
placebo,852,Moderate cold hypothermia,y34,-.2176906622707412
placebo,853,Workload,y11,-.936763246525948
placebo,853,Overload,y12,-3.199725922662302
placebo,853,Heatstroke,y23,-.3617631380131883
placebo,853,Severe heatstroke,y24,-.1314451988414496
placebo,853,Mild cold hypothermia,y33,.55120520275129
placebo,853,Moderate cold hypothermia,y34,.3717038516506144
placebo,854,Workload,y11,-.3361660693391734
placebo,854,Overload,y12,-.7718438999405262
placebo,854,Heatstroke,y23,-.3228309947010391
placebo,854,Severe heatstroke,y24,-.1180527686939365
placebo,854,Mild cold hypothermia,y33,.0377116849399257
placebo,854,Moderate cold hypothermia,y34,-.0616522937224449
placebo,855,Workload,y11,.6499567278579572
placebo,855,Overload,y12,-.5283207652798027
placebo,855,Heatstroke,y23,-.1132229849934348
placebo,855,Severe heatstroke,y24,-.1102364581637609
placebo,855,Mild cold hypothermia,y33,-.3288803038844038
placebo,855,Moderate cold hypothermia,y34,-.1767308054968933
placebo,856,Workload,y11,.7151311208438264
placebo,856,Overload,y12,1.357351783339125
placebo,856,Heatstroke,y23,-.3495349263304824
placebo,856,Severe heatstroke,y24,-.127467824892826
placebo,856,Mild cold hypothermia,y33,-.3353512759851153
placebo,856,Moderate cold hypothermia,y34,-.022219776433613
placebo,857,Workload,y11,.2542701945821512
placebo,857,Overload,y12,.1578229815108476
placebo,857,Heatstroke,y23,-.3582233014443516
placebo,857,Severe heatstroke,y24,-.1298664370254591
placebo,857,Mild cold hypothermia,y33,.1957345347627558
placebo,857,Moderate cold hypothermia,y34,.1025571764435848
placebo,858,Workload,y11,1.255144189641255
placebo,858,Overload,y12,2.117393350580648
placebo,858,Heatstroke,y23,.9158458514140388
placebo,858,Severe heatstroke,y24,.4034485786961082
placebo,858,Mild cold hypothermia,y33,-.0175703940073768
placebo,858,Moderate cold hypothermia,y34,-.0934745959570313
placebo,859,Workload,y11,-.5235386431353963
placebo,859,Overload,y12,-1.255960352442375
placebo,859,Heatstroke,y23,-.3439085075897961
placebo,859,Severe heatstroke,y24,-.1251406185766217
placebo,859,Mild cold hypothermia,y33,-.5664433096727385
placebo,859,Moderate cold hypothermia,y34,-.1754600418076539
placebo,860,Workload,y11,.0497550344134529
placebo,860,Overload,y12,1.729136911601281
placebo,860,Heatstroke,y23,-.3146721653315611
placebo,860,Severe heatstroke,y24,-.1149749531650376
placebo,860,Mild cold hypothermia,y33,.0878346090008244
placebo,860,Moderate cold hypothermia,y34,-.2177446205759134
placebo,861,Workload,y11,.4359900115186655
placebo,861,Overload,y12,.6882369954112414
placebo,861,Heatstroke,y23,.435863840206112
placebo,861,Severe heatstroke,y24,.3468318585814978
placebo,861,Mild cold hypothermia,y33,.3646819707446454
placebo,861,Moderate cold hypothermia,y34,.0764548187437241
placebo,862,Workload,y11,-.0660321253175436
placebo,862,Overload,y12,-.3404513787139863
placebo,862,Heatstroke,y23,-.3193221165020618
placebo,862,Severe heatstroke,y24,-.1166450363686068
placebo,862,Mild cold hypothermia,y33,-.0325877858032957
placebo,862,Moderate cold hypothermia,y34,-.063436675716857
placebo,863,Workload,y11,.4447064901226258
placebo,863,Overload,y12,.8997028902599973
placebo,863,Heatstroke,y23,.4472588775297376
placebo,863,Severe heatstroke,y24,.3474276314533781
placebo,863,Mild cold hypothermia,y33,.543965748341663
placebo,863,Moderate cold hypothermia,y34,.0310932285903514
placebo,864,Workload,y11,.62419977716946
placebo,864,Overload,y12,1.85553607838073
placebo,864,Heatstroke,y23,.1824994092802743
placebo,864,Severe heatstroke,y24,-.0518191860834979
placebo,864,Mild cold hypothermia,y33,-.1685617432162032
placebo,864,Moderate cold hypothermia,y34,-.0509040037743163
placebo,865,Workload,y11,-.1036816148263318
placebo,865,Overload,y12,-.1907482118106832
placebo,865,Heatstroke,y23,-.3502607984987797
placebo,865,Severe heatstroke,y24,-.1271730477956869
placebo,865,Mild cold hypothermia,y33,-.0332143841819931
placebo,865,Moderate cold hypothermia,y34,-.0009742119245453
placebo,866,Workload,y11,-.2218838628495731
placebo,866,Overload,y12,-.8672666726180743
placebo,866,Heatstroke,y23,-.3566622210729384
placebo,866,Severe heatstroke,y24,-.1297950966523921
placebo,866,Mild cold hypothermia,y33,.0681257912662024
placebo,866,Moderate cold hypothermia,y34,-.0895753660410606
placebo,867,Workload,y11,-.5274824331242011
placebo,867,Overload,y12,-.5026807223109825
placebo,867,Heatstroke,y23,-.1152439965577895
placebo,867,Severe heatstroke,y24,-.1126274014970249
placebo,867,Mild cold hypothermia,y33,-.4279366133810471
placebo,867,Moderate cold hypothermia,y34,-.2350419356547146
placebo,868,Workload,y11,.1118799711827468
placebo,868,Overload,y12,.8010600846002298
placebo,868,Heatstroke,y23,-.3771556307986061
placebo,868,Severe heatstroke,y24,-.1367523120850355
placebo,868,Mild cold hypothermia,y33,-.1861852319081046
placebo,868,Moderate cold hypothermia,y34,-.1963611049187821
placebo,869,Workload,y11,.1921835327360037
placebo,869,Overload,y12,.8301011588521833
placebo,869,Heatstroke,y23,.4764216894113206
placebo,869,Severe heatstroke,y24,.361987854406276
placebo,869,Mild cold hypothermia,y33,.4538280069292481
placebo,869,Moderate cold hypothermia,y34,-.0670627094192821
placebo,870,Workload,y11,.1880804652157975
placebo,870,Overload,y12,-.4933124621831739
placebo,870,Heatstroke,y23,.4327771644131089
placebo,870,Severe heatstroke,y24,.3483410141457812
placebo,870,Mild cold hypothermia,y33,-.7978332717075868
placebo,870,Moderate cold hypothermia,y34,-.1274370210427347
placebo,871,Workload,y11,-.4474947130791335
placebo,871,Overload,y12,-.4568948361874267
placebo,871,Heatstroke,y23,-.1577426510679069
placebo,871,Severe heatstroke,y24,-.1269838930218403
placebo,871,Mild cold hypothermia,y33,-.6816479036941666
placebo,871,Moderate cold hypothermia,y34,-.1975073540735004
placebo,872,Workload,y11,1.41175036661553
placebo,872,Overload,y12,1.794774074935961
placebo,872,Heatstroke,y23,.4823989425682349
placebo,872,Severe heatstroke,y24,.3636595860779882
placebo,872,Mild cold hypothermia,y33,-.8308955618100157
placebo,872,Moderate cold hypothermia,y34,-.0049034259206983
placebo,873,Workload,y11,-.2023277437627169
placebo,873,Overload,y12,-.4640381932087349
placebo,873,Heatstroke,y23,.4676806748749554
placebo,873,Severe heatstroke,y24,.3647247509605275
placebo,873,Mild cold hypothermia,y33,-.4504452292195386
placebo,873,Moderate cold hypothermia,y34,-.2252886397161368
placebo,874,Workload,y11,.2824437787353517
placebo,874,Overload,y12,.4081496353760096
placebo,874,Heatstroke,y23,.4307928092371776
placebo,874,Severe heatstroke,y24,.3457740996359254
placebo,874,Mild cold hypothermia,y33,.647861034549262
placebo,874,Moderate cold hypothermia,y34,.095496202339037
placebo,875,Workload,y11,-.2711821210575077
placebo,875,Overload,y12,-1.281824258358971
placebo,875,Heatstroke,y23,-.356031240815272
placebo,875,Severe heatstroke,y24,-.1296324586216371
placebo,875,Mild cold hypothermia,y33,.0072586308073814
placebo,875,Moderate cold hypothermia,y34,.0116672999493618
placebo,876,Workload,y11,.419158085655466
placebo,876,Overload,y12,.3789990495629261
placebo,876,Heatstroke,y23,.1124535776440321
placebo,876,Severe heatstroke,y24,-.0723423326673886
placebo,876,Mild cold hypothermia,y33,.1661861016981635
placebo,876,Moderate cold hypothermia,y34,.1358850290317237
placebo,877,Workload,y11,-.7774551747203592
placebo,877,Overload,y12,-1.145870161613591
placebo,877,Heatstroke,y23,-.3075345888382291
placebo,877,Severe heatstroke,y24,-.1128161304284402
placebo,877,Mild cold hypothermia,y33,.0363266283381592
placebo,877,Moderate cold hypothermia,y34,-.0864520484975504
placebo,878,Workload,y11,.3949314438933622
placebo,878,Overload,y12,1.488123243312188
placebo,878,Heatstroke,y23,-.3206671207966003
placebo,878,Severe heatstroke,y24,-.1172591290233051
placebo,878,Mild cold hypothermia,y33,-.4893079192042089
placebo,878,Moderate cold hypothermia,y34,-.0868277246048847
placebo,879,Workload,y11,.0267691267668551
placebo,879,Overload,y12,.2554978556465064
placebo,879,Heatstroke,y23,.1351685047844387
placebo,879,Severe heatstroke,y24,-.0639736613065099
placebo,879,Mild cold hypothermia,y33,.5796969895666748
placebo,879,Moderate cold hypothermia,y34,.0863507070899239
placebo,880,Workload,y11,-.8192160295433685
placebo,880,Overload,y12,-1.577064083457869
placebo,880,Heatstroke,y23,-.3393666753539682
placebo,880,Severe heatstroke,y24,-.1239785562163738
placebo,880,Mild cold hypothermia,y33,.2419724160248512
placebo,880,Moderate cold hypothermia,y34,-.1175250765512166
placebo,881,Workload,y11,-.0726982471139209
placebo,881,Overload,y12,.6533960194691411
placebo,881,Heatstroke,y23,-.3211123748859452
placebo,881,Severe heatstroke,y24,-.1173868356851594
placebo,881,Mild cold hypothermia,y33,-.521431904451047
placebo,881,Moderate cold hypothermia,y34,.4381945142677625
placebo,882,Workload,y11,-.3746116670726608
placebo,882,Overload,y12,-.2841700590227564
placebo,882,Heatstroke,y23,-.3449546406157472
placebo,882,Severe heatstroke,y24,-.1256379773358859
placebo,882,Mild cold hypothermia,y33,-.3008281679010069
placebo,882,Moderate cold hypothermia,y34,-.1973402409165394
placebo,883,Workload,y11,-.0996315264294002
placebo,883,Overload,y12,.5273694727410373
placebo,883,Heatstroke,y23,.4237775909679722
placebo,883,Severe heatstroke,y24,.3405101947733076
placebo,883,Mild cold hypothermia,y33,.4290693244909182
placebo,883,Moderate cold hypothermia,y34,.4210582365200217
placebo,884,Workload,y11,.7514373350253531
placebo,884,Overload,y12,1.101676827370106
placebo,884,Heatstroke,y23,.1462117462674422
placebo,884,Severe heatstroke,y24,-.0611100492324207
placebo,884,Mild cold hypothermia,y33,.4044117512428133
placebo,884,Moderate cold hypothermia,y34,.0988368569134393
placebo,885,Workload,y11,-.877470426122137
placebo,885,Overload,y12,-1.366470562546055
placebo,885,Heatstroke,y23,-.3564007314439944
placebo,885,Severe heatstroke,y24,-.1301048219924021
placebo,885,Mild cold hypothermia,y33,.7181498215799668
placebo,885,Moderate cold hypothermia,y34,-.1415960069659142
placebo,886,Workload,y11,.2450351106048134
placebo,886,Overload,y12,1.316768156519884
placebo,886,Heatstroke,y23,-.1507065755070448
placebo,886,Severe heatstroke,y24,-.1249204615849184
placebo,886,Mild cold hypothermia,y33,.0211364781006987
placebo,886,Moderate cold hypothermia,y34,-.1662185665855299
placebo,887,Workload,y11,.07013163809937
placebo,887,Overload,y12,-.1943522423553305
placebo,887,Heatstroke,y23,-.308853600111982
placebo,887,Severe heatstroke,y24,-.1132050556148462
placebo,887,Mild cold hypothermia,y33,-1.37015655539961
placebo,887,Moderate cold hypothermia,y34,-.2288983442929755
placebo,888,Workload,y11,.515823534737009
placebo,888,Overload,y12,1.31782951498579
placebo,888,Heatstroke,y23,-.334647915189681
placebo,888,Severe heatstroke,y24,-.1219915265357654
placebo,888,Mild cold hypothermia,y33,.8930797913847541
placebo,888,Moderate cold hypothermia,y34,.4994742115203442
placebo,889,Workload,y11,-.4941315611595413
placebo,889,Overload,y12,-.1833263644598572
placebo,889,Heatstroke,y23,-.3294198193416356
placebo,889,Severe heatstroke,y24,-.1199542000277848
placebo,889,Mild cold hypothermia,y33,-.251767528493412
placebo,889,Moderate cold hypothermia,y34,-.1602537078839802
placebo,890,Workload,y11,-.0970188122285941
placebo,890,Overload,y12,-.3542502204480816
placebo,890,Heatstroke,y23,-.3122588037874133
placebo,890,Severe heatstroke,y24,-.1142945188507326
placebo,890,Mild cold hypothermia,y33,.0297726737920193
placebo,890,Moderate cold hypothermia,y34,.2111861532803578
placebo,891,Workload,y11,-.0902518713787128
placebo,891,Overload,y12,-1.310837918703456
placebo,891,Heatstroke,y23,-.3282676889405633
placebo,891,Severe heatstroke,y24,-.1200032610205234
placebo,891,Mild cold hypothermia,y33,-.7601372240710306
placebo,891,Moderate cold hypothermia,y34,.1147137132036917
placebo,892,Workload,y11,-.1229819379499581
placebo,892,Overload,y12,.9588670862910156
placebo,892,Heatstroke,y23,-.1421842142423139
placebo,892,Severe heatstroke,y24,-.1231029041745806
placebo,892,Mild cold hypothermia,y33,.8477664642277927
placebo,892,Moderate cold hypothermia,y34,.5070695221645942
placebo,893,Workload,y11,.4232243351557669
placebo,893,Overload,y12,1.613882091611354
placebo,893,Heatstroke,y23,.1206595886222632
placebo,893,Severe heatstroke,y24,-.0705912854337367
placebo,893,Mild cold hypothermia,y33,-.5351869884955648
placebo,893,Moderate cold hypothermia,y34,-.1125637982151386
placebo,894,Workload,y11,-.1997961012733654
placebo,894,Overload,y12,-.5153244385760481
placebo,894,Heatstroke,y23,-.1481528173954263
placebo,894,Severe heatstroke,y24,-.1242621901462195
placebo,894,Mild cold hypothermia,y33,.7814004963431794
placebo,894,Moderate cold hypothermia,y34,-.1748992093700235
placebo,895,Workload,y11,-.0479741491234873
placebo,895,Overload,y12,-1.991838821373071
placebo,895,Heatstroke,y23,1.111329096503906
placebo,895,Severe heatstroke,y24,.4070565364456665
placebo,895,Mild cold hypothermia,y33,.4215448456198226
placebo,895,Moderate cold hypothermia,y34,-.0243211474828639
placebo,896,Workload,y11,.4975275732800921
placebo,896,Overload,y12,.8066861810335816
placebo,896,Heatstroke,y23,.4405273905272968
placebo,896,Severe heatstroke,y24,.3446244962523756
placebo,896,Mild cold hypothermia,y33,.0894467144726771
placebo,896,Moderate cold hypothermia,y34,.2357885007634915
placebo,897,Workload,y11,-.4126017884636236
placebo,897,Overload,y12,-1.880552686047577
placebo,897,Heatstroke,y23,-.1367422855597853
placebo,897,Severe heatstroke,y24,-.1205357836734001
placebo,897,Mild cold hypothermia,y33,.2555873756163694
placebo,897,Moderate cold hypothermia,y34,.0389611576396733
placebo,898,Workload,y11,-.0754992742255643
placebo,898,Overload,y12,-1.245998562053878
placebo,898,Heatstroke,y23,-.3069862509031772
placebo,898,Severe heatstroke,y24,-.1123931399781172
placebo,898,Mild cold hypothermia,y33,-.245708301165916
placebo,898,Moderate cold hypothermia,y34,.1927678089716169
placebo,899,Workload,y11,-1.102411653465684
placebo,899,Overload,y12,-1.158352934806006
placebo,899,Heatstroke,y23,-.3078390966981954
placebo,899,Severe heatstroke,y24,-.1130201332543968
placebo,899,Mild cold hypothermia,y33,-.0725092652669322
placebo,899,Moderate cold hypothermia,y34,-.0945049985206037
placebo,900,Workload,y11,-.6914866897449297
placebo,900,Overload,y12,.6330969952742143
placebo,900,Heatstroke,y23,-.1852600361824575
placebo,900,Severe heatstroke,y24,-.1387742973521849
placebo,900,Mild cold hypothermia,y33,.901426078685019
placebo,900,Moderate cold hypothermia,y34,-.0169666236212805
placebo,901,Workload,y11,-.2764225112510827
placebo,901,Overload,y12,.0967613056118815
placebo,901,Heatstroke,y23,-.3169475445799968
placebo,901,Severe heatstroke,y24,-.1163931004086794
placebo,901,Mild cold hypothermia,y33,.7153174194572032
placebo,901,Moderate cold hypothermia,y34,.3376498679817174
placebo,902,Workload,y11,.0073340687581459
placebo,902,Overload,y12,-1.631713173571223
placebo,902,Heatstroke,y23,.4489117057514703
placebo,902,Severe heatstroke,y24,.3464371094436517
placebo,902,Mild cold hypothermia,y33,.0068716072061996
placebo,902,Moderate cold hypothermia,y34,-.0884395363123061
placebo,903,Workload,y11,.6757930423005557
placebo,903,Overload,y12,.7636884968898063
placebo,903,Heatstroke,y23,-.1445607048052018
placebo,903,Severe heatstroke,y24,-.1211531337363804
placebo,903,Mild cold hypothermia,y33,-.8272171460652309
placebo,903,Moderate cold hypothermia,y34,-.1487225789868706
placebo,904,Workload,y11,.606265136139816
placebo,904,Overload,y12,1.045392563159899
placebo,904,Heatstroke,y23,.9444010860042719
placebo,904,Severe heatstroke,y24,.4146572097211865
placebo,904,Mild cold hypothermia,y33,-.2990698784197194
placebo,904,Moderate cold hypothermia,y34,-.225046287303514
placebo,905,Workload,y11,.0878339456220918
placebo,905,Overload,y12,-.972400134335733
placebo,905,Heatstroke,y23,.1530528193355309
placebo,905,Severe heatstroke,y24,-.0597860476649828
placebo,905,Mild cold hypothermia,y33,-.6447759714333068
placebo,905,Moderate cold hypothermia,y34,-.2128203783380721
placebo,906,Workload,y11,1.220697562098082
placebo,906,Overload,y12,2.002436113923487
placebo,906,Heatstroke,y23,.4117303750429743
placebo,906,Severe heatstroke,y24,.3346752666679413
placebo,906,Mild cold hypothermia,y33,-.5215395351661951
placebo,906,Moderate cold hypothermia,y34,.2282487264897539
placebo,907,Workload,y11,.2772215152264469
placebo,907,Overload,y12,-1.61234047560154
placebo,907,Heatstroke,y23,.4436767983916087
placebo,907,Severe heatstroke,y24,.3493023051585762
placebo,907,Mild cold hypothermia,y33,-.909783821157745
placebo,907,Moderate cold hypothermia,y34,-.1105646564557806
placebo,908,Workload,y11,-.3034886769129108
placebo,908,Overload,y12,-1.67966998119029
placebo,908,Heatstroke,y23,.3099290195316877
placebo,908,Severe heatstroke,y24,-.0676529302866749
placebo,908,Mild cold hypothermia,y33,.564528599781863
placebo,908,Moderate cold hypothermia,y34,.2561996760167758
placebo,909,Workload,y11,-.3799234087341434
placebo,909,Overload,y12,-1.474718736546845
placebo,909,Heatstroke,y23,.126960767846729
placebo,909,Severe heatstroke,y24,-.071335088177541
placebo,909,Mild cold hypothermia,y33,.3285264381798685
placebo,909,Moderate cold hypothermia,y34,-.1372048483558509
placebo,910,Workload,y11,-.4278492343489596
placebo,910,Overload,y12,-1.871990829172503
placebo,910,Heatstroke,y23,-.3356721819802297
placebo,910,Severe heatstroke,y24,-.1224156089571332
placebo,910,Mild cold hypothermia,y33,-.7266020775342659
placebo,910,Moderate cold hypothermia,y34,.1334281923239677
placebo,911,Workload,y11,-.1457251082599102
placebo,911,Overload,y12,-1.44698564373417
placebo,911,Heatstroke,y23,.3312025566969158
placebo,911,Severe heatstroke,y24,-.059992191360895
placebo,911,Mild cold hypothermia,y33,-.2353377407873865
placebo,911,Moderate cold hypothermia,y34,-.0361775422104087
placebo,912,Workload,y11,-.2109366669294285
placebo,912,Overload,y12,-.1278383478170906
placebo,912,Heatstroke,y23,-.3169660020851277
placebo,912,Severe heatstroke,y24,-.1159195256666934
placebo,912,Mild cold hypothermia,y33,-.6676666492790801
placebo,912,Moderate cold hypothermia,y34,-.1926874766753918
placebo,913,Workload,y11,-.4334136533555796
placebo,913,Overload,y12,-1.167176052739103
placebo,913,Heatstroke,y23,-.3187786448380711
placebo,913,Severe heatstroke,y24,-.1165904748100372
placebo,913,Mild cold hypothermia,y33,-.1541841052694099
placebo,913,Moderate cold hypothermia,y34,.0169117470703848
placebo,914,Workload,y11,-1.035240431362821
placebo,914,Overload,y12,-1.542805665784247
placebo,914,Heatstroke,y23,-.3351370695399517
placebo,914,Severe heatstroke,y24,-.1220987282605823
placebo,914,Mild cold hypothermia,y33,.666967605282362
placebo,914,Moderate cold hypothermia,y34,.2364804592193459
placebo,915,Workload,y11,.5788016094848437
placebo,915,Overload,y12,.655966752361462
placebo,915,Heatstroke,y23,.4783757601570408
placebo,915,Severe heatstroke,y24,.3557292632619483
placebo,915,Mild cold hypothermia,y33,.654116430411836
placebo,915,Moderate cold hypothermia,y34,-.0271005955086834
placebo,916,Workload,y11,-.1140620871754672
placebo,916,Overload,y12,-.1200584591917062
placebo,916,Heatstroke,y23,-.3449479341564273
placebo,916,Severe heatstroke,y24,-.1259240124863476
placebo,916,Mild cold hypothermia,y33,.3553859409783281
placebo,916,Moderate cold hypothermia,y34,.4477299523945469
placebo,917,Workload,y11,-.1775498675462613
placebo,917,Overload,y12,.3158008370622351
placebo,917,Heatstroke,y23,-.3318293212825462
placebo,917,Severe heatstroke,y24,-.1213024943919371
placebo,917,Mild cold hypothermia,y33,.2376028636629588
placebo,917,Moderate cold hypothermia,y34,.1206841657236056
placebo,918,Workload,y11,-.2651575019339527
placebo,918,Overload,y12,-1.352306996943847
placebo,918,Heatstroke,y23,.3880892740122733
placebo,918,Severe heatstroke,y24,.3257680124974767
placebo,918,Mild cold hypothermia,y33,-.6080018544014864
placebo,918,Moderate cold hypothermia,y34,-.1889113043085849
placebo,919,Workload,y11,.1269565708386331
placebo,919,Overload,y12,.9030600892146265
placebo,919,Heatstroke,y23,-.379245445558378
placebo,919,Severe heatstroke,y24,-.1377725144829876
placebo,919,Mild cold hypothermia,y33,1.196149383669956
placebo,919,Moderate cold hypothermia,y34,.2825254760484069
placebo,920,Workload,y11,-.6245780739478117
placebo,920,Overload,y12,-1.405238500055611
placebo,920,Heatstroke,y23,.1670009152339908
placebo,920,Severe heatstroke,y24,-.0556328223955717
placebo,920,Mild cold hypothermia,y33,-.7366317435911255
placebo,920,Moderate cold hypothermia,y34,-.2046742108625174
placebo,921,Workload,y11,.2862272510229847
placebo,921,Overload,y12,-.6098940971771371
placebo,921,Heatstroke,y23,.4788392860812823
placebo,921,Severe heatstroke,y24,.3596718628580854
placebo,921,Mild cold hypothermia,y33,.2876077964241098
placebo,921,Moderate cold hypothermia,y34,.0206769350997169
placebo,922,Workload,y11,1.197905794316821
placebo,922,Overload,y12,1.763469388019204
placebo,922,Heatstroke,y23,.450895894769736
placebo,922,Severe heatstroke,y24,.3485263791066909
placebo,922,Mild cold hypothermia,y33,.9575361515558898
placebo,922,Moderate cold hypothermia,y34,.2543863716711402
placebo,923,Workload,y11,-.7460863998828295
placebo,923,Overload,y12,-.9314131833837126
placebo,923,Heatstroke,y23,-.1665064991031922
placebo,923,Severe heatstroke,y24,-.1322771007912296
placebo,923,Mild cold hypothermia,y33,-1.111550901531664
placebo,923,Moderate cold hypothermia,y34,-.2351422771792447
placebo,924,Workload,y11,-.2076020995762449
placebo,924,Overload,y12,-1.30881676487532
placebo,924,Heatstroke,y23,.0646989823694059
placebo,924,Severe heatstroke,y24,-.0872011359121177
placebo,924,Mild cold hypothermia,y33,-.2355346315544914
placebo,924,Moderate cold hypothermia,y34,.0458162840827821
placebo,925,Workload,y11,-.4328439372712171
placebo,925,Overload,y12,-2.072218728774919
placebo,925,Heatstroke,y23,-.3221201567656085
placebo,925,Severe heatstroke,y24,-.1174894002888265
placebo,925,Mild cold hypothermia,y33,-.2598430919482873
placebo,925,Moderate cold hypothermia,y34,.1225604568564129
placebo,926,Workload,y11,.9938036129932104
placebo,926,Overload,y12,.4515641105820077
placebo,926,Heatstroke,y23,.4454091602079321
placebo,926,Severe heatstroke,y24,.3488767259212524
placebo,926,Mild cold hypothermia,y33,-.3155358462943916
placebo,926,Moderate cold hypothermia,y34,.1950068246220649
placebo,927,Workload,y11,-.0997327685145222
placebo,927,Overload,y12,-.2186300447852933
placebo,927,Heatstroke,y23,-.3445155122004948
placebo,927,Severe heatstroke,y24,-.1254869628555921
placebo,927,Mild cold hypothermia,y33,-.2716673189339419
placebo,927,Moderate cold hypothermia,y34,.0196547122917764
placebo,928,Workload,y11,.7756642752037619
placebo,928,Overload,y12,3.15892317430297
placebo,928,Heatstroke,y23,-.3253647348235209
placebo,928,Severe heatstroke,y24,-.1194503727008621
placebo,928,Mild cold hypothermia,y33,.1396314927182523
placebo,928,Moderate cold hypothermia,y34,-.1195337810945639
placebo,929,Workload,y11,-.926796752508067
placebo,929,Overload,y12,-1.49811374462597
placebo,929,Heatstroke,y23,-.3482194275573416
placebo,929,Severe heatstroke,y24,-.1268486253728955
placebo,929,Mild cold hypothermia,y33,-.4928132205787172
placebo,929,Moderate cold hypothermia,y34,-.1205997093078646
placebo,930,Workload,y11,.2983279829071857
placebo,930,Overload,y12,1.654960756835532
placebo,930,Heatstroke,y23,-.1454739958312913
placebo,930,Severe heatstroke,y24,-.1242705529320574
placebo,930,Mild cold hypothermia,y33,.382442398804285
placebo,930,Moderate cold hypothermia,y34,.1016836705063068
placebo,931,Workload,y11,-.3263678980896339
placebo,931,Overload,y12,-.1512076066363288
placebo,931,Heatstroke,y23,-.3681499818595459
placebo,931,Severe heatstroke,y24,-.1335239062594265
placebo,931,Mild cold hypothermia,y33,-.2220324048150781
placebo,931,Moderate cold hypothermia,y34,-.1520610428283944
placebo,932,Workload,y11,-.3291245215636049
placebo,932,Overload,y12,-.9011229650395383
placebo,932,Heatstroke,y23,-.305408175531043
placebo,932,Severe heatstroke,y24,-.1116671314459625
placebo,932,Mild cold hypothermia,y33,-.9017158458130907
placebo,932,Moderate cold hypothermia,y34,-.157005616896742
placebo,933,Workload,y11,-.5453330019034334
placebo,933,Overload,y12,-.8644544258966007
placebo,933,Heatstroke,y23,-.3569112620779349
placebo,933,Severe heatstroke,y24,-.130200131322594
placebo,933,Mild cold hypothermia,y33,.5417203609314334
placebo,933,Moderate cold hypothermia,y34,.21633247077248
placebo,934,Workload,y11,-.4402755213088097
placebo,934,Overload,y12,-1.555296813193521
placebo,934,Heatstroke,y23,-.3566624664331354
placebo,934,Severe heatstroke,y24,-.1298266610694919
placebo,934,Mild cold hypothermia,y33,.5645110912577314
placebo,934,Moderate cold hypothermia,y34,-.1813010885640507
placebo,935,Workload,y11,.4746952115313677
placebo,935,Overload,y12,1.594181286124782
placebo,935,Heatstroke,y23,.4470383647961694
placebo,935,Severe heatstroke,y24,.3488260182327383
placebo,935,Mild cold hypothermia,y33,.2320761940932123
placebo,935,Moderate cold hypothermia,y34,.0025723368206649
placebo,936,Workload,y11,.7090564797046552
placebo,936,Overload,y12,1.416606144350564
placebo,936,Heatstroke,y23,-.1532662879451292
placebo,936,Severe heatstroke,y24,-.1260501021314373
placebo,936,Mild cold hypothermia,y33,-.7359004290562791
placebo,936,Moderate cold hypothermia,y34,-.0279984486674297
placebo,937,Workload,y11,-.6230680807425578
placebo,937,Overload,y12,-.7214405569621134
placebo,937,Heatstroke,y23,-.384523548214719
placebo,937,Severe heatstroke,y24,-.1393598799037913
placebo,937,Mild cold hypothermia,y33,-.3569907594931559
placebo,937,Moderate cold hypothermia,y34,-.1733093195427958
placebo,938,Workload,y11,-.516811764283006
placebo,938,Overload,y12,-.5112491739307816
placebo,938,Heatstroke,y23,-.3198175967240141
placebo,938,Severe heatstroke,y24,-.1169972105152471
placebo,938,Mild cold hypothermia,y33,-.0896416428888713
placebo,938,Moderate cold hypothermia,y34,-.0654273579759883
placebo,939,Workload,y11,-.2699498673997581
placebo,939,Overload,y12,.413076362571681
placebo,939,Heatstroke,y23,.6174116060725813
placebo,939,Severe heatstroke,y24,.3412330336939648
placebo,939,Mild cold hypothermia,y33,.047080663646667
placebo,939,Moderate cold hypothermia,y34,.3919003030588863
placebo,940,Workload,y11,.0814331041174725
placebo,940,Overload,y12,.5351599778777124
placebo,940,Heatstroke,y23,-.3553964059615617
placebo,940,Severe heatstroke,y24,-.1295931217423701
placebo,940,Mild cold hypothermia,y33,-.0069051865291438
placebo,940,Moderate cold hypothermia,y34,.3783437946435301
placebo,941,Workload,y11,-.5634168081905299
placebo,941,Overload,y12,-.9811293780246554
placebo,941,Heatstroke,y23,-.3161199897447209
placebo,941,Severe heatstroke,y24,-.1152775448022996
placebo,941,Mild cold hypothermia,y33,-1.392065413030232
placebo,941,Moderate cold hypothermia,y34,-.2177184364030964
placebo,942,Workload,y11,.724920012897764
placebo,942,Overload,y12,2.010077252388578
placebo,942,Heatstroke,y23,.4761653665060568
placebo,942,Severe heatstroke,y24,.3597923785800509
placebo,942,Mild cold hypothermia,y33,.3949010437322131
placebo,942,Moderate cold hypothermia,y34,-.0920277809911726
placebo,943,Workload,y11,-.6577742468107278
placebo,943,Overload,y12,-1.563372651401042
placebo,943,Heatstroke,y23,-.3088192588731026
placebo,943,Severe heatstroke,y24,-.112883375481407
placebo,943,Mild cold hypothermia,y33,-.0197418390855389
placebo,943,Moderate cold hypothermia,y34,.2369396088886268
placebo,944,Workload,y11,.3287012652955474
placebo,944,Overload,y12,-.4882158572552981
placebo,944,Heatstroke,y23,-.2831974577907178
placebo,944,Severe heatstroke,y24,-.1041892787381593
placebo,944,Mild cold hypothermia,y33,-.1845408890444117
placebo,944,Moderate cold hypothermia,y34,.2570535369583212
placebo,945,Workload,y11,-.8088984203526238
placebo,945,Overload,y12,-1.621178209556275
placebo,945,Heatstroke,y23,-.1291460100288974
placebo,945,Severe heatstroke,y24,-.1167958196803461
placebo,945,Mild cold hypothermia,y33,-.3018335105803336
placebo,945,Moderate cold hypothermia,y34,-.1142758573061275
placebo,946,Workload,y11,1.036992363292137
placebo,946,Overload,y12,1.883337863982396
placebo,946,Heatstroke,y23,.491707189423115
placebo,946,Severe heatstroke,y24,.3648821470329328
placebo,946,Mild cold hypothermia,y33,.1333354960741768
placebo,946,Moderate cold hypothermia,y34,.3210645261856575
placebo,947,Workload,y11,-.0865326442930029
placebo,947,Overload,y12,-.0213918871445881
placebo,947,Heatstroke,y23,-.2946552329210486
placebo,947,Severe heatstroke,y24,-.1081708463291628
placebo,947,Mild cold hypothermia,y33,.0708349639000176
placebo,947,Moderate cold hypothermia,y34,.1705630607428878
placebo,948,Workload,y11,-.3053117650192148
placebo,948,Overload,y12,-1.753809153096665
placebo,948,Heatstroke,y23,-.16213648307142
placebo,948,Severe heatstroke,y24,-.127900278153766
placebo,948,Mild cold hypothermia,y33,.1911460128725793
placebo,948,Moderate cold hypothermia,y34,-.1943882489655622
placebo,949,Workload,y11,-.1320818381764247
placebo,949,Overload,y12,-.4849493008850594
placebo,949,Heatstroke,y23,.1335946488498659
placebo,949,Severe heatstroke,y24,-.0639052032413043
placebo,949,Mild cold hypothermia,y33,-.4768935421101683
placebo,949,Moderate cold hypothermia,y34,.3281094770021586
placebo,950,Workload,y11,.3531390509250265
placebo,950,Overload,y12,.8906949471354364
placebo,950,Heatstroke,y23,-.3426448429172352
placebo,950,Severe heatstroke,y24,-.1249922113708317
placebo,950,Mild cold hypothermia,y33,.4216468951178172
placebo,950,Moderate cold hypothermia,y34,.3318527955497893
placebo,951,Workload,y11,-.2591034783894784
placebo,951,Overload,y12,1.790349049534742
placebo,951,Heatstroke,y23,-.3186016296512111
placebo,951,Severe heatstroke,y24,-.1165041953169795
placebo,951,Mild cold hypothermia,y33,-.3163700379613205
placebo,951,Moderate cold hypothermia,y34,-.145885475945976
placebo,952,Workload,y11,-.4367494807484278
placebo,952,Overload,y12,-1.508002612571369
placebo,952,Heatstroke,y23,.4690113061434631
placebo,952,Severe heatstroke,y24,.3592944363457272
placebo,952,Mild cold hypothermia,y33,-.3490207735207465
placebo,952,Moderate cold hypothermia,y34,.1875271348041004
placebo,953,Workload,y11,.9272062878476977
placebo,953,Overload,y12,.9704756804871413
placebo,953,Heatstroke,y23,.9045238396799844
placebo,953,Severe heatstroke,y24,.4003668995730098
placebo,953,Mild cold hypothermia,y33,-.5162963546482464
placebo,953,Moderate cold hypothermia,y34,.0088189048317916
placebo,954,Workload,y11,.3843523513559748
placebo,954,Overload,y12,.3038267277804806
placebo,954,Heatstroke,y23,-.1286647501948553
placebo,954,Severe heatstroke,y24,-.1174245048222487
placebo,954,Mild cold hypothermia,y33,-.2147233370271652
placebo,954,Moderate cold hypothermia,y34,-.1161831489161538
placebo,955,Workload,y11,-.1300245718965314
placebo,955,Overload,y12,1.176628394408496
placebo,955,Heatstroke,y23,-.1992027388755142
placebo,955,Severe heatstroke,y24,-.139450938251663
placebo,955,Mild cold hypothermia,y33,.1140174644318177
placebo,955,Moderate cold hypothermia,y34,.2522222656467985
placebo,956,Workload,y11,-.4831944783855486
placebo,956,Overload,y12,-.6814986381240573
placebo,956,Heatstroke,y23,-.365773512958088
placebo,956,Severe heatstroke,y24,-.1327441355742786
placebo,956,Mild cold hypothermia,y33,.1321124448522514
placebo,956,Moderate cold hypothermia,y34,-.1983718739835125
placebo,957,Workload,y11,-.2305396375821967
placebo,957,Overload,y12,-.9629689943286164
placebo,957,Heatstroke,y23,-.1275882262794643
placebo,957,Severe heatstroke,y24,-.1159492837605881
placebo,957,Mild cold hypothermia,y33,-1.131506753650367
placebo,957,Moderate cold hypothermia,y34,-.1179542051587332
placebo,958,Workload,y11,.1688243269334818
placebo,958,Overload,y12,.8295025896798038
placebo,958,Heatstroke,y23,.4292021479015383
placebo,958,Severe heatstroke,y24,.3412128250171726
placebo,958,Mild cold hypothermia,y33,1.138896197453911
placebo,958,Moderate cold hypothermia,y34,.1221761749564104
placebo,959,Workload,y11,1.952583357829897
placebo,959,Overload,y12,2.345042902762217
placebo,959,Heatstroke,y23,.9155868354566126
placebo,959,Severe heatstroke,y24,.4032904319790068
placebo,959,Mild cold hypothermia,y33,-.2630433697970551
placebo,959,Moderate cold hypothermia,y34,-.0104770185539383
placebo,960,Workload,y11,-.7019327233746414
placebo,960,Overload,y12,-1.453114234072171
placebo,960,Heatstroke,y23,-.3409985447629685
placebo,960,Severe heatstroke,y24,-.1244689721901138
placebo,960,Mild cold hypothermia,y33,.3294250437694374
placebo,960,Moderate cold hypothermia,y34,-.0133198913080405
placebo,961,Workload,y11,.1464388901676038
placebo,961,Overload,y12,.871143061743831
placebo,961,Heatstroke,y23,-.32247025306686
placebo,961,Severe heatstroke,y24,-.1181949822582147
placebo,961,Mild cold hypothermia,y33,.7504808559171349
placebo,961,Moderate cold hypothermia,y34,.1836066147195366
placebo,962,Workload,y11,-.8028620179498699
placebo,962,Overload,y12,-1.433188242739046
placebo,962,Heatstroke,y23,-.2992139772024393
placebo,962,Severe heatstroke,y24,-.1096663914315689
placebo,962,Mild cold hypothermia,y33,-.0799815151500975
placebo,962,Moderate cold hypothermia,y34,-.1137066880181263
placebo,963,Workload,y11,.5310451679305133
placebo,963,Overload,y12,1.267655523923032
placebo,963,Heatstroke,y23,.1423322266077033
placebo,963,Severe heatstroke,y24,-.0630237258951097
placebo,963,Mild cold hypothermia,y33,.4308451335407371
placebo,963,Moderate cold hypothermia,y34,.4338258133530143
placebo,964,Workload,y11,.4718182418814251
placebo,964,Overload,y12,.7142401312685485
placebo,964,Heatstroke,y23,.154874443324498
placebo,964,Severe heatstroke,y24,-.0595820905206627
placebo,964,Mild cold hypothermia,y33,-.2369660500890222
placebo,964,Moderate cold hypothermia,y34,-.1863093648662073
placebo,965,Workload,y11,-.2469906391463584
placebo,965,Overload,y12,-.140043987170243
placebo,965,Heatstroke,y23,.6533821769955837
placebo,965,Severe heatstroke,y24,.3568732920713837
placebo,965,Mild cold hypothermia,y33,-.0618342869008977
placebo,965,Moderate cold hypothermia,y34,.0645062562826454
placebo,966,Workload,y11,-.780856885525021
placebo,966,Overload,y12,-2.4320584716844
placebo,966,Heatstroke,y23,-.3178342001822737
placebo,966,Severe heatstroke,y24,-.1163112088462211
placebo,966,Mild cold hypothermia,y33,-.8393033510549941
placebo,966,Moderate cold hypothermia,y34,-.2025747672137705
placebo,967,Workload,y11,-.5204772324485671
placebo,967,Overload,y12,-2.08639587237403
placebo,967,Heatstroke,y23,-.3643927556383256
placebo,967,Severe heatstroke,y24,-.1322590703560064
placebo,967,Mild cold hypothermia,y33,-.5455476749465668
placebo,967,Moderate cold hypothermia,y34,.3108976792964732
placebo,968,Workload,y11,-.6579104869384539
placebo,968,Overload,y12,-.6292236354450846
placebo,968,Heatstroke,y23,-.3409620611213954
placebo,968,Severe heatstroke,y24,-.1240353074655197
placebo,968,Mild cold hypothermia,y33,-.0221481616702237
placebo,968,Moderate cold hypothermia,y34,-.1880311414363458
placebo,969,Workload,y11,-.3153951242725742
placebo,969,Overload,y12,-3.070970424693534
placebo,969,Heatstroke,y23,.1443980831998542
placebo,969,Severe heatstroke,y24,-.0649540267727179
placebo,969,Mild cold hypothermia,y33,.1196648625875117
placebo,969,Moderate cold hypothermia,y34,-.2030404265112381
placebo,970,Workload,y11,.0148174588371231
placebo,970,Overload,y12,1.293866660564722
placebo,970,Heatstroke,y23,-.322176530577398
placebo,970,Severe heatstroke,y24,-.118131267106716
placebo,970,Mild cold hypothermia,y33,-.3799076828458123
placebo,970,Moderate cold hypothermia,y34,-.1222795482858205
placebo,971,Workload,y11,-.1745364988006081
placebo,971,Overload,y12,-1.298708989551785
placebo,971,Heatstroke,y23,-.3685528455953168
placebo,971,Severe heatstroke,y24,-.1339093592993624
placebo,971,Mild cold hypothermia,y33,-.541694049686442
placebo,971,Moderate cold hypothermia,y34,-.1504332604554124
placebo,972,Workload,y11,.1761702654397111
placebo,972,Overload,y12,1.404313077109232
placebo,972,Heatstroke,y23,-.3253956367006947
placebo,972,Severe heatstroke,y24,-.1187899987495565
placebo,972,Mild cold hypothermia,y33,-.3480774847320365
placebo,972,Moderate cold hypothermia,y34,-.1416571388348467
placebo,973,Workload,y11,.1741345715880883
placebo,973,Overload,y12,-.5524820939544337
placebo,973,Heatstroke,y23,.309380642765148
placebo,973,Severe heatstroke,y24,-.0696544286241892
placebo,973,Mild cold hypothermia,y33,-.2476063280443541
placebo,973,Moderate cold hypothermia,y34,.1277682724586968
placebo,974,Workload,y11,-.809949046336655
placebo,974,Overload,y12,-1.923004195257567
placebo,974,Heatstroke,y23,-.1769068239573386
placebo,974,Severe heatstroke,y24,-.1331907679382573
placebo,974,Mild cold hypothermia,y33,-.3190694247300173
placebo,974,Moderate cold hypothermia,y34,-.0398858948556317
placebo,975,Workload,y11,.8342703586082064
placebo,975,Overload,y12,2.342913425582908
placebo,975,Heatstroke,y23,-.401016182437064
placebo,975,Severe heatstroke,y24,-.1449645635736015
placebo,975,Mild cold hypothermia,y33,.0885742807010607
placebo,975,Moderate cold hypothermia,y34,-.038097312616031
placebo,976,Workload,y11,.070367786748666
placebo,976,Overload,y12,.8159197133090833
placebo,976,Heatstroke,y23,-.3139463855125438
placebo,976,Severe heatstroke,y24,-.1152922203780371
placebo,976,Mild cold hypothermia,y33,-.5531710948006293
placebo,976,Moderate cold hypothermia,y34,.198895345496874
placebo,977,Workload,y11,-.5645629617738952
placebo,977,Overload,y12,-.8120110140671702
placebo,977,Heatstroke,y23,-.3573841225136081
placebo,977,Severe heatstroke,y24,-.1296993140067967
placebo,977,Mild cold hypothermia,y33,.194445848167963
placebo,977,Moderate cold hypothermia,y34,.273150828527926
placebo,978,Workload,y11,.0018139556464878
placebo,978,Overload,y12,-.1253867571361671
placebo,978,Heatstroke,y23,-.1382954260287416
placebo,978,Severe heatstroke,y24,-.1213083136934903
placebo,978,Mild cold hypothermia,y33,.3219777270612133
placebo,978,Moderate cold hypothermia,y34,-.2038728021410316
placebo,979,Workload,y11,-.1847034880657004
placebo,979,Overload,y12,.0579580050462594
placebo,979,Heatstroke,y23,.1705828376539651
placebo,979,Severe heatstroke,y24,-.0566447457275085
placebo,979,Mild cold hypothermia,y33,.555476787401295
placebo,979,Moderate cold hypothermia,y34,.0542129089903476
placebo,980,Workload,y11,.2110099424944687
placebo,980,Overload,y12,-.4457788797084755
placebo,980,Heatstroke,y23,-.3471550563812554
placebo,980,Severe heatstroke,y24,-.1268586169249399
placebo,980,Mild cold hypothermia,y33,.4756994372612852
placebo,980,Moderate cold hypothermia,y34,.436792550340059
placebo,981,Workload,y11,.5916896313671531
placebo,981,Overload,y12,2.55434249431858
placebo,981,Heatstroke,y23,-.3217952693663132
placebo,981,Severe heatstroke,y24,-.1178981074116487
placebo,981,Mild cold hypothermia,y33,.3149032850353021
placebo,981,Moderate cold hypothermia,y34,.1697115050438803
placebo,982,Workload,y11,-.7859738381085747
placebo,982,Overload,y12,-.0200753313327904
placebo,982,Heatstroke,y23,-.3010626290537272
placebo,982,Severe heatstroke,y24,-.1105078522357782
placebo,982,Mild cold hypothermia,y33,.5059346516438992
placebo,982,Moderate cold hypothermia,y34,.2481237082617928
placebo,983,Workload,y11,.7643279376096468
placebo,983,Overload,y12,1.646432192222602
placebo,983,Heatstroke,y23,.6495165657972505
placebo,983,Severe heatstroke,y24,.3508090761346808
placebo,983,Mild cold hypothermia,y33,.3873652023120288
placebo,983,Moderate cold hypothermia,y34,-.0419940865463435
placebo,984,Workload,y11,-1.017087918854981
placebo,984,Overload,y12,-3.116173052122943
placebo,984,Heatstroke,y23,-.3352831262150839
placebo,984,Severe heatstroke,y24,-.1223675918526371
placebo,984,Mild cold hypothermia,y33,-.641955277012794
placebo,984,Moderate cold hypothermia,y34,-.2067520339267299
placebo,985,Workload,y11,.1237100339133288
placebo,985,Overload,y12,-.7393881376100464
placebo,985,Heatstroke,y23,.3418337353512317
placebo,985,Severe heatstroke,y24,-.062037032077974
placebo,985,Mild cold hypothermia,y33,.6128740022380287
placebo,985,Moderate cold hypothermia,y34,.2332503936842872
placebo,986,Workload,y11,1.216708884603808
placebo,986,Overload,y12,.9690539789664229
placebo,986,Heatstroke,y23,.9403585252810268
placebo,986,Severe heatstroke,y24,.4140741093749194
placebo,986,Mild cold hypothermia,y33,.0210483798133924
placebo,986,Moderate cold hypothermia,y34,-.1689777318313608
placebo,987,Workload,y11,-.4955707262861071
placebo,987,Overload,y12,-1.852860445935846
placebo,987,Heatstroke,y23,.4877477426407567
placebo,987,Severe heatstroke,y24,.3653128749386906
placebo,987,Mild cold hypothermia,y33,.4740072556353384
placebo,987,Moderate cold hypothermia,y34,-.1203463485205026
placebo,988,Workload,y11,.0192910704706792
placebo,988,Overload,y12,-.2090299393738119
placebo,988,Heatstroke,y23,.1296771867983489
placebo,988,Severe heatstroke,y24,-.0673445059354975
placebo,988,Mild cold hypothermia,y33,.5764377869136219
placebo,988,Moderate cold hypothermia,y34,-.0123593615803015
placebo,989,Workload,y11,.3622188333938149
placebo,989,Overload,y12,-.113081430596969
placebo,989,Heatstroke,y23,.4209362212495938
placebo,989,Severe heatstroke,y24,.3426532943259212
placebo,989,Mild cold hypothermia,y33,-.4874833208453813
placebo,989,Moderate cold hypothermia,y34,-.1946005705181251
placebo,990,Workload,y11,-.2099997295771213
placebo,990,Overload,y12,.3832093317091959
placebo,990,Heatstroke,y23,.1641697725640542
placebo,990,Severe heatstroke,y24,-.0581985786607781
placebo,990,Mild cold hypothermia,y33,.5222917378794952
placebo,990,Moderate cold hypothermia,y34,-.0751243447583682
placebo,991,Workload,y11,1.005213867085445
placebo,991,Overload,y12,1.512619500981064
placebo,991,Heatstroke,y23,.400624910062111
placebo,991,Severe heatstroke,y24,.3322125457764053
placebo,991,Mild cold hypothermia,y33,.0544320930097261
placebo,991,Moderate cold hypothermia,y34,.0908829432421652
placebo,992,Workload,y11,.3351128347547314
placebo,992,Overload,y12,.3122504342032866
placebo,992,Heatstroke,y23,.4679927569080629
placebo,992,Severe heatstroke,y24,.3576058487085171
placebo,992,Mild cold hypothermia,y33,-.3069537717362661
placebo,992,Moderate cold hypothermia,y34,-.1195055720494024
placebo,993,Workload,y11,-.834992196229343
placebo,993,Overload,y12,-.5626771599159919
placebo,993,Heatstroke,y23,-.3462290836627247
placebo,993,Severe heatstroke,y24,-.1259458849322371
placebo,993,Mild cold hypothermia,y33,.311920855139302
placebo,993,Moderate cold hypothermia,y34,-.1164058897620243
placebo,994,Workload,y11,-.0015572921378451
placebo,994,Overload,y12,-1.244401462850941
placebo,994,Heatstroke,y23,-.3272159970459643
placebo,994,Severe heatstroke,y24,-.119371109588929
placebo,994,Mild cold hypothermia,y33,-.7001948684100345
placebo,994,Moderate cold hypothermia,y34,-.1551008543884783
placebo,995,Workload,y11,.0097073778793143
placebo,995,Overload,y12,1.6323207633913
placebo,995,Heatstroke,y23,-.3691640175543757
placebo,995,Severe heatstroke,y24,-.1337010815276155
placebo,995,Mild cold hypothermia,y33,.4035325485728781
placebo,995,Moderate cold hypothermia,y34,.0873188403028254
placebo,996,Workload,y11,-.800162613333348
placebo,996,Overload,y12,-.5370304775128774
placebo,996,Heatstroke,y23,-.3247778192527707
placebo,996,Severe heatstroke,y24,-.1187249811108576
placebo,996,Mild cold hypothermia,y33,.7904928551507781
placebo,996,Moderate cold hypothermia,y34,.3610345011125616
placebo,997,Workload,y11,.2428580923358032
placebo,997,Overload,y12,-.7663806781639785
placebo,997,Heatstroke,y23,.4717031897139908
placebo,997,Severe heatstroke,y24,.357058459317441
placebo,997,Mild cold hypothermia,y33,-.4930432833510246
placebo,997,Moderate cold hypothermia,y34,-.1961206990099613
placebo,998,Workload,y11,-.2112921241534973
placebo,998,Overload,y12,-.6691828764857386
placebo,998,Heatstroke,y23,-.3197983112935178
placebo,998,Severe heatstroke,y24,-.1173832666035119
placebo,998,Mild cold hypothermia,y33,.5439889720419635
placebo,998,Moderate cold hypothermia,y34,.2741428350803484
placebo,999,Workload,y11,.4614527139812134
placebo,999,Overload,y12,-.0732897320719543
placebo,999,Heatstroke,y23,.347122887360372
placebo,999,Severe heatstroke,y24,-.0569009517174121
placebo,999,Mild cold hypothermia,y33,-.2892407685738564
placebo,999,Moderate cold hypothermia,y34,-.228099789484041
placebo,1000,Workload,y11,-.7068385017554543
placebo,1000,Overload,y12,-1.239720213876078
placebo,1000,Heatstroke,y23,-.3527972072086374
placebo,1000,Severe heatstroke,y24,-.1284574708535496
placebo,1000,Mild cold hypothermia,y33,.3269773872340479
placebo,1000,Moderate cold hypothermia,y34,-.1426386190662075
